image_path,relative_path,filename,label,class_name,annotation_source,split
C:\Users\al774\.cache\kagglehub\datasets\vadimzavadskyi\kolektorsdd2-ksdd2\versions\1\test\20000.png,test\20000.png,20000.png,0,normal,gt_mask_empty,train
C:\Users\al774\.cache\kagglehub\datasets\vadimzavadskyi\kolektorsdd2-ksdd2\versions\1\test\20001.png,test\20001.png,20001.png,0,normal,gt_mask_empty,test
C:\Users\al774\.cache\kagglehub\datasets\vadimzavadskyi\kolektorsdd2-ksdd2\versions\1\test\20002.png,test\20002.png,20002.png,0,normal,gt_mask_empty,train
C:\Users\al774\.cache\kagglehub\datasets\vadimzavadskyi\kolektorsdd2-ksdd2\versions\1\test\20003.png,test\20003.png,20003.png,0,normal,gt_mask_empty,val
C:\Users\al774\.cache\kagglehub\datasets\vadimzavadskyi\kolektorsdd2-ksdd2\versions\1\test\20004.png,test\20004.png,20004.png,0,normal,gt_mask_empty,test
C:\Users\al774\.cache\kagglehub\datasets\vadimzavadskyi\kolektorsdd2-ksdd2\versions\1\test\20005.png,test\20005.png,20005.png,0,normal,gt_mask_empty,val
C:\Users\al774\.cache\kagglehub\datasets\vadimzavadskyi\kolektorsdd2-ksdd2\versions\1\test\20006.png,test\20006.png,20006.png,0,normal,gt_mask_empty,train
C:\Users\al774\.cache\kagglehub\datasets\vadimzavadskyi\kolektorsdd2-ksdd2\versions\1\test\20007.png,test\20007.png,20007.png,0,normal,gt_mask_empty,train
C:\Users\al774\.cache\kagglehub\datasets\vadimzavadskyi\kolektorsdd2-ksdd2\versions\1\test\20008.png,test\20008.png,20008.png,0,normal,gt_mask_empty,train
C:\Users\al774\.cache\kagglehub\datasets\vadimzavadskyi\kolektorsdd2-ksdd2\versions\1\test\20009.png,test\20009.png,20009.png,0,normal,gt_mask_empty,test
C:\Users\al774\.cache\kagglehub\datasets\vadimzavadskyi\kolektorsdd2-ksdd2\versions\1\test\20010.png,test\20010.png,20010.png,0,normal,gt_mask_empty,train
C:\Users\al774\.cache\kagglehub\datasets\vadimzavadskyi\kolektorsdd2-ksdd2\versions\1\test\20011.png,test\20011.png,20011.png,0,normal,gt_mask_empty,val
C:\Users\al774\.cache\kagglehub\datasets\vadimzavadskyi\kolektorsdd2-ksdd2\versions\1\test\20012.png,test\20012.png,20012.png,0,normal,gt_mask_empty,train
C:\Users\al774\.cache\kagglehub\datasets\vadimzavadskyi\kolektorsdd2-ksdd2\versions\1\test\20013.png,test\20013.png,20013.png,0,normal,gt_mask_empty,train
C:\Users\al774\.cache\kagglehub\datasets\vadimzavadskyi\kolektorsdd2-ksdd2\versions\1\test\20014.png,test\20014.png,20014.png,0,normal,gt_mask_empty,train
C:\Users\al774\.cache\kagglehub\datasets\vadimzavadskyi\kolektorsdd2-ksdd2\versions\1\test\20015.png,test\20015.png,20015.png,0,normal,gt_mask_empty,train
C:\Users\al774\.cache\kagglehub\datasets\vadimzavadskyi\kolektorsdd2-ksdd2\versions\1\test\20016.png,test\20016.png,20016.png,0,normal,gt_mask_empty,val
C:\Users\al774\.cache\kagglehub\datasets\vadimzavadskyi\kolektorsdd2-ksdd2\versions\1\test\20017.png,test\20017.png,20017.png,0,normal,gt_mask_empty,train
C:\Users\al774\.cache\kagglehub\datasets\vadimzavadskyi\kolektorsdd2-ksdd2\versions\1\test\20018.png,test\20018.png,20018.png,0,normal,gt_mask_empty,train
C:\Users\al774\.cache\kagglehub\datasets\vadimzavadskyi\kolektorsdd2-ksdd2\versions\1\test\20019.png,test\20019.png,20019.png,0,normal,gt_mask_empty,val
C:\Users\al774\.cache\kagglehub\datasets\vadimzavadskyi\kolektorsdd2-ksdd2\versions\1\test\20020.png,test\20020.png,20020.png,0,normal,gt_mask_empty,train
C:\Users\al774\.cache\kagglehub\datasets\vadimzavadskyi\kolektorsdd2-ksdd2\versions\1\test\20021.png,test\20021.png,20021.png,0,normal,gt_mask_empty,val
C:\Users\al774\.cache\kagglehub\datasets\vadimzavadskyi\kolektorsdd2-ksdd2\versions\1\test\20022.png,test\20022.png,20022.png,0,normal,gt_mask_empty,train
C:\Users\al774\.cache\kagglehub\datasets\vadimzavadskyi\kolektorsdd2-ksdd2\versions\1\test\20023.png,test\20023.png,20023.png,0,normal,gt_mask_empty,train
C:\Users\al774\.cache\kagglehub\datasets\vadimzavadskyi\kolektorsdd2-ksdd2\versions\1\test\20024.png,test\20024.png,20024.png,0,normal,gt_mask_empty,train
C:\Users\al774\.cache\kagglehub\datasets\vadimzavadskyi\kolektorsdd2-ksdd2\versions\1\test\20025.png,test\20025.png,20025.png,0,normal,gt_mask_empty,train
C:\Users\al774\.cache\kagglehub\datasets\vadimzavadskyi\kolektorsdd2-ksdd2\versions\1\test\20026.png,test\20026.png,20026.png,0,normal,gt_mask_empty,train
C:\Users\al774\.cache\kagglehub\datasets\vadimzavadskyi\kolektorsdd2-ksdd2\versions\1\test\20027.png,test\20027.png,20027.png,0,normal,gt_mask_empty,test
C:\Users\al774\.cache\kagglehub\datasets\vadimzavadskyi\kolektorsdd2-ksdd2\versions\1\test\20028.png,test\20028.png,20028.png,0,normal,gt_mask_empty,train
C:\Users\al774\.cache\kagglehub\datasets\vadimzavadskyi\kolektorsdd2-ksdd2\versions\1\test\20029.png,test\20029.png,20029.png,0,normal,gt_mask_empty,train
C:\Users\al774\.cache\kagglehub\datasets\vadimzavadskyi\kolektorsdd2-ksdd2\versions\1\test\20030.png,test\20030.png,20030.png,0,normal,gt_mask_empty,train
C:\Users\al774\.cache\kagglehub\datasets\vadimzavadskyi\kolektorsdd2-ksdd2\versions\1\test\20031.png,test\20031.png,20031.png,0,normal,gt_mask_empty,train
C:\Users\al774\.cache\kagglehub\datasets\vadimzavadskyi\kolektorsdd2-ksdd2\versions\1\test\20032.png,test\20032.png,20032.png,0,normal,gt_mask_empty,train
C:\Users\al774\.cache\kagglehub\datasets\vadimzavadskyi\kolektorsdd2-ksdd2\versions\1\test\20033.png,test\20033.png,20033.png,0,normal,gt_mask_empty,train
C:\Users\al774\.cache\kagglehub\datasets\vadimzavadskyi\kolektorsdd2-ksdd2\versions\1\test\20034.png,test\20034.png,20034.png,0,normal,gt_mask_empty,val
C:\Users\al774\.cache\kagglehub\datasets\vadimzavadskyi\kolektorsdd2-ksdd2\versions\1\test\20035.png,test\20035.png,20035.png,0,normal,gt_mask_empty,test
C:\Users\al774\.cache\kagglehub\datasets\vadimzavadskyi\kolektorsdd2-ksdd2\versions\1\test\20036.png,test\20036.png,20036.png,0,normal,gt_mask_empty,test
C:\Users\al774\.cache\kagglehub\datasets\vadimzavadskyi\kolektorsdd2-ksdd2\versions\1\test\20037.png,test\20037.png,20037.png,0,normal,gt_mask_empty,train
C:\Users\al774\.cache\kagglehub\datasets\vadimzavadskyi\kolektorsdd2-ksdd2\versions\1\test\20038.png,test\20038.png,20038.png,0,normal,gt_mask_empty,test
C:\Users\al774\.cache\kagglehub\datasets\vadimzavadskyi\kolektorsdd2-ksdd2\versions\1\test\20039.png,test\20039.png,20039.png,0,normal,gt_mask_empty,train
C:\Users\al774\.cache\kagglehub\datasets\vadimzavadskyi\kolektorsdd2-ksdd2\versions\1\test\20040.png,test\20040.png,20040.png,0,normal,gt_mask_empty,test
C:\Users\al774\.cache\kagglehub\datasets\vadimzavadskyi\kolektorsdd2-ksdd2\versions\1\test\20041.png,test\20041.png,20041.png,0,normal,gt_mask_empty,train
C:\Users\al774\.cache\kagglehub\datasets\vadimzavadskyi\kolektorsdd2-ksdd2\versions\1\test\20042.png,test\20042.png,20042.png,1,defective,gt_mask_defect(max_val=255),val
C:\Users\al774\.cache\kagglehub\datasets\vadimzavadskyi\kolektorsdd2-ksdd2\versions\1\test\20043.png,test\20043.png,20043.png,0,normal,gt_mask_empty,test
C:\Users\al774\.cache\kagglehub\datasets\vadimzavadskyi\kolektorsdd2-ksdd2\versions\1\test\20044.png,test\20044.png,20044.png,0,normal,gt_mask_empty,train
C:\Users\al774\.cache\kagglehub\datasets\vadimzavadskyi\kolektorsdd2-ksdd2\versions\1\test\20045.png,test\20045.png,20045.png,0,normal,gt_mask_empty,train
C:\Users\al774\.cache\kagglehub\datasets\vadimzavadskyi\kolektorsdd2-ksdd2\versions\1\test\20046.png,test\20046.png,20046.png,0,normal,gt_mask_empty,train
C:\Users\al774\.cache\kagglehub\datasets\vadimzavadskyi\kolektorsdd2-ksdd2\versions\1\test\20047.png,test\20047.png,20047.png,0,normal,gt_mask_empty,test
C:\Users\al774\.cache\kagglehub\datasets\vadimzavadskyi\kolektorsdd2-ksdd2\versions\1\test\20048.png,test\20048.png,20048.png,0,normal,gt_mask_empty,test
C:\Users\al774\.cache\kagglehub\datasets\vadimzavadskyi\kolektorsdd2-ksdd2\versions\1\test\20049.png,test\20049.png,20049.png,0,normal,gt_mask_empty,train
C:\Users\al774\.cache\kagglehub\datasets\vadimzavadskyi\kolektorsdd2-ksdd2\versions\1\test\20050.png,test\20050.png,20050.png,0,normal,gt_mask_empty,train
C:\Users\al774\.cache\kagglehub\datasets\vadimzavadskyi\kolektorsdd2-ksdd2\versions\1\test\20051.png,test\20051.png,20051.png,0,normal,gt_mask_empty,val
C:\Users\al774\.cache\kagglehub\datasets\vadimzavadskyi\kolektorsdd2-ksdd2\versions\1\test\20052.png,test\20052.png,20052.png,0,normal,gt_mask_empty,train
C:\Users\al774\.cache\kagglehub\datasets\vadimzavadskyi\kolektorsdd2-ksdd2\versions\1\test\20053.png,test\20053.png,20053.png,0,normal,gt_mask_empty,train
C:\Users\al774\.cache\kagglehub\datasets\vadimzavadskyi\kolektorsdd2-ksdd2\versions\1\test\20054.png,test\20054.png,20054.png,0,normal,gt_mask_empty,train
C:\Users\al774\.cache\kagglehub\datasets\vadimzavadskyi\kolektorsdd2-ksdd2\versions\1\test\20055.png,test\20055.png,20055.png,0,normal,gt_mask_empty,train
C:\Users\al774\.cache\kagglehub\datasets\vadimzavadskyi\kolektorsdd2-ksdd2\versions\1\test\20056.png,test\20056.png,20056.png,1,defective,gt_mask_defect(max_val=255),test
C:\Users\al774\.cache\kagglehub\datasets\vadimzavadskyi\kolektorsdd2-ksdd2\versions\1\test\20057.png,test\20057.png,20057.png,0,normal,gt_mask_empty,val
C:\Users\al774\.cache\kagglehub\datasets\vadimzavadskyi\kolektorsdd2-ksdd2\versions\1\test\20058.png,test\20058.png,20058.png,0,normal,gt_mask_empty,train
C:\Users\al774\.cache\kagglehub\datasets\vadimzavadskyi\kolektorsdd2-ksdd2\versions\1\test\20059.png,test\20059.png,20059.png,0,normal,gt_mask_empty,train
C:\Users\al774\.cache\kagglehub\datasets\vadimzavadskyi\kolektorsdd2-ksdd2\versions\1\test\20060.png,test\20060.png,20060.png,0,normal,gt_mask_empty,train
C:\Users\al774\.cache\kagglehub\datasets\vadimzavadskyi\kolektorsdd2-ksdd2\versions\1\test\20061.png,test\20061.png,20061.png,0,normal,gt_mask_empty,train
C:\Users\al774\.cache\kagglehub\datasets\vadimzavadskyi\kolektorsdd2-ksdd2\versions\1\test\20062.png,test\20062.png,20062.png,0,normal,gt_mask_empty,val
C:\Users\al774\.cache\kagglehub\datasets\vadimzavadskyi\kolektorsdd2-ksdd2\versions\1\test\20063.png,test\20063.png,20063.png,0,normal,gt_mask_empty,train
C:\Users\al774\.cache\kagglehub\datasets\vadimzavadskyi\kolektorsdd2-ksdd2\versions\1\test\20064.png,test\20064.png,20064.png,0,normal,gt_mask_empty,test
C:\Users\al774\.cache\kagglehub\datasets\vadimzavadskyi\kolektorsdd2-ksdd2\versions\1\test\20065.png,test\20065.png,20065.png,0,normal,gt_mask_empty,train
C:\Users\al774\.cache\kagglehub\datasets\vadimzavadskyi\kolektorsdd2-ksdd2\versions\1\test\20066.png,test\20066.png,20066.png,0,normal,gt_mask_empty,test
C:\Users\al774\.cache\kagglehub\datasets\vadimzavadskyi\kolektorsdd2-ksdd2\versions\1\test\20067.png,test\20067.png,20067.png,0,normal,gt_mask_empty,train
C:\Users\al774\.cache\kagglehub\datasets\vadimzavadskyi\kolektorsdd2-ksdd2\versions\1\test\20068.png,test\20068.png,20068.png,1,defective,gt_mask_defect(max_val=255),train
C:\Users\al774\.cache\kagglehub\datasets\vadimzavadskyi\kolektorsdd2-ksdd2\versions\1\test\20069.png,test\20069.png,20069.png,0,normal,gt_mask_empty,val
C:\Users\al774\.cache\kagglehub\datasets\vadimzavadskyi\kolektorsdd2-ksdd2\versions\1\test\20070.png,test\20070.png,20070.png,0,normal,gt_mask_empty,train
C:\Users\al774\.cache\kagglehub\datasets\vadimzavadskyi\kolektorsdd2-ksdd2\versions\1\test\20071.png,test\20071.png,20071.png,0,normal,gt_mask_empty,val
C:\Users\al774\.cache\kagglehub\datasets\vadimzavadskyi\kolektorsdd2-ksdd2\versions\1\test\20072.png,test\20072.png,20072.png,0,normal,gt_mask_empty,train
C:\Users\al774\.cache\kagglehub\datasets\vadimzavadskyi\kolektorsdd2-ksdd2\versions\1\test\20073.png,test\20073.png,20073.png,0,normal,gt_mask_empty,train
C:\Users\al774\.cache\kagglehub\datasets\vadimzavadskyi\kolektorsdd2-ksdd2\versions\1\test\20074.png,test\20074.png,20074.png,0,normal,gt_mask_empty,train
C:\Users\al774\.cache\kagglehub\datasets\vadimzavadskyi\kolektorsdd2-ksdd2\versions\1\test\20075.png,test\20075.png,20075.png,0,normal,gt_mask_empty,train
C:\Users\al774\.cache\kagglehub\datasets\vadimzavadskyi\kolektorsdd2-ksdd2\versions\1\test\20076.png,test\20076.png,20076.png,0,normal,gt_mask_empty,train
C:\Users\al774\.cache\kagglehub\datasets\vadimzavadskyi\kolektorsdd2-ksdd2\versions\1\test\20077.png,test\20077.png,20077.png,0,normal,gt_mask_empty,val
C:\Users\al774\.cache\kagglehub\datasets\vadimzavadskyi\kolektorsdd2-ksdd2\versions\1\test\20078.png,test\20078.png,20078.png,0,normal,gt_mask_empty,test
C:\Users\al774\.cache\kagglehub\datasets\vadimzavadskyi\kolektorsdd2-ksdd2\versions\1\test\20079.png,test\20079.png,20079.png,0,normal,gt_mask_empty,train
C:\Users\al774\.cache\kagglehub\datasets\vadimzavadskyi\kolektorsdd2-ksdd2\versions\1\test\20080.png,test\20080.png,20080.png,0,normal,gt_mask_empty,train
C:\Users\al774\.cache\kagglehub\datasets\vadimzavadskyi\kolektorsdd2-ksdd2\versions\1\test\20081.png,test\20081.png,20081.png,0,normal,gt_mask_empty,train
C:\Users\al774\.cache\kagglehub\datasets\vadimzavadskyi\kolektorsdd2-ksdd2\versions\1\test\20082.png,test\20082.png,20082.png,0,normal,gt_mask_empty,val
C:\Users\al774\.cache\kagglehub\datasets\vadimzavadskyi\kolektorsdd2-ksdd2\versions\1\test\20083.png,test\20083.png,20083.png,0,normal,gt_mask_empty,train
C:\Users\al774\.cache\kagglehub\datasets\vadimzavadskyi\kolektorsdd2-ksdd2\versions\1\test\20084.png,test\20084.png,20084.png,1,defective,gt_mask_defect(max_val=255),test
C:\Users\al774\.cache\kagglehub\datasets\vadimzavadskyi\kolektorsdd2-ksdd2\versions\1\test\20085.png,test\20085.png,20085.png,0,normal,gt_mask_empty,train
C:\Users\al774\.cache\kagglehub\datasets\vadimzavadskyi\kolektorsdd2-ksdd2\versions\1\test\20086.png,test\20086.png,20086.png,0,normal,gt_mask_empty,test
C:\Users\al774\.cache\kagglehub\datasets\vadimzavadskyi\kolektorsdd2-ksdd2\versions\1\test\20087.png,test\20087.png,20087.png,0,normal,gt_mask_empty,train
C:\Users\al774\.cache\kagglehub\datasets\vadimzavadskyi\kolektorsdd2-ksdd2\versions\1\test\20088.png,test\20088.png,20088.png,0,normal,gt_mask_empty,train
C:\Users\al774\.cache\kagglehub\datasets\vadimzavadskyi\kolektorsdd2-ksdd2\versions\1\test\20089.png,test\20089.png,20089.png,0,normal,gt_mask_empty,train
C:\Users\al774\.cache\kagglehub\datasets\vadimzavadskyi\kolektorsdd2-ksdd2\versions\1\test\20090.png,test\20090.png,20090.png,0,normal,gt_mask_empty,train
C:\Users\al774\.cache\kagglehub\datasets\vadimzavadskyi\kolektorsdd2-ksdd2\versions\1\test\20091.png,test\20091.png,20091.png,0,normal,gt_mask_empty,train
C:\Users\al774\.cache\kagglehub\datasets\vadimzavadskyi\kolektorsdd2-ksdd2\versions\1\test\20092.png,test\20092.png,20092.png,0,normal,gt_mask_empty,train
C:\Users\al774\.cache\kagglehub\datasets\vadimzavadskyi\kolektorsdd2-ksdd2\versions\1\test\20093.png,test\20093.png,20093.png,0,normal,gt_mask_empty,val
C:\Users\al774\.cache\kagglehub\datasets\vadimzavadskyi\kolektorsdd2-ksdd2\versions\1\test\20094.png,test\20094.png,20094.png,0,normal,gt_mask_empty,val
C:\Users\al774\.cache\kagglehub\datasets\vadimzavadskyi\kolektorsdd2-ksdd2\versions\1\test\20095.png,test\20095.png,20095.png,1,defective,gt_mask_defect(max_val=255),train
C:\Users\al774\.cache\kagglehub\datasets\vadimzavadskyi\kolektorsdd2-ksdd2\versions\1\test\20096.png,test\20096.png,20096.png,0,normal,gt_mask_empty,train
C:\Users\al774\.cache\kagglehub\datasets\vadimzavadskyi\kolektorsdd2-ksdd2\versions\1\test\20097.png,test\20097.png,20097.png,0,normal,gt_mask_empty,val
C:\Users\al774\.cache\kagglehub\datasets\vadimzavadskyi\kolektorsdd2-ksdd2\versions\1\test\20098.png,test\20098.png,20098.png,0,normal,gt_mask_empty,train
C:\Users\al774\.cache\kagglehub\datasets\vadimzavadskyi\kolektorsdd2-ksdd2\versions\1\test\20099.png,test\20099.png,20099.png,1,defective,gt_mask_defect(max_val=255),train
C:\Users\al774\.cache\kagglehub\datasets\vadimzavadskyi\kolektorsdd2-ksdd2\versions\1\test\20100.png,test\20100.png,20100.png,0,normal,gt_mask_empty,train
C:\Users\al774\.cache\kagglehub\datasets\vadimzavadskyi\kolektorsdd2-ksdd2\versions\1\test\20101.png,test\20101.png,20101.png,0,normal,gt_mask_empty,test
C:\Users\al774\.cache\kagglehub\datasets\vadimzavadskyi\kolektorsdd2-ksdd2\versions\1\test\20102.png,test\20102.png,20102.png,0,normal,gt_mask_empty,train
C:\Users\al774\.cache\kagglehub\datasets\vadimzavadskyi\kolektorsdd2-ksdd2\versions\1\test\20103.png,test\20103.png,20103.png,0,normal,gt_mask_empty,train
C:\Users\al774\.cache\kagglehub\datasets\vadimzavadskyi\kolektorsdd2-ksdd2\versions\1\test\20104.png,test\20104.png,20104.png,0,normal,gt_mask_empty,test
C:\Users\al774\.cache\kagglehub\datasets\vadimzavadskyi\kolektorsdd2-ksdd2\versions\1\test\20105.png,test\20105.png,20105.png,0,normal,gt_mask_empty,train
C:\Users\al774\.cache\kagglehub\datasets\vadimzavadskyi\kolektorsdd2-ksdd2\versions\1\test\20106.png,test\20106.png,20106.png,0,normal,gt_mask_empty,train
C:\Users\al774\.cache\kagglehub\datasets\vadimzavadskyi\kolektorsdd2-ksdd2\versions\1\test\20107.png,test\20107.png,20107.png,0,normal,gt_mask_empty,train
C:\Users\al774\.cache\kagglehub\datasets\vadimzavadskyi\kolektorsdd2-ksdd2\versions\1\test\20108.png,test\20108.png,20108.png,0,normal,gt_mask_empty,train
C:\Users\al774\.cache\kagglehub\datasets\vadimzavadskyi\kolektorsdd2-ksdd2\versions\1\test\20109.png,test\20109.png,20109.png,0,normal,gt_mask_empty,test
C:\Users\al774\.cache\kagglehub\datasets\vadimzavadskyi\kolektorsdd2-ksdd2\versions\1\test\20110.png,test\20110.png,20110.png,0,normal,gt_mask_empty,train
C:\Users\al774\.cache\kagglehub\datasets\vadimzavadskyi\kolektorsdd2-ksdd2\versions\1\test\20111.png,test\20111.png,20111.png,0,normal,gt_mask_empty,train
C:\Users\al774\.cache\kagglehub\datasets\vadimzavadskyi\kolektorsdd2-ksdd2\versions\1\test\20112.png,test\20112.png,20112.png,0,normal,gt_mask_empty,val
C:\Users\al774\.cache\kagglehub\datasets\vadimzavadskyi\kolektorsdd2-ksdd2\versions\1\test\20113.png,test\20113.png,20113.png,0,normal,gt_mask_empty,train
C:\Users\al774\.cache\kagglehub\datasets\vadimzavadskyi\kolektorsdd2-ksdd2\versions\1\test\20114.png,test\20114.png,20114.png,0,normal,gt_mask_empty,train
C:\Users\al774\.cache\kagglehub\datasets\vadimzavadskyi\kolektorsdd2-ksdd2\versions\1\test\20115.png,test\20115.png,20115.png,0,normal,gt_mask_empty,train
C:\Users\al774\.cache\kagglehub\datasets\vadimzavadskyi\kolektorsdd2-ksdd2\versions\1\test\20116.png,test\20116.png,20116.png,0,normal,gt_mask_empty,val
C:\Users\al774\.cache\kagglehub\datasets\vadimzavadskyi\kolektorsdd2-ksdd2\versions\1\test\20117.png,test\20117.png,20117.png,1,defective,gt_mask_defect(max_val=255),train
C:\Users\al774\.cache\kagglehub\datasets\vadimzavadskyi\kolektorsdd2-ksdd2\versions\1\test\20118.png,test\20118.png,20118.png,1,defective,gt_mask_defect(max_val=255),val
C:\Users\al774\.cache\kagglehub\datasets\vadimzavadskyi\kolektorsdd2-ksdd2\versions\1\test\20119.png,test\20119.png,20119.png,0,normal,gt_mask_empty,train
C:\Users\al774\.cache\kagglehub\datasets\vadimzavadskyi\kolektorsdd2-ksdd2\versions\1\test\20120.png,test\20120.png,20120.png,0,normal,gt_mask_empty,val
C:\Users\al774\.cache\kagglehub\datasets\vadimzavadskyi\kolektorsdd2-ksdd2\versions\1\test\20121.png,test\20121.png,20121.png,1,defective,gt_mask_defect(max_val=255),train
C:\Users\al774\.cache\kagglehub\datasets\vadimzavadskyi\kolektorsdd2-ksdd2\versions\1\test\20122.png,test\20122.png,20122.png,0,normal,gt_mask_empty,train
C:\Users\al774\.cache\kagglehub\datasets\vadimzavadskyi\kolektorsdd2-ksdd2\versions\1\test\20123.png,test\20123.png,20123.png,0,normal,gt_mask_empty,test
C:\Users\al774\.cache\kagglehub\datasets\vadimzavadskyi\kolektorsdd2-ksdd2\versions\1\test\20124.png,test\20124.png,20124.png,0,normal,gt_mask_empty,train
C:\Users\al774\.cache\kagglehub\datasets\vadimzavadskyi\kolektorsdd2-ksdd2\versions\1\test\20125.png,test\20125.png,20125.png,1,defective,gt_mask_defect(max_val=255),train
C:\Users\al774\.cache\kagglehub\datasets\vadimzavadskyi\kolektorsdd2-ksdd2\versions\1\test\20126.png,test\20126.png,20126.png,0,normal,gt_mask_empty,val
C:\Users\al774\.cache\kagglehub\datasets\vadimzavadskyi\kolektorsdd2-ksdd2\versions\1\test\20127.png,test\20127.png,20127.png,0,normal,gt_mask_empty,val
C:\Users\al774\.cache\kagglehub\datasets\vadimzavadskyi\kolektorsdd2-ksdd2\versions\1\test\20128.png,test\20128.png,20128.png,0,normal,gt_mask_empty,train
C:\Users\al774\.cache\kagglehub\datasets\vadimzavadskyi\kolektorsdd2-ksdd2\versions\1\test\20129.png,test\20129.png,20129.png,1,defective,gt_mask_defect(max_val=255),train
C:\Users\al774\.cache\kagglehub\datasets\vadimzavadskyi\kolektorsdd2-ksdd2\versions\1\test\20130.png,test\20130.png,20130.png,1,defective,gt_mask_defect(max_val=255),train
C:\Users\al774\.cache\kagglehub\datasets\vadimzavadskyi\kolektorsdd2-ksdd2\versions\1\test\20131.png,test\20131.png,20131.png,0,normal,gt_mask_empty,val
C:\Users\al774\.cache\kagglehub\datasets\vadimzavadskyi\kolektorsdd2-ksdd2\versions\1\test\20132.png,test\20132.png,20132.png,0,normal,gt_mask_empty,train
C:\Users\al774\.cache\kagglehub\datasets\vadimzavadskyi\kolektorsdd2-ksdd2\versions\1\test\20133.png,test\20133.png,20133.png,0,normal,gt_mask_empty,train
C:\Users\al774\.cache\kagglehub\datasets\vadimzavadskyi\kolektorsdd2-ksdd2\versions\1\test\20134.png,test\20134.png,20134.png,0,normal,gt_mask_empty,test
C:\Users\al774\.cache\kagglehub\datasets\vadimzavadskyi\kolektorsdd2-ksdd2\versions\1\test\20135.png,test\20135.png,20135.png,0,normal,gt_mask_empty,train
C:\Users\al774\.cache\kagglehub\datasets\vadimzavadskyi\kolektorsdd2-ksdd2\versions\1\test\20136.png,test\20136.png,20136.png,0,normal,gt_mask_empty,train
C:\Users\al774\.cache\kagglehub\datasets\vadimzavadskyi\kolektorsdd2-ksdd2\versions\1\test\20137.png,test\20137.png,20137.png,0,normal,gt_mask_empty,test
C:\Users\al774\.cache\kagglehub\datasets\vadimzavadskyi\kolektorsdd2-ksdd2\versions\1\test\20138.png,test\20138.png,20138.png,0,normal,gt_mask_empty,train
C:\Users\al774\.cache\kagglehub\datasets\vadimzavadskyi\kolektorsdd2-ksdd2\versions\1\test\20139.png,test\20139.png,20139.png,1,defective,gt_mask_defect(max_val=255),train
C:\Users\al774\.cache\kagglehub\datasets\vadimzavadskyi\kolektorsdd2-ksdd2\versions\1\test\20140.png,test\20140.png,20140.png,0,normal,gt_mask_empty,val
C:\Users\al774\.cache\kagglehub\datasets\vadimzavadskyi\kolektorsdd2-ksdd2\versions\1\test\20141.png,test\20141.png,20141.png,1,defective,gt_mask_defect(max_val=255),train
C:\Users\al774\.cache\kagglehub\datasets\vadimzavadskyi\kolektorsdd2-ksdd2\versions\1\test\20142.png,test\20142.png,20142.png,1,defective,gt_mask_defect(max_val=255),train
C:\Users\al774\.cache\kagglehub\datasets\vadimzavadskyi\kolektorsdd2-ksdd2\versions\1\test\20143.png,test\20143.png,20143.png,0,normal,gt_mask_empty,train
C:\Users\al774\.cache\kagglehub\datasets\vadimzavadskyi\kolektorsdd2-ksdd2\versions\1\test\20144.png,test\20144.png,20144.png,0,normal,gt_mask_empty,train
C:\Users\al774\.cache\kagglehub\datasets\vadimzavadskyi\kolektorsdd2-ksdd2\versions\1\test\20145.png,test\20145.png,20145.png,0,normal,gt_mask_empty,test
C:\Users\al774\.cache\kagglehub\datasets\vadimzavadskyi\kolektorsdd2-ksdd2\versions\1\test\20146.png,test\20146.png,20146.png,0,normal,gt_mask_empty,train
C:\Users\al774\.cache\kagglehub\datasets\vadimzavadskyi\kolektorsdd2-ksdd2\versions\1\test\20147.png,test\20147.png,20147.png,0,normal,gt_mask_empty,train
C:\Users\al774\.cache\kagglehub\datasets\vadimzavadskyi\kolektorsdd2-ksdd2\versions\1\test\20148.png,test\20148.png,20148.png,0,normal,gt_mask_empty,test
C:\Users\al774\.cache\kagglehub\datasets\vadimzavadskyi\kolektorsdd2-ksdd2\versions\1\test\20149.png,test\20149.png,20149.png,0,normal,gt_mask_empty,train
C:\Users\al774\.cache\kagglehub\datasets\vadimzavadskyi\kolektorsdd2-ksdd2\versions\1\test\20150.png,test\20150.png,20150.png,0,normal,gt_mask_empty,train
C:\Users\al774\.cache\kagglehub\datasets\vadimzavadskyi\kolektorsdd2-ksdd2\versions\1\test\20151.png,test\20151.png,20151.png,0,normal,gt_mask_empty,train
C:\Users\al774\.cache\kagglehub\datasets\vadimzavadskyi\kolektorsdd2-ksdd2\versions\1\test\20152.png,test\20152.png,20152.png,0,normal,gt_mask_empty,test
C:\Users\al774\.cache\kagglehub\datasets\vadimzavadskyi\kolektorsdd2-ksdd2\versions\1\test\20153.png,test\20153.png,20153.png,0,normal,gt_mask_empty,test
C:\Users\al774\.cache\kagglehub\datasets\vadimzavadskyi\kolektorsdd2-ksdd2\versions\1\test\20154.png,test\20154.png,20154.png,0,normal,gt_mask_empty,train
C:\Users\al774\.cache\kagglehub\datasets\vadimzavadskyi\kolektorsdd2-ksdd2\versions\1\test\20155.png,test\20155.png,20155.png,1,defective,gt_mask_defect(max_val=255),val
C:\Users\al774\.cache\kagglehub\datasets\vadimzavadskyi\kolektorsdd2-ksdd2\versions\1\test\20156.png,test\20156.png,20156.png,0,normal,gt_mask_empty,train
C:\Users\al774\.cache\kagglehub\datasets\vadimzavadskyi\kolektorsdd2-ksdd2\versions\1\test\20157.png,test\20157.png,20157.png,0,normal,gt_mask_empty,train
C:\Users\al774\.cache\kagglehub\datasets\vadimzavadskyi\kolektorsdd2-ksdd2\versions\1\test\20158.png,test\20158.png,20158.png,1,defective,gt_mask_defect(max_val=255),train
C:\Users\al774\.cache\kagglehub\datasets\vadimzavadskyi\kolektorsdd2-ksdd2\versions\1\test\20159.png,test\20159.png,20159.png,1,defective,gt_mask_defect(max_val=255),train
C:\Users\al774\.cache\kagglehub\datasets\vadimzavadskyi\kolektorsdd2-ksdd2\versions\1\test\20160.png,test\20160.png,20160.png,0,normal,gt_mask_empty,train
C:\Users\al774\.cache\kagglehub\datasets\vadimzavadskyi\kolektorsdd2-ksdd2\versions\1\test\20161.png,test\20161.png,20161.png,0,normal,gt_mask_empty,val
C:\Users\al774\.cache\kagglehub\datasets\vadimzavadskyi\kolektorsdd2-ksdd2\versions\1\test\20162.png,test\20162.png,20162.png,0,normal,gt_mask_empty,train
C:\Users\al774\.cache\kagglehub\datasets\vadimzavadskyi\kolektorsdd2-ksdd2\versions\1\test\20163.png,test\20163.png,20163.png,0,normal,gt_mask_empty,train
C:\Users\al774\.cache\kagglehub\datasets\vadimzavadskyi\kolektorsdd2-ksdd2\versions\1\test\20164.png,test\20164.png,20164.png,0,normal,gt_mask_empty,test
C:\Users\al774\.cache\kagglehub\datasets\vadimzavadskyi\kolektorsdd2-ksdd2\versions\1\test\20165.png,test\20165.png,20165.png,0,normal,gt_mask_empty,train
C:\Users\al774\.cache\kagglehub\datasets\vadimzavadskyi\kolektorsdd2-ksdd2\versions\1\test\20166.png,test\20166.png,20166.png,0,normal,gt_mask_empty,train
C:\Users\al774\.cache\kagglehub\datasets\vadimzavadskyi\kolektorsdd2-ksdd2\versions\1\test\20167.png,test\20167.png,20167.png,0,normal,gt_mask_empty,train
C:\Users\al774\.cache\kagglehub\datasets\vadimzavadskyi\kolektorsdd2-ksdd2\versions\1\test\20168.png,test\20168.png,20168.png,0,normal,gt_mask_empty,train
C:\Users\al774\.cache\kagglehub\datasets\vadimzavadskyi\kolektorsdd2-ksdd2\versions\1\test\20169.png,test\20169.png,20169.png,0,normal,gt_mask_empty,train
C:\Users\al774\.cache\kagglehub\datasets\vadimzavadskyi\kolektorsdd2-ksdd2\versions\1\test\20170.png,test\20170.png,20170.png,0,normal,gt_mask_empty,train
C:\Users\al774\.cache\kagglehub\datasets\vadimzavadskyi\kolektorsdd2-ksdd2\versions\1\test\20171.png,test\20171.png,20171.png,0,normal,gt_mask_empty,test
C:\Users\al774\.cache\kagglehub\datasets\vadimzavadskyi\kolektorsdd2-ksdd2\versions\1\test\20172.png,test\20172.png,20172.png,1,defective,gt_mask_defect(max_val=255),train
C:\Users\al774\.cache\kagglehub\datasets\vadimzavadskyi\kolektorsdd2-ksdd2\versions\1\test\20173.png,test\20173.png,20173.png,0,normal,gt_mask_empty,test
C:\Users\al774\.cache\kagglehub\datasets\vadimzavadskyi\kolektorsdd2-ksdd2\versions\1\test\20174.png,test\20174.png,20174.png,0,normal,gt_mask_empty,train
C:\Users\al774\.cache\kagglehub\datasets\vadimzavadskyi\kolektorsdd2-ksdd2\versions\1\test\20175.png,test\20175.png,20175.png,1,defective,gt_mask_defect(max_val=255),train
C:\Users\al774\.cache\kagglehub\datasets\vadimzavadskyi\kolektorsdd2-ksdd2\versions\1\test\20176.png,test\20176.png,20176.png,0,normal,gt_mask_empty,train
C:\Users\al774\.cache\kagglehub\datasets\vadimzavadskyi\kolektorsdd2-ksdd2\versions\1\test\20177.png,test\20177.png,20177.png,1,defective,gt_mask_defect(max_val=255),test
C:\Users\al774\.cache\kagglehub\datasets\vadimzavadskyi\kolektorsdd2-ksdd2\versions\1\test\20178.png,test\20178.png,20178.png,0,normal,gt_mask_empty,train
C:\Users\al774\.cache\kagglehub\datasets\vadimzavadskyi\kolektorsdd2-ksdd2\versions\1\test\20179.png,test\20179.png,20179.png,0,normal,gt_mask_empty,train
C:\Users\al774\.cache\kagglehub\datasets\vadimzavadskyi\kolektorsdd2-ksdd2\versions\1\test\20180.png,test\20180.png,20180.png,0,normal,gt_mask_empty,train
C:\Users\al774\.cache\kagglehub\datasets\vadimzavadskyi\kolektorsdd2-ksdd2\versions\1\test\20181.png,test\20181.png,20181.png,0,normal,gt_mask_empty,test
C:\Users\al774\.cache\kagglehub\datasets\vadimzavadskyi\kolektorsdd2-ksdd2\versions\1\test\20182.png,test\20182.png,20182.png,0,normal,gt_mask_empty,val
C:\Users\al774\.cache\kagglehub\datasets\vadimzavadskyi\kolektorsdd2-ksdd2\versions\1\test\20183.png,test\20183.png,20183.png,0,normal,gt_mask_empty,train
C:\Users\al774\.cache\kagglehub\datasets\vadimzavadskyi\kolektorsdd2-ksdd2\versions\1\test\20184.png,test\20184.png,20184.png,0,normal,gt_mask_empty,train
C:\Users\al774\.cache\kagglehub\datasets\vadimzavadskyi\kolektorsdd2-ksdd2\versions\1\test\20185.png,test\20185.png,20185.png,0,normal,gt_mask_empty,train
C:\Users\al774\.cache\kagglehub\datasets\vadimzavadskyi\kolektorsdd2-ksdd2\versions\1\test\20186.png,test\20186.png,20186.png,0,normal,gt_mask_empty,test
C:\Users\al774\.cache\kagglehub\datasets\vadimzavadskyi\kolektorsdd2-ksdd2\versions\1\test\20187.png,test\20187.png,20187.png,0,normal,gt_mask_empty,train
C:\Users\al774\.cache\kagglehub\datasets\vadimzavadskyi\kolektorsdd2-ksdd2\versions\1\test\20188.png,test\20188.png,20188.png,0,normal,gt_mask_empty,train
C:\Users\al774\.cache\kagglehub\datasets\vadimzavadskyi\kolektorsdd2-ksdd2\versions\1\test\20189.png,test\20189.png,20189.png,0,normal,gt_mask_empty,train
C:\Users\al774\.cache\kagglehub\datasets\vadimzavadskyi\kolektorsdd2-ksdd2\versions\1\test\20190.png,test\20190.png,20190.png,1,defective,gt_mask_defect(max_val=255),train
C:\Users\al774\.cache\kagglehub\datasets\vadimzavadskyi\kolektorsdd2-ksdd2\versions\1\test\20191.png,test\20191.png,20191.png,0,normal,gt_mask_empty,train
C:\Users\al774\.cache\kagglehub\datasets\vadimzavadskyi\kolektorsdd2-ksdd2\versions\1\test\20192.png,test\20192.png,20192.png,0,normal,gt_mask_empty,train
C:\Users\al774\.cache\kagglehub\datasets\vadimzavadskyi\kolektorsdd2-ksdd2\versions\1\test\20193.png,test\20193.png,20193.png,1,defective,gt_mask_defect(max_val=255),train
C:\Users\al774\.cache\kagglehub\datasets\vadimzavadskyi\kolektorsdd2-ksdd2\versions\1\test\20194.png,test\20194.png,20194.png,0,normal,gt_mask_empty,train
C:\Users\al774\.cache\kagglehub\datasets\vadimzavadskyi\kolektorsdd2-ksdd2\versions\1\test\20195.png,test\20195.png,20195.png,0,normal,gt_mask_empty,val
C:\Users\al774\.cache\kagglehub\datasets\vadimzavadskyi\kolektorsdd2-ksdd2\versions\1\test\20196.png,test\20196.png,20196.png,0,normal,gt_mask_empty,train
C:\Users\al774\.cache\kagglehub\datasets\vadimzavadskyi\kolektorsdd2-ksdd2\versions\1\test\20197.png,test\20197.png,20197.png,0,normal,gt_mask_empty,train
C:\Users\al774\.cache\kagglehub\datasets\vadimzavadskyi\kolektorsdd2-ksdd2\versions\1\test\20198.png,test\20198.png,20198.png,0,normal,gt_mask_empty,train
C:\Users\al774\.cache\kagglehub\datasets\vadimzavadskyi\kolektorsdd2-ksdd2\versions\1\test\20199.png,test\20199.png,20199.png,0,normal,gt_mask_empty,train
C:\Users\al774\.cache\kagglehub\datasets\vadimzavadskyi\kolektorsdd2-ksdd2\versions\1\test\20200.png,test\20200.png,20200.png,0,normal,gt_mask_empty,train
C:\Users\al774\.cache\kagglehub\datasets\vadimzavadskyi\kolektorsdd2-ksdd2\versions\1\test\20201.png,test\20201.png,20201.png,0,normal,gt_mask_empty,train
C:\Users\al774\.cache\kagglehub\datasets\vadimzavadskyi\kolektorsdd2-ksdd2\versions\1\test\20202.png,test\20202.png,20202.png,0,normal,gt_mask_empty,train
C:\Users\al774\.cache\kagglehub\datasets\vadimzavadskyi\kolektorsdd2-ksdd2\versions\1\test\20203.png,test\20203.png,20203.png,0,normal,gt_mask_empty,test
C:\Users\al774\.cache\kagglehub\datasets\vadimzavadskyi\kolektorsdd2-ksdd2\versions\1\test\20204.png,test\20204.png,20204.png,1,defective,gt_mask_defect(max_val=255),train
C:\Users\al774\.cache\kagglehub\datasets\vadimzavadskyi\kolektorsdd2-ksdd2\versions\1\test\20205.png,test\20205.png,20205.png,0,normal,gt_mask_empty,train
C:\Users\al774\.cache\kagglehub\datasets\vadimzavadskyi\kolektorsdd2-ksdd2\versions\1\test\20206.png,test\20206.png,20206.png,0,normal,gt_mask_empty,train
C:\Users\al774\.cache\kagglehub\datasets\vadimzavadskyi\kolektorsdd2-ksdd2\versions\1\test\20207.png,test\20207.png,20207.png,0,normal,gt_mask_empty,train
C:\Users\al774\.cache\kagglehub\datasets\vadimzavadskyi\kolektorsdd2-ksdd2\versions\1\test\20208.png,test\20208.png,20208.png,0,normal,gt_mask_empty,train
C:\Users\al774\.cache\kagglehub\datasets\vadimzavadskyi\kolektorsdd2-ksdd2\versions\1\test\20209.png,test\20209.png,20209.png,1,defective,gt_mask_defect(max_val=255),train
C:\Users\al774\.cache\kagglehub\datasets\vadimzavadskyi\kolektorsdd2-ksdd2\versions\1\test\20210.png,test\20210.png,20210.png,0,normal,gt_mask_empty,train
C:\Users\al774\.cache\kagglehub\datasets\vadimzavadskyi\kolektorsdd2-ksdd2\versions\1\test\20211.png,test\20211.png,20211.png,0,normal,gt_mask_empty,test
C:\Users\al774\.cache\kagglehub\datasets\vadimzavadskyi\kolektorsdd2-ksdd2\versions\1\test\20212.png,test\20212.png,20212.png,0,normal,gt_mask_empty,train
C:\Users\al774\.cache\kagglehub\datasets\vadimzavadskyi\kolektorsdd2-ksdd2\versions\1\test\20213.png,test\20213.png,20213.png,0,normal,gt_mask_empty,train
C:\Users\al774\.cache\kagglehub\datasets\vadimzavadskyi\kolektorsdd2-ksdd2\versions\1\test\20214.png,test\20214.png,20214.png,0,normal,gt_mask_empty,val
C:\Users\al774\.cache\kagglehub\datasets\vadimzavadskyi\kolektorsdd2-ksdd2\versions\1\test\20215.png,test\20215.png,20215.png,0,normal,gt_mask_empty,test
C:\Users\al774\.cache\kagglehub\datasets\vadimzavadskyi\kolektorsdd2-ksdd2\versions\1\test\20216.png,test\20216.png,20216.png,0,normal,gt_mask_empty,train
C:\Users\al774\.cache\kagglehub\datasets\vadimzavadskyi\kolektorsdd2-ksdd2\versions\1\test\20217.png,test\20217.png,20217.png,1,defective,gt_mask_defect(max_val=255),train
C:\Users\al774\.cache\kagglehub\datasets\vadimzavadskyi\kolektorsdd2-ksdd2\versions\1\test\20218.png,test\20218.png,20218.png,0,normal,gt_mask_empty,train
C:\Users\al774\.cache\kagglehub\datasets\vadimzavadskyi\kolektorsdd2-ksdd2\versions\1\test\20219.png,test\20219.png,20219.png,0,normal,gt_mask_empty,val
C:\Users\al774\.cache\kagglehub\datasets\vadimzavadskyi\kolektorsdd2-ksdd2\versions\1\test\20220.png,test\20220.png,20220.png,0,normal,gt_mask_empty,train
C:\Users\al774\.cache\kagglehub\datasets\vadimzavadskyi\kolektorsdd2-ksdd2\versions\1\test\20221.png,test\20221.png,20221.png,0,normal,gt_mask_empty,train
C:\Users\al774\.cache\kagglehub\datasets\vadimzavadskyi\kolektorsdd2-ksdd2\versions\1\test\20222.png,test\20222.png,20222.png,0,normal,gt_mask_empty,train
C:\Users\al774\.cache\kagglehub\datasets\vadimzavadskyi\kolektorsdd2-ksdd2\versions\1\test\20223.png,test\20223.png,20223.png,0,normal,gt_mask_empty,val
C:\Users\al774\.cache\kagglehub\datasets\vadimzavadskyi\kolektorsdd2-ksdd2\versions\1\test\20224.png,test\20224.png,20224.png,0,normal,gt_mask_empty,train
C:\Users\al774\.cache\kagglehub\datasets\vadimzavadskyi\kolektorsdd2-ksdd2\versions\1\test\20225.png,test\20225.png,20225.png,0,normal,gt_mask_empty,train
C:\Users\al774\.cache\kagglehub\datasets\vadimzavadskyi\kolektorsdd2-ksdd2\versions\1\test\20226.png,test\20226.png,20226.png,0,normal,gt_mask_empty,test
C:\Users\al774\.cache\kagglehub\datasets\vadimzavadskyi\kolektorsdd2-ksdd2\versions\1\test\20227.png,test\20227.png,20227.png,0,normal,gt_mask_empty,test
C:\Users\al774\.cache\kagglehub\datasets\vadimzavadskyi\kolektorsdd2-ksdd2\versions\1\test\20228.png,test\20228.png,20228.png,1,defective,gt_mask_defect(max_val=255),train
C:\Users\al774\.cache\kagglehub\datasets\vadimzavadskyi\kolektorsdd2-ksdd2\versions\1\test\20229.png,test\20229.png,20229.png,0,normal,gt_mask_empty,test
C:\Users\al774\.cache\kagglehub\datasets\vadimzavadskyi\kolektorsdd2-ksdd2\versions\1\test\20230.png,test\20230.png,20230.png,0,normal,gt_mask_empty,train
C:\Users\al774\.cache\kagglehub\datasets\vadimzavadskyi\kolektorsdd2-ksdd2\versions\1\test\20231.png,test\20231.png,20231.png,1,defective,gt_mask_defect(max_val=255),train
C:\Users\al774\.cache\kagglehub\datasets\vadimzavadskyi\kolektorsdd2-ksdd2\versions\1\test\20232.png,test\20232.png,20232.png,0,normal,gt_mask_empty,val
C:\Users\al774\.cache\kagglehub\datasets\vadimzavadskyi\kolektorsdd2-ksdd2\versions\1\test\20233.png,test\20233.png,20233.png,0,normal,gt_mask_empty,train
C:\Users\al774\.cache\kagglehub\datasets\vadimzavadskyi\kolektorsdd2-ksdd2\versions\1\test\20234.png,test\20234.png,20234.png,0,normal,gt_mask_empty,val
C:\Users\al774\.cache\kagglehub\datasets\vadimzavadskyi\kolektorsdd2-ksdd2\versions\1\test\20235.png,test\20235.png,20235.png,0,normal,gt_mask_empty,train
C:\Users\al774\.cache\kagglehub\datasets\vadimzavadskyi\kolektorsdd2-ksdd2\versions\1\test\20236.png,test\20236.png,20236.png,1,defective,gt_mask_defect(max_val=255),train
C:\Users\al774\.cache\kagglehub\datasets\vadimzavadskyi\kolektorsdd2-ksdd2\versions\1\test\20237.png,test\20237.png,20237.png,0,normal,gt_mask_empty,train
C:\Users\al774\.cache\kagglehub\datasets\vadimzavadskyi\kolektorsdd2-ksdd2\versions\1\test\20238.png,test\20238.png,20238.png,0,normal,gt_mask_empty,train
C:\Users\al774\.cache\kagglehub\datasets\vadimzavadskyi\kolektorsdd2-ksdd2\versions\1\test\20239.png,test\20239.png,20239.png,0,normal,gt_mask_empty,train
C:\Users\al774\.cache\kagglehub\datasets\vadimzavadskyi\kolektorsdd2-ksdd2\versions\1\test\20240.png,test\20240.png,20240.png,0,normal,gt_mask_empty,train
C:\Users\al774\.cache\kagglehub\datasets\vadimzavadskyi\kolektorsdd2-ksdd2\versions\1\test\20241.png,test\20241.png,20241.png,0,normal,gt_mask_empty,train
C:\Users\al774\.cache\kagglehub\datasets\vadimzavadskyi\kolektorsdd2-ksdd2\versions\1\test\20242.png,test\20242.png,20242.png,0,normal,gt_mask_empty,train
C:\Users\al774\.cache\kagglehub\datasets\vadimzavadskyi\kolektorsdd2-ksdd2\versions\1\test\20243.png,test\20243.png,20243.png,0,normal,gt_mask_empty,train
C:\Users\al774\.cache\kagglehub\datasets\vadimzavadskyi\kolektorsdd2-ksdd2\versions\1\test\20244.png,test\20244.png,20244.png,0,normal,gt_mask_empty,train
C:\Users\al774\.cache\kagglehub\datasets\vadimzavadskyi\kolektorsdd2-ksdd2\versions\1\test\20245.png,test\20245.png,20245.png,0,normal,gt_mask_empty,test
C:\Users\al774\.cache\kagglehub\datasets\vadimzavadskyi\kolektorsdd2-ksdd2\versions\1\test\20246.png,test\20246.png,20246.png,1,defective,gt_mask_defect(max_val=255),val
C:\Users\al774\.cache\kagglehub\datasets\vadimzavadskyi\kolektorsdd2-ksdd2\versions\1\test\20247.png,test\20247.png,20247.png,0,normal,gt_mask_empty,train
C:\Users\al774\.cache\kagglehub\datasets\vadimzavadskyi\kolektorsdd2-ksdd2\versions\1\test\20248.png,test\20248.png,20248.png,0,normal,gt_mask_empty,train
C:\Users\al774\.cache\kagglehub\datasets\vadimzavadskyi\kolektorsdd2-ksdd2\versions\1\test\20249.png,test\20249.png,20249.png,0,normal,gt_mask_empty,train
C:\Users\al774\.cache\kagglehub\datasets\vadimzavadskyi\kolektorsdd2-ksdd2\versions\1\test\20250.png,test\20250.png,20250.png,0,normal,gt_mask_empty,train
C:\Users\al774\.cache\kagglehub\datasets\vadimzavadskyi\kolektorsdd2-ksdd2\versions\1\test\20251.png,test\20251.png,20251.png,0,normal,gt_mask_empty,train
C:\Users\al774\.cache\kagglehub\datasets\vadimzavadskyi\kolektorsdd2-ksdd2\versions\1\test\20252.png,test\20252.png,20252.png,0,normal,gt_mask_empty,train
C:\Users\al774\.cache\kagglehub\datasets\vadimzavadskyi\kolektorsdd2-ksdd2\versions\1\test\20253.png,test\20253.png,20253.png,0,normal,gt_mask_empty,val
C:\Users\al774\.cache\kagglehub\datasets\vadimzavadskyi\kolektorsdd2-ksdd2\versions\1\test\20254.png,test\20254.png,20254.png,0,normal,gt_mask_empty,val
C:\Users\al774\.cache\kagglehub\datasets\vadimzavadskyi\kolektorsdd2-ksdd2\versions\1\test\20255.png,test\20255.png,20255.png,0,normal,gt_mask_empty,test
C:\Users\al774\.cache\kagglehub\datasets\vadimzavadskyi\kolektorsdd2-ksdd2\versions\1\test\20256.png,test\20256.png,20256.png,0,normal,gt_mask_empty,train
C:\Users\al774\.cache\kagglehub\datasets\vadimzavadskyi\kolektorsdd2-ksdd2\versions\1\test\20257.png,test\20257.png,20257.png,0,normal,gt_mask_empty,train
C:\Users\al774\.cache\kagglehub\datasets\vadimzavadskyi\kolektorsdd2-ksdd2\versions\1\test\20258.png,test\20258.png,20258.png,0,normal,gt_mask_empty,val
C:\Users\al774\.cache\kagglehub\datasets\vadimzavadskyi\kolektorsdd2-ksdd2\versions\1\test\20259.png,test\20259.png,20259.png,1,defective,gt_mask_defect(max_val=255),train
C:\Users\al774\.cache\kagglehub\datasets\vadimzavadskyi\kolektorsdd2-ksdd2\versions\1\test\20260.png,test\20260.png,20260.png,0,normal,gt_mask_empty,train
C:\Users\al774\.cache\kagglehub\datasets\vadimzavadskyi\kolektorsdd2-ksdd2\versions\1\test\20261.png,test\20261.png,20261.png,0,normal,gt_mask_empty,train
C:\Users\al774\.cache\kagglehub\datasets\vadimzavadskyi\kolektorsdd2-ksdd2\versions\1\test\20262.png,test\20262.png,20262.png,0,normal,gt_mask_empty,train
C:\Users\al774\.cache\kagglehub\datasets\vadimzavadskyi\kolektorsdd2-ksdd2\versions\1\test\20263.png,test\20263.png,20263.png,0,normal,gt_mask_empty,val
C:\Users\al774\.cache\kagglehub\datasets\vadimzavadskyi\kolektorsdd2-ksdd2\versions\1\test\20264.png,test\20264.png,20264.png,1,defective,gt_mask_defect(max_val=255),train
C:\Users\al774\.cache\kagglehub\datasets\vadimzavadskyi\kolektorsdd2-ksdd2\versions\1\test\20265.png,test\20265.png,20265.png,0,normal,gt_mask_empty,train
C:\Users\al774\.cache\kagglehub\datasets\vadimzavadskyi\kolektorsdd2-ksdd2\versions\1\test\20266.png,test\20266.png,20266.png,0,normal,gt_mask_empty,val
C:\Users\al774\.cache\kagglehub\datasets\vadimzavadskyi\kolektorsdd2-ksdd2\versions\1\test\20267.png,test\20267.png,20267.png,0,normal,gt_mask_empty,test
C:\Users\al774\.cache\kagglehub\datasets\vadimzavadskyi\kolektorsdd2-ksdd2\versions\1\test\20268.png,test\20268.png,20268.png,0,normal,gt_mask_empty,train
C:\Users\al774\.cache\kagglehub\datasets\vadimzavadskyi\kolektorsdd2-ksdd2\versions\1\test\20269.png,test\20269.png,20269.png,0,normal,gt_mask_empty,train
C:\Users\al774\.cache\kagglehub\datasets\vadimzavadskyi\kolektorsdd2-ksdd2\versions\1\test\20270.png,test\20270.png,20270.png,0,normal,gt_mask_empty,train
C:\Users\al774\.cache\kagglehub\datasets\vadimzavadskyi\kolektorsdd2-ksdd2\versions\1\test\20271.png,test\20271.png,20271.png,0,normal,gt_mask_empty,train
C:\Users\al774\.cache\kagglehub\datasets\vadimzavadskyi\kolektorsdd2-ksdd2\versions\1\test\20272.png,test\20272.png,20272.png,0,normal,gt_mask_empty,train
C:\Users\al774\.cache\kagglehub\datasets\vadimzavadskyi\kolektorsdd2-ksdd2\versions\1\test\20273.png,test\20273.png,20273.png,0,normal,gt_mask_empty,val
C:\Users\al774\.cache\kagglehub\datasets\vadimzavadskyi\kolektorsdd2-ksdd2\versions\1\test\20274.png,test\20274.png,20274.png,0,normal,gt_mask_empty,val
C:\Users\al774\.cache\kagglehub\datasets\vadimzavadskyi\kolektorsdd2-ksdd2\versions\1\test\20275.png,test\20275.png,20275.png,1,defective,gt_mask_defect(max_val=255),train
C:\Users\al774\.cache\kagglehub\datasets\vadimzavadskyi\kolektorsdd2-ksdd2\versions\1\test\20276.png,test\20276.png,20276.png,0,normal,gt_mask_empty,train
C:\Users\al774\.cache\kagglehub\datasets\vadimzavadskyi\kolektorsdd2-ksdd2\versions\1\test\20277.png,test\20277.png,20277.png,0,normal,gt_mask_empty,train
C:\Users\al774\.cache\kagglehub\datasets\vadimzavadskyi\kolektorsdd2-ksdd2\versions\1\test\20278.png,test\20278.png,20278.png,0,normal,gt_mask_empty,val
C:\Users\al774\.cache\kagglehub\datasets\vadimzavadskyi\kolektorsdd2-ksdd2\versions\1\test\20279.png,test\20279.png,20279.png,0,normal,gt_mask_empty,train
C:\Users\al774\.cache\kagglehub\datasets\vadimzavadskyi\kolektorsdd2-ksdd2\versions\1\test\20280.png,test\20280.png,20280.png,0,normal,gt_mask_empty,train
C:\Users\al774\.cache\kagglehub\datasets\vadimzavadskyi\kolektorsdd2-ksdd2\versions\1\test\20281.png,test\20281.png,20281.png,1,defective,gt_mask_defect(max_val=255),train
C:\Users\al774\.cache\kagglehub\datasets\vadimzavadskyi\kolektorsdd2-ksdd2\versions\1\test\20282.png,test\20282.png,20282.png,0,normal,gt_mask_empty,test
C:\Users\al774\.cache\kagglehub\datasets\vadimzavadskyi\kolektorsdd2-ksdd2\versions\1\test\20283.png,test\20283.png,20283.png,0,normal,gt_mask_empty,val
C:\Users\al774\.cache\kagglehub\datasets\vadimzavadskyi\kolektorsdd2-ksdd2\versions\1\test\20284.png,test\20284.png,20284.png,0,normal,gt_mask_empty,train
C:\Users\al774\.cache\kagglehub\datasets\vadimzavadskyi\kolektorsdd2-ksdd2\versions\1\test\20285.png,test\20285.png,20285.png,0,normal,gt_mask_empty,train
C:\Users\al774\.cache\kagglehub\datasets\vadimzavadskyi\kolektorsdd2-ksdd2\versions\1\test\20286.png,test\20286.png,20286.png,0,normal,gt_mask_empty,train
C:\Users\al774\.cache\kagglehub\datasets\vadimzavadskyi\kolektorsdd2-ksdd2\versions\1\test\20287.png,test\20287.png,20287.png,0,normal,gt_mask_empty,test
C:\Users\al774\.cache\kagglehub\datasets\vadimzavadskyi\kolektorsdd2-ksdd2\versions\1\test\20288.png,test\20288.png,20288.png,0,normal,gt_mask_empty,train
C:\Users\al774\.cache\kagglehub\datasets\vadimzavadskyi\kolektorsdd2-ksdd2\versions\1\test\20289.png,test\20289.png,20289.png,0,normal,gt_mask_empty,test
C:\Users\al774\.cache\kagglehub\datasets\vadimzavadskyi\kolektorsdd2-ksdd2\versions\1\test\20290.png,test\20290.png,20290.png,0,normal,gt_mask_empty,train
C:\Users\al774\.cache\kagglehub\datasets\vadimzavadskyi\kolektorsdd2-ksdd2\versions\1\test\20291.png,test\20291.png,20291.png,0,normal,gt_mask_empty,train
C:\Users\al774\.cache\kagglehub\datasets\vadimzavadskyi\kolektorsdd2-ksdd2\versions\1\test\20292.png,test\20292.png,20292.png,0,normal,gt_mask_empty,train
C:\Users\al774\.cache\kagglehub\datasets\vadimzavadskyi\kolektorsdd2-ksdd2\versions\1\test\20293.png,test\20293.png,20293.png,0,normal,gt_mask_empty,train
C:\Users\al774\.cache\kagglehub\datasets\vadimzavadskyi\kolektorsdd2-ksdd2\versions\1\test\20294.png,test\20294.png,20294.png,0,normal,gt_mask_empty,test
C:\Users\al774\.cache\kagglehub\datasets\vadimzavadskyi\kolektorsdd2-ksdd2\versions\1\test\20295.png,test\20295.png,20295.png,1,defective,gt_mask_defect(max_val=255),test
C:\Users\al774\.cache\kagglehub\datasets\vadimzavadskyi\kolektorsdd2-ksdd2\versions\1\test\20296.png,test\20296.png,20296.png,0,normal,gt_mask_empty,train
C:\Users\al774\.cache\kagglehub\datasets\vadimzavadskyi\kolektorsdd2-ksdd2\versions\1\test\20297.png,test\20297.png,20297.png,1,defective,gt_mask_defect(max_val=255),train
C:\Users\al774\.cache\kagglehub\datasets\vadimzavadskyi\kolektorsdd2-ksdd2\versions\1\test\20298.png,test\20298.png,20298.png,0,normal,gt_mask_empty,val
C:\Users\al774\.cache\kagglehub\datasets\vadimzavadskyi\kolektorsdd2-ksdd2\versions\1\test\20299.png,test\20299.png,20299.png,0,normal,gt_mask_empty,train
C:\Users\al774\.cache\kagglehub\datasets\vadimzavadskyi\kolektorsdd2-ksdd2\versions\1\test\20300.png,test\20300.png,20300.png,0,normal,gt_mask_empty,test
C:\Users\al774\.cache\kagglehub\datasets\vadimzavadskyi\kolektorsdd2-ksdd2\versions\1\test\20301.png,test\20301.png,20301.png,0,normal,gt_mask_empty,train
C:\Users\al774\.cache\kagglehub\datasets\vadimzavadskyi\kolektorsdd2-ksdd2\versions\1\test\20302.png,test\20302.png,20302.png,0,normal,gt_mask_empty,train
C:\Users\al774\.cache\kagglehub\datasets\vadimzavadskyi\kolektorsdd2-ksdd2\versions\1\test\20303.png,test\20303.png,20303.png,0,normal,gt_mask_empty,val
C:\Users\al774\.cache\kagglehub\datasets\vadimzavadskyi\kolektorsdd2-ksdd2\versions\1\test\20304.png,test\20304.png,20304.png,0,normal,gt_mask_empty,test
C:\Users\al774\.cache\kagglehub\datasets\vadimzavadskyi\kolektorsdd2-ksdd2\versions\1\test\20305.png,test\20305.png,20305.png,0,normal,gt_mask_empty,train
C:\Users\al774\.cache\kagglehub\datasets\vadimzavadskyi\kolektorsdd2-ksdd2\versions\1\test\20306.png,test\20306.png,20306.png,0,normal,gt_mask_empty,train
C:\Users\al774\.cache\kagglehub\datasets\vadimzavadskyi\kolektorsdd2-ksdd2\versions\1\test\20307.png,test\20307.png,20307.png,0,normal,gt_mask_empty,train
C:\Users\al774\.cache\kagglehub\datasets\vadimzavadskyi\kolektorsdd2-ksdd2\versions\1\test\20308.png,test\20308.png,20308.png,0,normal,gt_mask_empty,train
C:\Users\al774\.cache\kagglehub\datasets\vadimzavadskyi\kolektorsdd2-ksdd2\versions\1\test\20309.png,test\20309.png,20309.png,0,normal,gt_mask_empty,train
C:\Users\al774\.cache\kagglehub\datasets\vadimzavadskyi\kolektorsdd2-ksdd2\versions\1\test\20310.png,test\20310.png,20310.png,0,normal,gt_mask_empty,train
C:\Users\al774\.cache\kagglehub\datasets\vadimzavadskyi\kolektorsdd2-ksdd2\versions\1\test\20311.png,test\20311.png,20311.png,0,normal,gt_mask_empty,train
C:\Users\al774\.cache\kagglehub\datasets\vadimzavadskyi\kolektorsdd2-ksdd2\versions\1\test\20312.png,test\20312.png,20312.png,0,normal,gt_mask_empty,train
C:\Users\al774\.cache\kagglehub\datasets\vadimzavadskyi\kolektorsdd2-ksdd2\versions\1\test\20313.png,test\20313.png,20313.png,0,normal,gt_mask_empty,train
C:\Users\al774\.cache\kagglehub\datasets\vadimzavadskyi\kolektorsdd2-ksdd2\versions\1\test\20314.png,test\20314.png,20314.png,0,normal,gt_mask_empty,train
C:\Users\al774\.cache\kagglehub\datasets\vadimzavadskyi\kolektorsdd2-ksdd2\versions\1\test\20315.png,test\20315.png,20315.png,0,normal,gt_mask_empty,train
C:\Users\al774\.cache\kagglehub\datasets\vadimzavadskyi\kolektorsdd2-ksdd2\versions\1\test\20316.png,test\20316.png,20316.png,0,normal,gt_mask_empty,val
C:\Users\al774\.cache\kagglehub\datasets\vadimzavadskyi\kolektorsdd2-ksdd2\versions\1\test\20317.png,test\20317.png,20317.png,0,normal,gt_mask_empty,train
C:\Users\al774\.cache\kagglehub\datasets\vadimzavadskyi\kolektorsdd2-ksdd2\versions\1\test\20318.png,test\20318.png,20318.png,0,normal,gt_mask_empty,train
C:\Users\al774\.cache\kagglehub\datasets\vadimzavadskyi\kolektorsdd2-ksdd2\versions\1\test\20319.png,test\20319.png,20319.png,1,defective,gt_mask_defect(max_val=255),train
C:\Users\al774\.cache\kagglehub\datasets\vadimzavadskyi\kolektorsdd2-ksdd2\versions\1\test\20320.png,test\20320.png,20320.png,0,normal,gt_mask_empty,train
C:\Users\al774\.cache\kagglehub\datasets\vadimzavadskyi\kolektorsdd2-ksdd2\versions\1\test\20321.png,test\20321.png,20321.png,0,normal,gt_mask_empty,test
C:\Users\al774\.cache\kagglehub\datasets\vadimzavadskyi\kolektorsdd2-ksdd2\versions\1\test\20322.png,test\20322.png,20322.png,0,normal,gt_mask_empty,train
C:\Users\al774\.cache\kagglehub\datasets\vadimzavadskyi\kolektorsdd2-ksdd2\versions\1\test\20323.png,test\20323.png,20323.png,0,normal,gt_mask_empty,train
C:\Users\al774\.cache\kagglehub\datasets\vadimzavadskyi\kolektorsdd2-ksdd2\versions\1\test\20324.png,test\20324.png,20324.png,0,normal,gt_mask_empty,train
C:\Users\al774\.cache\kagglehub\datasets\vadimzavadskyi\kolektorsdd2-ksdd2\versions\1\test\20325.png,test\20325.png,20325.png,0,normal,gt_mask_empty,train
C:\Users\al774\.cache\kagglehub\datasets\vadimzavadskyi\kolektorsdd2-ksdd2\versions\1\test\20326.png,test\20326.png,20326.png,0,normal,gt_mask_empty,train
C:\Users\al774\.cache\kagglehub\datasets\vadimzavadskyi\kolektorsdd2-ksdd2\versions\1\test\20327.png,test\20327.png,20327.png,0,normal,gt_mask_empty,train
C:\Users\al774\.cache\kagglehub\datasets\vadimzavadskyi\kolektorsdd2-ksdd2\versions\1\test\20328.png,test\20328.png,20328.png,0,normal,gt_mask_empty,train
C:\Users\al774\.cache\kagglehub\datasets\vadimzavadskyi\kolektorsdd2-ksdd2\versions\1\test\20329.png,test\20329.png,20329.png,0,normal,gt_mask_empty,train
C:\Users\al774\.cache\kagglehub\datasets\vadimzavadskyi\kolektorsdd2-ksdd2\versions\1\test\20330.png,test\20330.png,20330.png,0,normal,gt_mask_empty,val
C:\Users\al774\.cache\kagglehub\datasets\vadimzavadskyi\kolektorsdd2-ksdd2\versions\1\test\20331.png,test\20331.png,20331.png,0,normal,gt_mask_empty,train
C:\Users\al774\.cache\kagglehub\datasets\vadimzavadskyi\kolektorsdd2-ksdd2\versions\1\test\20332.png,test\20332.png,20332.png,0,normal,gt_mask_empty,train
C:\Users\al774\.cache\kagglehub\datasets\vadimzavadskyi\kolektorsdd2-ksdd2\versions\1\test\20333.png,test\20333.png,20333.png,0,normal,gt_mask_empty,train
C:\Users\al774\.cache\kagglehub\datasets\vadimzavadskyi\kolektorsdd2-ksdd2\versions\1\test\20334.png,test\20334.png,20334.png,1,defective,gt_mask_defect(max_val=255),test
C:\Users\al774\.cache\kagglehub\datasets\vadimzavadskyi\kolektorsdd2-ksdd2\versions\1\test\20335.png,test\20335.png,20335.png,0,normal,gt_mask_empty,train
C:\Users\al774\.cache\kagglehub\datasets\vadimzavadskyi\kolektorsdd2-ksdd2\versions\1\test\20336.png,test\20336.png,20336.png,0,normal,gt_mask_empty,train
C:\Users\al774\.cache\kagglehub\datasets\vadimzavadskyi\kolektorsdd2-ksdd2\versions\1\test\20337.png,test\20337.png,20337.png,0,normal,gt_mask_empty,train
C:\Users\al774\.cache\kagglehub\datasets\vadimzavadskyi\kolektorsdd2-ksdd2\versions\1\test\20338.png,test\20338.png,20338.png,0,normal,gt_mask_empty,train
C:\Users\al774\.cache\kagglehub\datasets\vadimzavadskyi\kolektorsdd2-ksdd2\versions\1\test\20339.png,test\20339.png,20339.png,0,normal,gt_mask_empty,val
C:\Users\al774\.cache\kagglehub\datasets\vadimzavadskyi\kolektorsdd2-ksdd2\versions\1\test\20340.png,test\20340.png,20340.png,0,normal,gt_mask_empty,test
C:\Users\al774\.cache\kagglehub\datasets\vadimzavadskyi\kolektorsdd2-ksdd2\versions\1\test\20341.png,test\20341.png,20341.png,0,normal,gt_mask_empty,train
C:\Users\al774\.cache\kagglehub\datasets\vadimzavadskyi\kolektorsdd2-ksdd2\versions\1\test\20342.png,test\20342.png,20342.png,0,normal,gt_mask_empty,train
C:\Users\al774\.cache\kagglehub\datasets\vadimzavadskyi\kolektorsdd2-ksdd2\versions\1\test\20343.png,test\20343.png,20343.png,0,normal,gt_mask_empty,train
C:\Users\al774\.cache\kagglehub\datasets\vadimzavadskyi\kolektorsdd2-ksdd2\versions\1\test\20344.png,test\20344.png,20344.png,0,normal,gt_mask_empty,train
C:\Users\al774\.cache\kagglehub\datasets\vadimzavadskyi\kolektorsdd2-ksdd2\versions\1\test\20345.png,test\20345.png,20345.png,0,normal,gt_mask_empty,train
C:\Users\al774\.cache\kagglehub\datasets\vadimzavadskyi\kolektorsdd2-ksdd2\versions\1\test\20346.png,test\20346.png,20346.png,0,normal,gt_mask_empty,train
C:\Users\al774\.cache\kagglehub\datasets\vadimzavadskyi\kolektorsdd2-ksdd2\versions\1\test\20347.png,test\20347.png,20347.png,0,normal,gt_mask_empty,train
C:\Users\al774\.cache\kagglehub\datasets\vadimzavadskyi\kolektorsdd2-ksdd2\versions\1\test\20348.png,test\20348.png,20348.png,0,normal,gt_mask_empty,train
C:\Users\al774\.cache\kagglehub\datasets\vadimzavadskyi\kolektorsdd2-ksdd2\versions\1\test\20349.png,test\20349.png,20349.png,0,normal,gt_mask_empty,train
C:\Users\al774\.cache\kagglehub\datasets\vadimzavadskyi\kolektorsdd2-ksdd2\versions\1\test\20350.png,test\20350.png,20350.png,0,normal,gt_mask_empty,train
C:\Users\al774\.cache\kagglehub\datasets\vadimzavadskyi\kolektorsdd2-ksdd2\versions\1\test\20351.png,test\20351.png,20351.png,0,normal,gt_mask_empty,train
C:\Users\al774\.cache\kagglehub\datasets\vadimzavadskyi\kolektorsdd2-ksdd2\versions\1\test\20352.png,test\20352.png,20352.png,0,normal,gt_mask_empty,train
C:\Users\al774\.cache\kagglehub\datasets\vadimzavadskyi\kolektorsdd2-ksdd2\versions\1\test\20353.png,test\20353.png,20353.png,0,normal,gt_mask_empty,train
C:\Users\al774\.cache\kagglehub\datasets\vadimzavadskyi\kolektorsdd2-ksdd2\versions\1\test\20354.png,test\20354.png,20354.png,0,normal,gt_mask_empty,train
C:\Users\al774\.cache\kagglehub\datasets\vadimzavadskyi\kolektorsdd2-ksdd2\versions\1\test\20355.png,test\20355.png,20355.png,0,normal,gt_mask_empty,val
C:\Users\al774\.cache\kagglehub\datasets\vadimzavadskyi\kolektorsdd2-ksdd2\versions\1\test\20356.png,test\20356.png,20356.png,0,normal,gt_mask_empty,train
C:\Users\al774\.cache\kagglehub\datasets\vadimzavadskyi\kolektorsdd2-ksdd2\versions\1\test\20357.png,test\20357.png,20357.png,0,normal,gt_mask_empty,test
C:\Users\al774\.cache\kagglehub\datasets\vadimzavadskyi\kolektorsdd2-ksdd2\versions\1\test\20358.png,test\20358.png,20358.png,0,normal,gt_mask_empty,val
C:\Users\al774\.cache\kagglehub\datasets\vadimzavadskyi\kolektorsdd2-ksdd2\versions\1\test\20359.png,test\20359.png,20359.png,0,normal,gt_mask_empty,train
C:\Users\al774\.cache\kagglehub\datasets\vadimzavadskyi\kolektorsdd2-ksdd2\versions\1\test\20360.png,test\20360.png,20360.png,0,normal,gt_mask_empty,train
C:\Users\al774\.cache\kagglehub\datasets\vadimzavadskyi\kolektorsdd2-ksdd2\versions\1\test\20361.png,test\20361.png,20361.png,0,normal,gt_mask_empty,train
C:\Users\al774\.cache\kagglehub\datasets\vadimzavadskyi\kolektorsdd2-ksdd2\versions\1\test\20362.png,test\20362.png,20362.png,0,normal,gt_mask_empty,train
C:\Users\al774\.cache\kagglehub\datasets\vadimzavadskyi\kolektorsdd2-ksdd2\versions\1\test\20363.png,test\20363.png,20363.png,0,normal,gt_mask_empty,train
C:\Users\al774\.cache\kagglehub\datasets\vadimzavadskyi\kolektorsdd2-ksdd2\versions\1\test\20364.png,test\20364.png,20364.png,0,normal,gt_mask_empty,train
C:\Users\al774\.cache\kagglehub\datasets\vadimzavadskyi\kolektorsdd2-ksdd2\versions\1\test\20365.png,test\20365.png,20365.png,0,normal,gt_mask_empty,train
C:\Users\al774\.cache\kagglehub\datasets\vadimzavadskyi\kolektorsdd2-ksdd2\versions\1\test\20366.png,test\20366.png,20366.png,0,normal,gt_mask_empty,train
C:\Users\al774\.cache\kagglehub\datasets\vadimzavadskyi\kolektorsdd2-ksdd2\versions\1\test\20367.png,test\20367.png,20367.png,0,normal,gt_mask_empty,train
C:\Users\al774\.cache\kagglehub\datasets\vadimzavadskyi\kolektorsdd2-ksdd2\versions\1\test\20368.png,test\20368.png,20368.png,0,normal,gt_mask_empty,val
C:\Users\al774\.cache\kagglehub\datasets\vadimzavadskyi\kolektorsdd2-ksdd2\versions\1\test\20369.png,test\20369.png,20369.png,0,normal,gt_mask_empty,train
C:\Users\al774\.cache\kagglehub\datasets\vadimzavadskyi\kolektorsdd2-ksdd2\versions\1\test\20370.png,test\20370.png,20370.png,0,normal,gt_mask_empty,train
C:\Users\al774\.cache\kagglehub\datasets\vadimzavadskyi\kolektorsdd2-ksdd2\versions\1\test\20371.png,test\20371.png,20371.png,0,normal,gt_mask_empty,test
C:\Users\al774\.cache\kagglehub\datasets\vadimzavadskyi\kolektorsdd2-ksdd2\versions\1\test\20372.png,test\20372.png,20372.png,0,normal,gt_mask_empty,train
C:\Users\al774\.cache\kagglehub\datasets\vadimzavadskyi\kolektorsdd2-ksdd2\versions\1\test\20373.png,test\20373.png,20373.png,0,normal,gt_mask_empty,val
C:\Users\al774\.cache\kagglehub\datasets\vadimzavadskyi\kolektorsdd2-ksdd2\versions\1\test\20374.png,test\20374.png,20374.png,0,normal,gt_mask_empty,val
C:\Users\al774\.cache\kagglehub\datasets\vadimzavadskyi\kolektorsdd2-ksdd2\versions\1\test\20375.png,test\20375.png,20375.png,0,normal,gt_mask_empty,test
C:\Users\al774\.cache\kagglehub\datasets\vadimzavadskyi\kolektorsdd2-ksdd2\versions\1\test\20376.png,test\20376.png,20376.png,0,normal,gt_mask_empty,train
C:\Users\al774\.cache\kagglehub\datasets\vadimzavadskyi\kolektorsdd2-ksdd2\versions\1\test\20377.png,test\20377.png,20377.png,0,normal,gt_mask_empty,train
C:\Users\al774\.cache\kagglehub\datasets\vadimzavadskyi\kolektorsdd2-ksdd2\versions\1\test\20378.png,test\20378.png,20378.png,1,defective,gt_mask_defect(max_val=255),test
C:\Users\al774\.cache\kagglehub\datasets\vadimzavadskyi\kolektorsdd2-ksdd2\versions\1\test\20379.png,test\20379.png,20379.png,0,normal,gt_mask_empty,train
C:\Users\al774\.cache\kagglehub\datasets\vadimzavadskyi\kolektorsdd2-ksdd2\versions\1\test\20380.png,test\20380.png,20380.png,0,normal,gt_mask_empty,train
C:\Users\al774\.cache\kagglehub\datasets\vadimzavadskyi\kolektorsdd2-ksdd2\versions\1\test\20381.png,test\20381.png,20381.png,0,normal,gt_mask_empty,train
C:\Users\al774\.cache\kagglehub\datasets\vadimzavadskyi\kolektorsdd2-ksdd2\versions\1\test\20382.png,test\20382.png,20382.png,0,normal,gt_mask_empty,train
C:\Users\al774\.cache\kagglehub\datasets\vadimzavadskyi\kolektorsdd2-ksdd2\versions\1\test\20383.png,test\20383.png,20383.png,0,normal,gt_mask_empty,train
C:\Users\al774\.cache\kagglehub\datasets\vadimzavadskyi\kolektorsdd2-ksdd2\versions\1\test\20384.png,test\20384.png,20384.png,0,normal,gt_mask_empty,train
C:\Users\al774\.cache\kagglehub\datasets\vadimzavadskyi\kolektorsdd2-ksdd2\versions\1\test\20385.png,test\20385.png,20385.png,0,normal,gt_mask_empty,train
C:\Users\al774\.cache\kagglehub\datasets\vadimzavadskyi\kolektorsdd2-ksdd2\versions\1\test\20386.png,test\20386.png,20386.png,0,normal,gt_mask_empty,train
C:\Users\al774\.cache\kagglehub\datasets\vadimzavadskyi\kolektorsdd2-ksdd2\versions\1\test\20387.png,test\20387.png,20387.png,0,normal,gt_mask_empty,train
C:\Users\al774\.cache\kagglehub\datasets\vadimzavadskyi\kolektorsdd2-ksdd2\versions\1\test\20388.png,test\20388.png,20388.png,0,normal,gt_mask_empty,train
C:\Users\al774\.cache\kagglehub\datasets\vadimzavadskyi\kolektorsdd2-ksdd2\versions\1\test\20389.png,test\20389.png,20389.png,0,normal,gt_mask_empty,train
C:\Users\al774\.cache\kagglehub\datasets\vadimzavadskyi\kolektorsdd2-ksdd2\versions\1\test\20390.png,test\20390.png,20390.png,0,normal,gt_mask_empty,train
C:\Users\al774\.cache\kagglehub\datasets\vadimzavadskyi\kolektorsdd2-ksdd2\versions\1\test\20391.png,test\20391.png,20391.png,0,normal,gt_mask_empty,train
C:\Users\al774\.cache\kagglehub\datasets\vadimzavadskyi\kolektorsdd2-ksdd2\versions\1\test\20392.png,test\20392.png,20392.png,1,defective,gt_mask_defect(max_val=255),train
C:\Users\al774\.cache\kagglehub\datasets\vadimzavadskyi\kolektorsdd2-ksdd2\versions\1\test\20393.png,test\20393.png,20393.png,0,normal,gt_mask_empty,train
C:\Users\al774\.cache\kagglehub\datasets\vadimzavadskyi\kolektorsdd2-ksdd2\versions\1\test\20394.png,test\20394.png,20394.png,0,normal,gt_mask_empty,train
C:\Users\al774\.cache\kagglehub\datasets\vadimzavadskyi\kolektorsdd2-ksdd2\versions\1\test\20395.png,test\20395.png,20395.png,0,normal,gt_mask_empty,train
C:\Users\al774\.cache\kagglehub\datasets\vadimzavadskyi\kolektorsdd2-ksdd2\versions\1\test\20396.png,test\20396.png,20396.png,0,normal,gt_mask_empty,val
C:\Users\al774\.cache\kagglehub\datasets\vadimzavadskyi\kolektorsdd2-ksdd2\versions\1\test\20397.png,test\20397.png,20397.png,0,normal,gt_mask_empty,val
C:\Users\al774\.cache\kagglehub\datasets\vadimzavadskyi\kolektorsdd2-ksdd2\versions\1\test\20398.png,test\20398.png,20398.png,0,normal,gt_mask_empty,train
C:\Users\al774\.cache\kagglehub\datasets\vadimzavadskyi\kolektorsdd2-ksdd2\versions\1\test\20399.png,test\20399.png,20399.png,0,normal,gt_mask_empty,test
C:\Users\al774\.cache\kagglehub\datasets\vadimzavadskyi\kolektorsdd2-ksdd2\versions\1\test\20400.png,test\20400.png,20400.png,0,normal,gt_mask_empty,train
C:\Users\al774\.cache\kagglehub\datasets\vadimzavadskyi\kolektorsdd2-ksdd2\versions\1\test\20401.png,test\20401.png,20401.png,0,normal,gt_mask_empty,train
C:\Users\al774\.cache\kagglehub\datasets\vadimzavadskyi\kolektorsdd2-ksdd2\versions\1\test\20402.png,test\20402.png,20402.png,0,normal,gt_mask_empty,train
C:\Users\al774\.cache\kagglehub\datasets\vadimzavadskyi\kolektorsdd2-ksdd2\versions\1\test\20403.png,test\20403.png,20403.png,1,defective,gt_mask_defect(max_val=255),val
C:\Users\al774\.cache\kagglehub\datasets\vadimzavadskyi\kolektorsdd2-ksdd2\versions\1\test\20404.png,test\20404.png,20404.png,0,normal,gt_mask_empty,train
C:\Users\al774\.cache\kagglehub\datasets\vadimzavadskyi\kolektorsdd2-ksdd2\versions\1\test\20405.png,test\20405.png,20405.png,0,normal,gt_mask_empty,test
C:\Users\al774\.cache\kagglehub\datasets\vadimzavadskyi\kolektorsdd2-ksdd2\versions\1\test\20406.png,test\20406.png,20406.png,0,normal,gt_mask_empty,train
C:\Users\al774\.cache\kagglehub\datasets\vadimzavadskyi\kolektorsdd2-ksdd2\versions\1\test\20407.png,test\20407.png,20407.png,0,normal,gt_mask_empty,train
C:\Users\al774\.cache\kagglehub\datasets\vadimzavadskyi\kolektorsdd2-ksdd2\versions\1\test\20408.png,test\20408.png,20408.png,0,normal,gt_mask_empty,train
C:\Users\al774\.cache\kagglehub\datasets\vadimzavadskyi\kolektorsdd2-ksdd2\versions\1\test\20409.png,test\20409.png,20409.png,0,normal,gt_mask_empty,train
C:\Users\al774\.cache\kagglehub\datasets\vadimzavadskyi\kolektorsdd2-ksdd2\versions\1\test\20410.png,test\20410.png,20410.png,0,normal,gt_mask_empty,val
C:\Users\al774\.cache\kagglehub\datasets\vadimzavadskyi\kolektorsdd2-ksdd2\versions\1\test\20411.png,test\20411.png,20411.png,0,normal,gt_mask_empty,train
C:\Users\al774\.cache\kagglehub\datasets\vadimzavadskyi\kolektorsdd2-ksdd2\versions\1\test\20412.png,test\20412.png,20412.png,0,normal,gt_mask_empty,train
C:\Users\al774\.cache\kagglehub\datasets\vadimzavadskyi\kolektorsdd2-ksdd2\versions\1\test\20413.png,test\20413.png,20413.png,0,normal,gt_mask_empty,test
C:\Users\al774\.cache\kagglehub\datasets\vadimzavadskyi\kolektorsdd2-ksdd2\versions\1\test\20414.png,test\20414.png,20414.png,0,normal,gt_mask_empty,test
C:\Users\al774\.cache\kagglehub\datasets\vadimzavadskyi\kolektorsdd2-ksdd2\versions\1\test\20415.png,test\20415.png,20415.png,0,normal,gt_mask_empty,train
C:\Users\al774\.cache\kagglehub\datasets\vadimzavadskyi\kolektorsdd2-ksdd2\versions\1\test\20416.png,test\20416.png,20416.png,1,defective,gt_mask_defect(max_val=255),train
C:\Users\al774\.cache\kagglehub\datasets\vadimzavadskyi\kolektorsdd2-ksdd2\versions\1\test\20417.png,test\20417.png,20417.png,0,normal,gt_mask_empty,val
C:\Users\al774\.cache\kagglehub\datasets\vadimzavadskyi\kolektorsdd2-ksdd2\versions\1\test\20418.png,test\20418.png,20418.png,0,normal,gt_mask_empty,train
C:\Users\al774\.cache\kagglehub\datasets\vadimzavadskyi\kolektorsdd2-ksdd2\versions\1\test\20419.png,test\20419.png,20419.png,0,normal,gt_mask_empty,train
C:\Users\al774\.cache\kagglehub\datasets\vadimzavadskyi\kolektorsdd2-ksdd2\versions\1\test\20420.png,test\20420.png,20420.png,0,normal,gt_mask_empty,val
C:\Users\al774\.cache\kagglehub\datasets\vadimzavadskyi\kolektorsdd2-ksdd2\versions\1\test\20421.png,test\20421.png,20421.png,0,normal,gt_mask_empty,val
C:\Users\al774\.cache\kagglehub\datasets\vadimzavadskyi\kolektorsdd2-ksdd2\versions\1\test\20422.png,test\20422.png,20422.png,0,normal,gt_mask_empty,train
C:\Users\al774\.cache\kagglehub\datasets\vadimzavadskyi\kolektorsdd2-ksdd2\versions\1\test\20423.png,test\20423.png,20423.png,0,normal,gt_mask_empty,train
C:\Users\al774\.cache\kagglehub\datasets\vadimzavadskyi\kolektorsdd2-ksdd2\versions\1\test\20424.png,test\20424.png,20424.png,0,normal,gt_mask_empty,train
C:\Users\al774\.cache\kagglehub\datasets\vadimzavadskyi\kolektorsdd2-ksdd2\versions\1\test\20425.png,test\20425.png,20425.png,0,normal,gt_mask_empty,train
C:\Users\al774\.cache\kagglehub\datasets\vadimzavadskyi\kolektorsdd2-ksdd2\versions\1\test\20426.png,test\20426.png,20426.png,1,defective,gt_mask_defect(max_val=255),train
C:\Users\al774\.cache\kagglehub\datasets\vadimzavadskyi\kolektorsdd2-ksdd2\versions\1\test\20427.png,test\20427.png,20427.png,0,normal,gt_mask_empty,test
C:\Users\al774\.cache\kagglehub\datasets\vadimzavadskyi\kolektorsdd2-ksdd2\versions\1\test\20428.png,test\20428.png,20428.png,1,defective,gt_mask_defect(max_val=255),train
C:\Users\al774\.cache\kagglehub\datasets\vadimzavadskyi\kolektorsdd2-ksdd2\versions\1\test\20429.png,test\20429.png,20429.png,0,normal,gt_mask_empty,train
C:\Users\al774\.cache\kagglehub\datasets\vadimzavadskyi\kolektorsdd2-ksdd2\versions\1\test\20430.png,test\20430.png,20430.png,0,normal,gt_mask_empty,train
C:\Users\al774\.cache\kagglehub\datasets\vadimzavadskyi\kolektorsdd2-ksdd2\versions\1\test\20431.png,test\20431.png,20431.png,0,normal,gt_mask_empty,train
C:\Users\al774\.cache\kagglehub\datasets\vadimzavadskyi\kolektorsdd2-ksdd2\versions\1\test\20432.png,test\20432.png,20432.png,0,normal,gt_mask_empty,val
C:\Users\al774\.cache\kagglehub\datasets\vadimzavadskyi\kolektorsdd2-ksdd2\versions\1\test\20433.png,test\20433.png,20433.png,0,normal,gt_mask_empty,val
C:\Users\al774\.cache\kagglehub\datasets\vadimzavadskyi\kolektorsdd2-ksdd2\versions\1\test\20434.png,test\20434.png,20434.png,1,defective,gt_mask_defect(max_val=255),val
C:\Users\al774\.cache\kagglehub\datasets\vadimzavadskyi\kolektorsdd2-ksdd2\versions\1\test\20435.png,test\20435.png,20435.png,0,normal,gt_mask_empty,train
C:\Users\al774\.cache\kagglehub\datasets\vadimzavadskyi\kolektorsdd2-ksdd2\versions\1\test\20436.png,test\20436.png,20436.png,0,normal,gt_mask_empty,test
C:\Users\al774\.cache\kagglehub\datasets\vadimzavadskyi\kolektorsdd2-ksdd2\versions\1\test\20437.png,test\20437.png,20437.png,0,normal,gt_mask_empty,val
C:\Users\al774\.cache\kagglehub\datasets\vadimzavadskyi\kolektorsdd2-ksdd2\versions\1\test\20438.png,test\20438.png,20438.png,0,normal,gt_mask_empty,train
C:\Users\al774\.cache\kagglehub\datasets\vadimzavadskyi\kolektorsdd2-ksdd2\versions\1\test\20439.png,test\20439.png,20439.png,1,defective,gt_mask_defect(max_val=255),val
C:\Users\al774\.cache\kagglehub\datasets\vadimzavadskyi\kolektorsdd2-ksdd2\versions\1\test\20440.png,test\20440.png,20440.png,0,normal,gt_mask_empty,train
C:\Users\al774\.cache\kagglehub\datasets\vadimzavadskyi\kolektorsdd2-ksdd2\versions\1\test\20441.png,test\20441.png,20441.png,0,normal,gt_mask_empty,val
C:\Users\al774\.cache\kagglehub\datasets\vadimzavadskyi\kolektorsdd2-ksdd2\versions\1\test\20442.png,test\20442.png,20442.png,0,normal,gt_mask_empty,test
C:\Users\al774\.cache\kagglehub\datasets\vadimzavadskyi\kolektorsdd2-ksdd2\versions\1\test\20443.png,test\20443.png,20443.png,0,normal,gt_mask_empty,val
C:\Users\al774\.cache\kagglehub\datasets\vadimzavadskyi\kolektorsdd2-ksdd2\versions\1\test\20444.png,test\20444.png,20444.png,0,normal,gt_mask_empty,train
C:\Users\al774\.cache\kagglehub\datasets\vadimzavadskyi\kolektorsdd2-ksdd2\versions\1\test\20445.png,test\20445.png,20445.png,0,normal,gt_mask_empty,val
C:\Users\al774\.cache\kagglehub\datasets\vadimzavadskyi\kolektorsdd2-ksdd2\versions\1\test\20446.png,test\20446.png,20446.png,0,normal,gt_mask_empty,val
C:\Users\al774\.cache\kagglehub\datasets\vadimzavadskyi\kolektorsdd2-ksdd2\versions\1\test\20447.png,test\20447.png,20447.png,0,normal,gt_mask_empty,train
C:\Users\al774\.cache\kagglehub\datasets\vadimzavadskyi\kolektorsdd2-ksdd2\versions\1\test\20448.png,test\20448.png,20448.png,0,normal,gt_mask_empty,train
C:\Users\al774\.cache\kagglehub\datasets\vadimzavadskyi\kolektorsdd2-ksdd2\versions\1\test\20449.png,test\20449.png,20449.png,0,normal,gt_mask_empty,val
C:\Users\al774\.cache\kagglehub\datasets\vadimzavadskyi\kolektorsdd2-ksdd2\versions\1\test\20450.png,test\20450.png,20450.png,0,normal,gt_mask_empty,test
C:\Users\al774\.cache\kagglehub\datasets\vadimzavadskyi\kolektorsdd2-ksdd2\versions\1\test\20451.png,test\20451.png,20451.png,0,normal,gt_mask_empty,train
C:\Users\al774\.cache\kagglehub\datasets\vadimzavadskyi\kolektorsdd2-ksdd2\versions\1\test\20452.png,test\20452.png,20452.png,1,defective,gt_mask_defect(max_val=255),test
C:\Users\al774\.cache\kagglehub\datasets\vadimzavadskyi\kolektorsdd2-ksdd2\versions\1\test\20453.png,test\20453.png,20453.png,0,normal,gt_mask_empty,train
C:\Users\al774\.cache\kagglehub\datasets\vadimzavadskyi\kolektorsdd2-ksdd2\versions\1\test\20454.png,test\20454.png,20454.png,0,normal,gt_mask_empty,train
C:\Users\al774\.cache\kagglehub\datasets\vadimzavadskyi\kolektorsdd2-ksdd2\versions\1\test\20455.png,test\20455.png,20455.png,0,normal,gt_mask_empty,train
C:\Users\al774\.cache\kagglehub\datasets\vadimzavadskyi\kolektorsdd2-ksdd2\versions\1\test\20456.png,test\20456.png,20456.png,0,normal,gt_mask_empty,train
C:\Users\al774\.cache\kagglehub\datasets\vadimzavadskyi\kolektorsdd2-ksdd2\versions\1\test\20457.png,test\20457.png,20457.png,1,defective,gt_mask_defect(max_val=255),train
C:\Users\al774\.cache\kagglehub\datasets\vadimzavadskyi\kolektorsdd2-ksdd2\versions\1\test\20458.png,test\20458.png,20458.png,0,normal,gt_mask_empty,train
C:\Users\al774\.cache\kagglehub\datasets\vadimzavadskyi\kolektorsdd2-ksdd2\versions\1\test\20459.png,test\20459.png,20459.png,0,normal,gt_mask_empty,train
C:\Users\al774\.cache\kagglehub\datasets\vadimzavadskyi\kolektorsdd2-ksdd2\versions\1\test\20460.png,test\20460.png,20460.png,0,normal,gt_mask_empty,val
C:\Users\al774\.cache\kagglehub\datasets\vadimzavadskyi\kolektorsdd2-ksdd2\versions\1\test\20461.png,test\20461.png,20461.png,0,normal,gt_mask_empty,train
C:\Users\al774\.cache\kagglehub\datasets\vadimzavadskyi\kolektorsdd2-ksdd2\versions\1\test\20462.png,test\20462.png,20462.png,0,normal,gt_mask_empty,train
C:\Users\al774\.cache\kagglehub\datasets\vadimzavadskyi\kolektorsdd2-ksdd2\versions\1\test\20463.png,test\20463.png,20463.png,0,normal,gt_mask_empty,train
C:\Users\al774\.cache\kagglehub\datasets\vadimzavadskyi\kolektorsdd2-ksdd2\versions\1\test\20464.png,test\20464.png,20464.png,0,normal,gt_mask_empty,train
C:\Users\al774\.cache\kagglehub\datasets\vadimzavadskyi\kolektorsdd2-ksdd2\versions\1\test\20465.png,test\20465.png,20465.png,1,defective,gt_mask_defect(max_val=255),train
C:\Users\al774\.cache\kagglehub\datasets\vadimzavadskyi\kolektorsdd2-ksdd2\versions\1\test\20466.png,test\20466.png,20466.png,0,normal,gt_mask_empty,test
C:\Users\al774\.cache\kagglehub\datasets\vadimzavadskyi\kolektorsdd2-ksdd2\versions\1\test\20467.png,test\20467.png,20467.png,0,normal,gt_mask_empty,val
C:\Users\al774\.cache\kagglehub\datasets\vadimzavadskyi\kolektorsdd2-ksdd2\versions\1\test\20468.png,test\20468.png,20468.png,0,normal,gt_mask_empty,train
C:\Users\al774\.cache\kagglehub\datasets\vadimzavadskyi\kolektorsdd2-ksdd2\versions\1\test\20469.png,test\20469.png,20469.png,0,normal,gt_mask_empty,train
C:\Users\al774\.cache\kagglehub\datasets\vadimzavadskyi\kolektorsdd2-ksdd2\versions\1\test\20470.png,test\20470.png,20470.png,0,normal,gt_mask_empty,train
C:\Users\al774\.cache\kagglehub\datasets\vadimzavadskyi\kolektorsdd2-ksdd2\versions\1\test\20471.png,test\20471.png,20471.png,0,normal,gt_mask_empty,train
C:\Users\al774\.cache\kagglehub\datasets\vadimzavadskyi\kolektorsdd2-ksdd2\versions\1\test\20472.png,test\20472.png,20472.png,0,normal,gt_mask_empty,train
C:\Users\al774\.cache\kagglehub\datasets\vadimzavadskyi\kolektorsdd2-ksdd2\versions\1\test\20473.png,test\20473.png,20473.png,0,normal,gt_mask_empty,train
C:\Users\al774\.cache\kagglehub\datasets\vadimzavadskyi\kolektorsdd2-ksdd2\versions\1\test\20474.png,test\20474.png,20474.png,0,normal,gt_mask_empty,train
C:\Users\al774\.cache\kagglehub\datasets\vadimzavadskyi\kolektorsdd2-ksdd2\versions\1\test\20475.png,test\20475.png,20475.png,0,normal,gt_mask_empty,train
C:\Users\al774\.cache\kagglehub\datasets\vadimzavadskyi\kolektorsdd2-ksdd2\versions\1\test\20476.png,test\20476.png,20476.png,0,normal,gt_mask_empty,train
C:\Users\al774\.cache\kagglehub\datasets\vadimzavadskyi\kolektorsdd2-ksdd2\versions\1\test\20477.png,test\20477.png,20477.png,0,normal,gt_mask_empty,train
C:\Users\al774\.cache\kagglehub\datasets\vadimzavadskyi\kolektorsdd2-ksdd2\versions\1\test\20478.png,test\20478.png,20478.png,0,normal,gt_mask_empty,train
C:\Users\al774\.cache\kagglehub\datasets\vadimzavadskyi\kolektorsdd2-ksdd2\versions\1\test\20479.png,test\20479.png,20479.png,0,normal,gt_mask_empty,train
C:\Users\al774\.cache\kagglehub\datasets\vadimzavadskyi\kolektorsdd2-ksdd2\versions\1\test\20480.png,test\20480.png,20480.png,0,normal,gt_mask_empty,train
C:\Users\al774\.cache\kagglehub\datasets\vadimzavadskyi\kolektorsdd2-ksdd2\versions\1\test\20481.png,test\20481.png,20481.png,0,normal,gt_mask_empty,train
C:\Users\al774\.cache\kagglehub\datasets\vadimzavadskyi\kolektorsdd2-ksdd2\versions\1\test\20482.png,test\20482.png,20482.png,0,normal,gt_mask_empty,train
C:\Users\al774\.cache\kagglehub\datasets\vadimzavadskyi\kolektorsdd2-ksdd2\versions\1\test\20483.png,test\20483.png,20483.png,0,normal,gt_mask_empty,val
C:\Users\al774\.cache\kagglehub\datasets\vadimzavadskyi\kolektorsdd2-ksdd2\versions\1\test\20484.png,test\20484.png,20484.png,0,normal,gt_mask_empty,train
C:\Users\al774\.cache\kagglehub\datasets\vadimzavadskyi\kolektorsdd2-ksdd2\versions\1\test\20485.png,test\20485.png,20485.png,0,normal,gt_mask_empty,train
C:\Users\al774\.cache\kagglehub\datasets\vadimzavadskyi\kolektorsdd2-ksdd2\versions\1\test\20486.png,test\20486.png,20486.png,1,defective,gt_mask_defect(max_val=255),test
C:\Users\al774\.cache\kagglehub\datasets\vadimzavadskyi\kolektorsdd2-ksdd2\versions\1\test\20487.png,test\20487.png,20487.png,1,defective,gt_mask_defect(max_val=255),train
C:\Users\al774\.cache\kagglehub\datasets\vadimzavadskyi\kolektorsdd2-ksdd2\versions\1\test\20488.png,test\20488.png,20488.png,0,normal,gt_mask_empty,test
C:\Users\al774\.cache\kagglehub\datasets\vadimzavadskyi\kolektorsdd2-ksdd2\versions\1\test\20489.png,test\20489.png,20489.png,0,normal,gt_mask_empty,train
C:\Users\al774\.cache\kagglehub\datasets\vadimzavadskyi\kolektorsdd2-ksdd2\versions\1\test\20490.png,test\20490.png,20490.png,0,normal,gt_mask_empty,train
C:\Users\al774\.cache\kagglehub\datasets\vadimzavadskyi\kolektorsdd2-ksdd2\versions\1\test\20491.png,test\20491.png,20491.png,0,normal,gt_mask_empty,train
C:\Users\al774\.cache\kagglehub\datasets\vadimzavadskyi\kolektorsdd2-ksdd2\versions\1\test\20492.png,test\20492.png,20492.png,0,normal,gt_mask_empty,train
C:\Users\al774\.cache\kagglehub\datasets\vadimzavadskyi\kolektorsdd2-ksdd2\versions\1\test\20493.png,test\20493.png,20493.png,0,normal,gt_mask_empty,train
C:\Users\al774\.cache\kagglehub\datasets\vadimzavadskyi\kolektorsdd2-ksdd2\versions\1\test\20494.png,test\20494.png,20494.png,0,normal,gt_mask_empty,train
C:\Users\al774\.cache\kagglehub\datasets\vadimzavadskyi\kolektorsdd2-ksdd2\versions\1\test\20495.png,test\20495.png,20495.png,0,normal,gt_mask_empty,train
C:\Users\al774\.cache\kagglehub\datasets\vadimzavadskyi\kolektorsdd2-ksdd2\versions\1\test\20496.png,test\20496.png,20496.png,0,normal,gt_mask_empty,train
C:\Users\al774\.cache\kagglehub\datasets\vadimzavadskyi\kolektorsdd2-ksdd2\versions\1\test\20497.png,test\20497.png,20497.png,0,normal,gt_mask_empty,val
C:\Users\al774\.cache\kagglehub\datasets\vadimzavadskyi\kolektorsdd2-ksdd2\versions\1\test\20498.png,test\20498.png,20498.png,0,normal,gt_mask_empty,train
C:\Users\al774\.cache\kagglehub\datasets\vadimzavadskyi\kolektorsdd2-ksdd2\versions\1\test\20499.png,test\20499.png,20499.png,0,normal,gt_mask_empty,val
C:\Users\al774\.cache\kagglehub\datasets\vadimzavadskyi\kolektorsdd2-ksdd2\versions\1\test\20500.png,test\20500.png,20500.png,0,normal,gt_mask_empty,train
C:\Users\al774\.cache\kagglehub\datasets\vadimzavadskyi\kolektorsdd2-ksdd2\versions\1\test\20501.png,test\20501.png,20501.png,0,normal,gt_mask_empty,train
C:\Users\al774\.cache\kagglehub\datasets\vadimzavadskyi\kolektorsdd2-ksdd2\versions\1\test\20502.png,test\20502.png,20502.png,1,defective,gt_mask_defect(max_val=255),train
C:\Users\al774\.cache\kagglehub\datasets\vadimzavadskyi\kolektorsdd2-ksdd2\versions\1\test\20503.png,test\20503.png,20503.png,0,normal,gt_mask_empty,train
C:\Users\al774\.cache\kagglehub\datasets\vadimzavadskyi\kolektorsdd2-ksdd2\versions\1\test\20504.png,test\20504.png,20504.png,0,normal,gt_mask_empty,test
C:\Users\al774\.cache\kagglehub\datasets\vadimzavadskyi\kolektorsdd2-ksdd2\versions\1\test\20505.png,test\20505.png,20505.png,0,normal,gt_mask_empty,train
C:\Users\al774\.cache\kagglehub\datasets\vadimzavadskyi\kolektorsdd2-ksdd2\versions\1\test\20506.png,test\20506.png,20506.png,0,normal,gt_mask_empty,train
C:\Users\al774\.cache\kagglehub\datasets\vadimzavadskyi\kolektorsdd2-ksdd2\versions\1\test\20507.png,test\20507.png,20507.png,0,normal,gt_mask_empty,val
C:\Users\al774\.cache\kagglehub\datasets\vadimzavadskyi\kolektorsdd2-ksdd2\versions\1\test\20508.png,test\20508.png,20508.png,0,normal,gt_mask_empty,train
C:\Users\al774\.cache\kagglehub\datasets\vadimzavadskyi\kolektorsdd2-ksdd2\versions\1\test\20509.png,test\20509.png,20509.png,0,normal,gt_mask_empty,train
C:\Users\al774\.cache\kagglehub\datasets\vadimzavadskyi\kolektorsdd2-ksdd2\versions\1\test\20510.png,test\20510.png,20510.png,0,normal,gt_mask_empty,train
C:\Users\al774\.cache\kagglehub\datasets\vadimzavadskyi\kolektorsdd2-ksdd2\versions\1\test\20511.png,test\20511.png,20511.png,0,normal,gt_mask_empty,val
C:\Users\al774\.cache\kagglehub\datasets\vadimzavadskyi\kolektorsdd2-ksdd2\versions\1\test\20512.png,test\20512.png,20512.png,0,normal,gt_mask_empty,train
C:\Users\al774\.cache\kagglehub\datasets\vadimzavadskyi\kolektorsdd2-ksdd2\versions\1\test\20513.png,test\20513.png,20513.png,0,normal,gt_mask_empty,train
C:\Users\al774\.cache\kagglehub\datasets\vadimzavadskyi\kolektorsdd2-ksdd2\versions\1\test\20514.png,test\20514.png,20514.png,0,normal,gt_mask_empty,train
C:\Users\al774\.cache\kagglehub\datasets\vadimzavadskyi\kolektorsdd2-ksdd2\versions\1\test\20515.png,test\20515.png,20515.png,0,normal,gt_mask_empty,train
C:\Users\al774\.cache\kagglehub\datasets\vadimzavadskyi\kolektorsdd2-ksdd2\versions\1\test\20516.png,test\20516.png,20516.png,0,normal,gt_mask_empty,train
C:\Users\al774\.cache\kagglehub\datasets\vadimzavadskyi\kolektorsdd2-ksdd2\versions\1\test\20517.png,test\20517.png,20517.png,1,defective,gt_mask_defect(max_val=255),train
C:\Users\al774\.cache\kagglehub\datasets\vadimzavadskyi\kolektorsdd2-ksdd2\versions\1\test\20518.png,test\20518.png,20518.png,0,normal,gt_mask_empty,train
C:\Users\al774\.cache\kagglehub\datasets\vadimzavadskyi\kolektorsdd2-ksdd2\versions\1\test\20519.png,test\20519.png,20519.png,0,normal,gt_mask_empty,val
C:\Users\al774\.cache\kagglehub\datasets\vadimzavadskyi\kolektorsdd2-ksdd2\versions\1\test\20520.png,test\20520.png,20520.png,0,normal,gt_mask_empty,val
C:\Users\al774\.cache\kagglehub\datasets\vadimzavadskyi\kolektorsdd2-ksdd2\versions\1\test\20521.png,test\20521.png,20521.png,0,normal,gt_mask_empty,train
C:\Users\al774\.cache\kagglehub\datasets\vadimzavadskyi\kolektorsdd2-ksdd2\versions\1\test\20522.png,test\20522.png,20522.png,0,normal,gt_mask_empty,val
C:\Users\al774\.cache\kagglehub\datasets\vadimzavadskyi\kolektorsdd2-ksdd2\versions\1\test\20523.png,test\20523.png,20523.png,1,defective,gt_mask_defect(max_val=255),train
C:\Users\al774\.cache\kagglehub\datasets\vadimzavadskyi\kolektorsdd2-ksdd2\versions\1\test\20524.png,test\20524.png,20524.png,0,normal,gt_mask_empty,test
C:\Users\al774\.cache\kagglehub\datasets\vadimzavadskyi\kolektorsdd2-ksdd2\versions\1\test\20525.png,test\20525.png,20525.png,0,normal,gt_mask_empty,train
C:\Users\al774\.cache\kagglehub\datasets\vadimzavadskyi\kolektorsdd2-ksdd2\versions\1\test\20526.png,test\20526.png,20526.png,0,normal,gt_mask_empty,train
C:\Users\al774\.cache\kagglehub\datasets\vadimzavadskyi\kolektorsdd2-ksdd2\versions\1\test\20527.png,test\20527.png,20527.png,0,normal,gt_mask_empty,val
C:\Users\al774\.cache\kagglehub\datasets\vadimzavadskyi\kolektorsdd2-ksdd2\versions\1\test\20528.png,test\20528.png,20528.png,0,normal,gt_mask_empty,val
C:\Users\al774\.cache\kagglehub\datasets\vadimzavadskyi\kolektorsdd2-ksdd2\versions\1\test\20529.png,test\20529.png,20529.png,0,normal,gt_mask_empty,val
C:\Users\al774\.cache\kagglehub\datasets\vadimzavadskyi\kolektorsdd2-ksdd2\versions\1\test\20530.png,test\20530.png,20530.png,0,normal,gt_mask_empty,train
C:\Users\al774\.cache\kagglehub\datasets\vadimzavadskyi\kolektorsdd2-ksdd2\versions\1\test\20531.png,test\20531.png,20531.png,0,normal,gt_mask_empty,train
C:\Users\al774\.cache\kagglehub\datasets\vadimzavadskyi\kolektorsdd2-ksdd2\versions\1\test\20532.png,test\20532.png,20532.png,0,normal,gt_mask_empty,train
C:\Users\al774\.cache\kagglehub\datasets\vadimzavadskyi\kolektorsdd2-ksdd2\versions\1\test\20533.png,test\20533.png,20533.png,0,normal,gt_mask_empty,train
C:\Users\al774\.cache\kagglehub\datasets\vadimzavadskyi\kolektorsdd2-ksdd2\versions\1\test\20534.png,test\20534.png,20534.png,0,normal,gt_mask_empty,train
C:\Users\al774\.cache\kagglehub\datasets\vadimzavadskyi\kolektorsdd2-ksdd2\versions\1\test\20535.png,test\20535.png,20535.png,1,defective,gt_mask_defect(max_val=255),train
C:\Users\al774\.cache\kagglehub\datasets\vadimzavadskyi\kolektorsdd2-ksdd2\versions\1\test\20536.png,test\20536.png,20536.png,0,normal,gt_mask_empty,train
C:\Users\al774\.cache\kagglehub\datasets\vadimzavadskyi\kolektorsdd2-ksdd2\versions\1\test\20537.png,test\20537.png,20537.png,0,normal,gt_mask_empty,train
C:\Users\al774\.cache\kagglehub\datasets\vadimzavadskyi\kolektorsdd2-ksdd2\versions\1\test\20538.png,test\20538.png,20538.png,0,normal,gt_mask_empty,train
C:\Users\al774\.cache\kagglehub\datasets\vadimzavadskyi\kolektorsdd2-ksdd2\versions\1\test\20539.png,test\20539.png,20539.png,0,normal,gt_mask_empty,val
C:\Users\al774\.cache\kagglehub\datasets\vadimzavadskyi\kolektorsdd2-ksdd2\versions\1\test\20540.png,test\20540.png,20540.png,0,normal,gt_mask_empty,train
C:\Users\al774\.cache\kagglehub\datasets\vadimzavadskyi\kolektorsdd2-ksdd2\versions\1\test\20541.png,test\20541.png,20541.png,0,normal,gt_mask_empty,train
C:\Users\al774\.cache\kagglehub\datasets\vadimzavadskyi\kolektorsdd2-ksdd2\versions\1\test\20542.png,test\20542.png,20542.png,0,normal,gt_mask_empty,test
C:\Users\al774\.cache\kagglehub\datasets\vadimzavadskyi\kolektorsdd2-ksdd2\versions\1\test\20543.png,test\20543.png,20543.png,1,defective,gt_mask_defect(max_val=255),train
C:\Users\al774\.cache\kagglehub\datasets\vadimzavadskyi\kolektorsdd2-ksdd2\versions\1\test\20544.png,test\20544.png,20544.png,1,defective,gt_mask_defect(max_val=255),train
C:\Users\al774\.cache\kagglehub\datasets\vadimzavadskyi\kolektorsdd2-ksdd2\versions\1\test\20545.png,test\20545.png,20545.png,0,normal,gt_mask_empty,val
C:\Users\al774\.cache\kagglehub\datasets\vadimzavadskyi\kolektorsdd2-ksdd2\versions\1\test\20546.png,test\20546.png,20546.png,1,defective,gt_mask_defect(max_val=255),train
C:\Users\al774\.cache\kagglehub\datasets\vadimzavadskyi\kolektorsdd2-ksdd2\versions\1\test\20547.png,test\20547.png,20547.png,0,normal,gt_mask_empty,train
C:\Users\al774\.cache\kagglehub\datasets\vadimzavadskyi\kolektorsdd2-ksdd2\versions\1\test\20548.png,test\20548.png,20548.png,0,normal,gt_mask_empty,train
C:\Users\al774\.cache\kagglehub\datasets\vadimzavadskyi\kolektorsdd2-ksdd2\versions\1\test\20549.png,test\20549.png,20549.png,0,normal,gt_mask_empty,train
C:\Users\al774\.cache\kagglehub\datasets\vadimzavadskyi\kolektorsdd2-ksdd2\versions\1\test\20550.png,test\20550.png,20550.png,0,normal,gt_mask_empty,val
C:\Users\al774\.cache\kagglehub\datasets\vadimzavadskyi\kolektorsdd2-ksdd2\versions\1\test\20551.png,test\20551.png,20551.png,0,normal,gt_mask_empty,train
C:\Users\al774\.cache\kagglehub\datasets\vadimzavadskyi\kolektorsdd2-ksdd2\versions\1\test\20552.png,test\20552.png,20552.png,0,normal,gt_mask_empty,train
C:\Users\al774\.cache\kagglehub\datasets\vadimzavadskyi\kolektorsdd2-ksdd2\versions\1\test\20553.png,test\20553.png,20553.png,0,normal,gt_mask_empty,train
C:\Users\al774\.cache\kagglehub\datasets\vadimzavadskyi\kolektorsdd2-ksdd2\versions\1\test\20554.png,test\20554.png,20554.png,0,normal,gt_mask_empty,val
C:\Users\al774\.cache\kagglehub\datasets\vadimzavadskyi\kolektorsdd2-ksdd2\versions\1\test\20555.png,test\20555.png,20555.png,0,normal,gt_mask_empty,train
C:\Users\al774\.cache\kagglehub\datasets\vadimzavadskyi\kolektorsdd2-ksdd2\versions\1\test\20556.png,test\20556.png,20556.png,0,normal,gt_mask_empty,train
C:\Users\al774\.cache\kagglehub\datasets\vadimzavadskyi\kolektorsdd2-ksdd2\versions\1\test\20557.png,test\20557.png,20557.png,0,normal,gt_mask_empty,val
C:\Users\al774\.cache\kagglehub\datasets\vadimzavadskyi\kolektorsdd2-ksdd2\versions\1\test\20558.png,test\20558.png,20558.png,0,normal,gt_mask_empty,train
C:\Users\al774\.cache\kagglehub\datasets\vadimzavadskyi\kolektorsdd2-ksdd2\versions\1\test\20559.png,test\20559.png,20559.png,0,normal,gt_mask_empty,train
C:\Users\al774\.cache\kagglehub\datasets\vadimzavadskyi\kolektorsdd2-ksdd2\versions\1\test\20560.png,test\20560.png,20560.png,0,normal,gt_mask_empty,val
C:\Users\al774\.cache\kagglehub\datasets\vadimzavadskyi\kolektorsdd2-ksdd2\versions\1\test\20561.png,test\20561.png,20561.png,1,defective,gt_mask_defect(max_val=255),train
C:\Users\al774\.cache\kagglehub\datasets\vadimzavadskyi\kolektorsdd2-ksdd2\versions\1\test\20562.png,test\20562.png,20562.png,0,normal,gt_mask_empty,train
C:\Users\al774\.cache\kagglehub\datasets\vadimzavadskyi\kolektorsdd2-ksdd2\versions\1\test\20563.png,test\20563.png,20563.png,0,normal,gt_mask_empty,test
C:\Users\al774\.cache\kagglehub\datasets\vadimzavadskyi\kolektorsdd2-ksdd2\versions\1\test\20564.png,test\20564.png,20564.png,1,defective,gt_mask_defect(max_val=255),train
C:\Users\al774\.cache\kagglehub\datasets\vadimzavadskyi\kolektorsdd2-ksdd2\versions\1\test\20565.png,test\20565.png,20565.png,0,normal,gt_mask_empty,train
C:\Users\al774\.cache\kagglehub\datasets\vadimzavadskyi\kolektorsdd2-ksdd2\versions\1\test\20566.png,test\20566.png,20566.png,0,normal,gt_mask_empty,train
C:\Users\al774\.cache\kagglehub\datasets\vadimzavadskyi\kolektorsdd2-ksdd2\versions\1\test\20567.png,test\20567.png,20567.png,0,normal,gt_mask_empty,train
C:\Users\al774\.cache\kagglehub\datasets\vadimzavadskyi\kolektorsdd2-ksdd2\versions\1\test\20568.png,test\20568.png,20568.png,0,normal,gt_mask_empty,train
C:\Users\al774\.cache\kagglehub\datasets\vadimzavadskyi\kolektorsdd2-ksdd2\versions\1\test\20569.png,test\20569.png,20569.png,0,normal,gt_mask_empty,train
C:\Users\al774\.cache\kagglehub\datasets\vadimzavadskyi\kolektorsdd2-ksdd2\versions\1\test\20570.png,test\20570.png,20570.png,0,normal,gt_mask_empty,test
C:\Users\al774\.cache\kagglehub\datasets\vadimzavadskyi\kolektorsdd2-ksdd2\versions\1\test\20571.png,test\20571.png,20571.png,0,normal,gt_mask_empty,train
C:\Users\al774\.cache\kagglehub\datasets\vadimzavadskyi\kolektorsdd2-ksdd2\versions\1\test\20572.png,test\20572.png,20572.png,0,normal,gt_mask_empty,test
C:\Users\al774\.cache\kagglehub\datasets\vadimzavadskyi\kolektorsdd2-ksdd2\versions\1\test\20573.png,test\20573.png,20573.png,0,normal,gt_mask_empty,train
C:\Users\al774\.cache\kagglehub\datasets\vadimzavadskyi\kolektorsdd2-ksdd2\versions\1\test\20574.png,test\20574.png,20574.png,0,normal,gt_mask_empty,train
C:\Users\al774\.cache\kagglehub\datasets\vadimzavadskyi\kolektorsdd2-ksdd2\versions\1\test\20575.png,test\20575.png,20575.png,0,normal,gt_mask_empty,val
C:\Users\al774\.cache\kagglehub\datasets\vadimzavadskyi\kolektorsdd2-ksdd2\versions\1\test\20576.png,test\20576.png,20576.png,0,normal,gt_mask_empty,train
C:\Users\al774\.cache\kagglehub\datasets\vadimzavadskyi\kolektorsdd2-ksdd2\versions\1\test\20577.png,test\20577.png,20577.png,0,normal,gt_mask_empty,test
C:\Users\al774\.cache\kagglehub\datasets\vadimzavadskyi\kolektorsdd2-ksdd2\versions\1\test\20578.png,test\20578.png,20578.png,0,normal,gt_mask_empty,train
C:\Users\al774\.cache\kagglehub\datasets\vadimzavadskyi\kolektorsdd2-ksdd2\versions\1\test\20579.png,test\20579.png,20579.png,0,normal,gt_mask_empty,train
C:\Users\al774\.cache\kagglehub\datasets\vadimzavadskyi\kolektorsdd2-ksdd2\versions\1\test\20580.png,test\20580.png,20580.png,0,normal,gt_mask_empty,train
C:\Users\al774\.cache\kagglehub\datasets\vadimzavadskyi\kolektorsdd2-ksdd2\versions\1\test\20581.png,test\20581.png,20581.png,0,normal,gt_mask_empty,train
C:\Users\al774\.cache\kagglehub\datasets\vadimzavadskyi\kolektorsdd2-ksdd2\versions\1\test\20582.png,test\20582.png,20582.png,0,normal,gt_mask_empty,train
C:\Users\al774\.cache\kagglehub\datasets\vadimzavadskyi\kolektorsdd2-ksdd2\versions\1\test\20583.png,test\20583.png,20583.png,0,normal,gt_mask_empty,test
C:\Users\al774\.cache\kagglehub\datasets\vadimzavadskyi\kolektorsdd2-ksdd2\versions\1\test\20584.png,test\20584.png,20584.png,0,normal,gt_mask_empty,test
C:\Users\al774\.cache\kagglehub\datasets\vadimzavadskyi\kolektorsdd2-ksdd2\versions\1\test\20585.png,test\20585.png,20585.png,0,normal,gt_mask_empty,val
C:\Users\al774\.cache\kagglehub\datasets\vadimzavadskyi\kolektorsdd2-ksdd2\versions\1\test\20586.png,test\20586.png,20586.png,0,normal,gt_mask_empty,train
C:\Users\al774\.cache\kagglehub\datasets\vadimzavadskyi\kolektorsdd2-ksdd2\versions\1\test\20587.png,test\20587.png,20587.png,1,defective,gt_mask_defect(max_val=255),train
C:\Users\al774\.cache\kagglehub\datasets\vadimzavadskyi\kolektorsdd2-ksdd2\versions\1\test\20588.png,test\20588.png,20588.png,0,normal,gt_mask_empty,train
C:\Users\al774\.cache\kagglehub\datasets\vadimzavadskyi\kolektorsdd2-ksdd2\versions\1\test\20589.png,test\20589.png,20589.png,0,normal,gt_mask_empty,train
C:\Users\al774\.cache\kagglehub\datasets\vadimzavadskyi\kolektorsdd2-ksdd2\versions\1\test\20590.png,test\20590.png,20590.png,0,normal,gt_mask_empty,train
C:\Users\al774\.cache\kagglehub\datasets\vadimzavadskyi\kolektorsdd2-ksdd2\versions\1\test\20591.png,test\20591.png,20591.png,0,normal,gt_mask_empty,train
C:\Users\al774\.cache\kagglehub\datasets\vadimzavadskyi\kolektorsdd2-ksdd2\versions\1\test\20592.png,test\20592.png,20592.png,0,normal,gt_mask_empty,val
C:\Users\al774\.cache\kagglehub\datasets\vadimzavadskyi\kolektorsdd2-ksdd2\versions\1\test\20593.png,test\20593.png,20593.png,0,normal,gt_mask_empty,train
C:\Users\al774\.cache\kagglehub\datasets\vadimzavadskyi\kolektorsdd2-ksdd2\versions\1\test\20594.png,test\20594.png,20594.png,0,normal,gt_mask_empty,train
C:\Users\al774\.cache\kagglehub\datasets\vadimzavadskyi\kolektorsdd2-ksdd2\versions\1\test\20595.png,test\20595.png,20595.png,0,normal,gt_mask_empty,train
C:\Users\al774\.cache\kagglehub\datasets\vadimzavadskyi\kolektorsdd2-ksdd2\versions\1\test\20596.png,test\20596.png,20596.png,0,normal,gt_mask_empty,train
C:\Users\al774\.cache\kagglehub\datasets\vadimzavadskyi\kolektorsdd2-ksdd2\versions\1\test\20597.png,test\20597.png,20597.png,0,normal,gt_mask_empty,test
C:\Users\al774\.cache\kagglehub\datasets\vadimzavadskyi\kolektorsdd2-ksdd2\versions\1\test\20598.png,test\20598.png,20598.png,0,normal,gt_mask_empty,val
C:\Users\al774\.cache\kagglehub\datasets\vadimzavadskyi\kolektorsdd2-ksdd2\versions\1\test\20599.png,test\20599.png,20599.png,1,defective,gt_mask_defect(max_val=255),val
C:\Users\al774\.cache\kagglehub\datasets\vadimzavadskyi\kolektorsdd2-ksdd2\versions\1\test\20600.png,test\20600.png,20600.png,1,defective,gt_mask_defect(max_val=255),test
C:\Users\al774\.cache\kagglehub\datasets\vadimzavadskyi\kolektorsdd2-ksdd2\versions\1\test\20601.png,test\20601.png,20601.png,0,normal,gt_mask_empty,train
C:\Users\al774\.cache\kagglehub\datasets\vadimzavadskyi\kolektorsdd2-ksdd2\versions\1\test\20602.png,test\20602.png,20602.png,0,normal,gt_mask_empty,val
C:\Users\al774\.cache\kagglehub\datasets\vadimzavadskyi\kolektorsdd2-ksdd2\versions\1\test\20603.png,test\20603.png,20603.png,0,normal,gt_mask_empty,test
C:\Users\al774\.cache\kagglehub\datasets\vadimzavadskyi\kolektorsdd2-ksdd2\versions\1\test\20604.png,test\20604.png,20604.png,0,normal,gt_mask_empty,test
C:\Users\al774\.cache\kagglehub\datasets\vadimzavadskyi\kolektorsdd2-ksdd2\versions\1\test\20605.png,test\20605.png,20605.png,0,normal,gt_mask_empty,train
C:\Users\al774\.cache\kagglehub\datasets\vadimzavadskyi\kolektorsdd2-ksdd2\versions\1\test\20606.png,test\20606.png,20606.png,0,normal,gt_mask_empty,train
C:\Users\al774\.cache\kagglehub\datasets\vadimzavadskyi\kolektorsdd2-ksdd2\versions\1\test\20607.png,test\20607.png,20607.png,0,normal,gt_mask_empty,train
C:\Users\al774\.cache\kagglehub\datasets\vadimzavadskyi\kolektorsdd2-ksdd2\versions\1\test\20608.png,test\20608.png,20608.png,0,normal,gt_mask_empty,train
C:\Users\al774\.cache\kagglehub\datasets\vadimzavadskyi\kolektorsdd2-ksdd2\versions\1\test\20609.png,test\20609.png,20609.png,0,normal,gt_mask_empty,val
C:\Users\al774\.cache\kagglehub\datasets\vadimzavadskyi\kolektorsdd2-ksdd2\versions\1\test\20610.png,test\20610.png,20610.png,0,normal,gt_mask_empty,train
C:\Users\al774\.cache\kagglehub\datasets\vadimzavadskyi\kolektorsdd2-ksdd2\versions\1\test\20611.png,test\20611.png,20611.png,0,normal,gt_mask_empty,train
C:\Users\al774\.cache\kagglehub\datasets\vadimzavadskyi\kolektorsdd2-ksdd2\versions\1\test\20612.png,test\20612.png,20612.png,0,normal,gt_mask_empty,train
C:\Users\al774\.cache\kagglehub\datasets\vadimzavadskyi\kolektorsdd2-ksdd2\versions\1\test\20613.png,test\20613.png,20613.png,0,normal,gt_mask_empty,test
C:\Users\al774\.cache\kagglehub\datasets\vadimzavadskyi\kolektorsdd2-ksdd2\versions\1\test\20614.png,test\20614.png,20614.png,0,normal,gt_mask_empty,train
C:\Users\al774\.cache\kagglehub\datasets\vadimzavadskyi\kolektorsdd2-ksdd2\versions\1\test\20615.png,test\20615.png,20615.png,0,normal,gt_mask_empty,train
C:\Users\al774\.cache\kagglehub\datasets\vadimzavadskyi\kolektorsdd2-ksdd2\versions\1\test\20616.png,test\20616.png,20616.png,0,normal,gt_mask_empty,train
C:\Users\al774\.cache\kagglehub\datasets\vadimzavadskyi\kolektorsdd2-ksdd2\versions\1\test\20617.png,test\20617.png,20617.png,0,normal,gt_mask_empty,train
C:\Users\al774\.cache\kagglehub\datasets\vadimzavadskyi\kolektorsdd2-ksdd2\versions\1\test\20618.png,test\20618.png,20618.png,0,normal,gt_mask_empty,train
C:\Users\al774\.cache\kagglehub\datasets\vadimzavadskyi\kolektorsdd2-ksdd2\versions\1\test\20619.png,test\20619.png,20619.png,0,normal,gt_mask_empty,train
C:\Users\al774\.cache\kagglehub\datasets\vadimzavadskyi\kolektorsdd2-ksdd2\versions\1\test\20620.png,test\20620.png,20620.png,0,normal,gt_mask_empty,train
C:\Users\al774\.cache\kagglehub\datasets\vadimzavadskyi\kolektorsdd2-ksdd2\versions\1\test\20621.png,test\20621.png,20621.png,0,normal,gt_mask_empty,val
C:\Users\al774\.cache\kagglehub\datasets\vadimzavadskyi\kolektorsdd2-ksdd2\versions\1\test\20622.png,test\20622.png,20622.png,0,normal,gt_mask_empty,test
C:\Users\al774\.cache\kagglehub\datasets\vadimzavadskyi\kolektorsdd2-ksdd2\versions\1\test\20623.png,test\20623.png,20623.png,0,normal,gt_mask_empty,train
C:\Users\al774\.cache\kagglehub\datasets\vadimzavadskyi\kolektorsdd2-ksdd2\versions\1\test\20624.png,test\20624.png,20624.png,1,defective,gt_mask_defect(max_val=255),val
C:\Users\al774\.cache\kagglehub\datasets\vadimzavadskyi\kolektorsdd2-ksdd2\versions\1\test\20625.png,test\20625.png,20625.png,1,defective,gt_mask_defect(max_val=255),val
C:\Users\al774\.cache\kagglehub\datasets\vadimzavadskyi\kolektorsdd2-ksdd2\versions\1\test\20626.png,test\20626.png,20626.png,0,normal,gt_mask_empty,train
C:\Users\al774\.cache\kagglehub\datasets\vadimzavadskyi\kolektorsdd2-ksdd2\versions\1\test\20627.png,test\20627.png,20627.png,0,normal,gt_mask_empty,test
C:\Users\al774\.cache\kagglehub\datasets\vadimzavadskyi\kolektorsdd2-ksdd2\versions\1\test\20628.png,test\20628.png,20628.png,0,normal,gt_mask_empty,test
C:\Users\al774\.cache\kagglehub\datasets\vadimzavadskyi\kolektorsdd2-ksdd2\versions\1\test\20629.png,test\20629.png,20629.png,0,normal,gt_mask_empty,train
C:\Users\al774\.cache\kagglehub\datasets\vadimzavadskyi\kolektorsdd2-ksdd2\versions\1\test\20630.png,test\20630.png,20630.png,0,normal,gt_mask_empty,train
C:\Users\al774\.cache\kagglehub\datasets\vadimzavadskyi\kolektorsdd2-ksdd2\versions\1\test\20631.png,test\20631.png,20631.png,0,normal,gt_mask_empty,train
C:\Users\al774\.cache\kagglehub\datasets\vadimzavadskyi\kolektorsdd2-ksdd2\versions\1\test\20632.png,test\20632.png,20632.png,1,defective,gt_mask_defect(max_val=255),val
C:\Users\al774\.cache\kagglehub\datasets\vadimzavadskyi\kolektorsdd2-ksdd2\versions\1\test\20633.png,test\20633.png,20633.png,0,normal,gt_mask_empty,train
C:\Users\al774\.cache\kagglehub\datasets\vadimzavadskyi\kolektorsdd2-ksdd2\versions\1\test\20634.png,test\20634.png,20634.png,0,normal,gt_mask_empty,train
C:\Users\al774\.cache\kagglehub\datasets\vadimzavadskyi\kolektorsdd2-ksdd2\versions\1\test\20635.png,test\20635.png,20635.png,0,normal,gt_mask_empty,test
C:\Users\al774\.cache\kagglehub\datasets\vadimzavadskyi\kolektorsdd2-ksdd2\versions\1\test\20636.png,test\20636.png,20636.png,0,normal,gt_mask_empty,train
C:\Users\al774\.cache\kagglehub\datasets\vadimzavadskyi\kolektorsdd2-ksdd2\versions\1\test\20637.png,test\20637.png,20637.png,0,normal,gt_mask_empty,train
C:\Users\al774\.cache\kagglehub\datasets\vadimzavadskyi\kolektorsdd2-ksdd2\versions\1\test\20638.png,test\20638.png,20638.png,0,normal,gt_mask_empty,train
C:\Users\al774\.cache\kagglehub\datasets\vadimzavadskyi\kolektorsdd2-ksdd2\versions\1\test\20639.png,test\20639.png,20639.png,0,normal,gt_mask_empty,train
C:\Users\al774\.cache\kagglehub\datasets\vadimzavadskyi\kolektorsdd2-ksdd2\versions\1\test\20640.png,test\20640.png,20640.png,1,defective,gt_mask_defect(max_val=255),val
C:\Users\al774\.cache\kagglehub\datasets\vadimzavadskyi\kolektorsdd2-ksdd2\versions\1\test\20641.png,test\20641.png,20641.png,0,normal,gt_mask_empty,val
C:\Users\al774\.cache\kagglehub\datasets\vadimzavadskyi\kolektorsdd2-ksdd2\versions\1\test\20642.png,test\20642.png,20642.png,0,normal,gt_mask_empty,train
C:\Users\al774\.cache\kagglehub\datasets\vadimzavadskyi\kolektorsdd2-ksdd2\versions\1\test\20643.png,test\20643.png,20643.png,0,normal,gt_mask_empty,train
C:\Users\al774\.cache\kagglehub\datasets\vadimzavadskyi\kolektorsdd2-ksdd2\versions\1\test\20644.png,test\20644.png,20644.png,0,normal,gt_mask_empty,test
C:\Users\al774\.cache\kagglehub\datasets\vadimzavadskyi\kolektorsdd2-ksdd2\versions\1\test\20645.png,test\20645.png,20645.png,0,normal,gt_mask_empty,train
C:\Users\al774\.cache\kagglehub\datasets\vadimzavadskyi\kolektorsdd2-ksdd2\versions\1\test\20646.png,test\20646.png,20646.png,1,defective,gt_mask_defect(max_val=255),val
C:\Users\al774\.cache\kagglehub\datasets\vadimzavadskyi\kolektorsdd2-ksdd2\versions\1\test\20647.png,test\20647.png,20647.png,0,normal,gt_mask_empty,train
C:\Users\al774\.cache\kagglehub\datasets\vadimzavadskyi\kolektorsdd2-ksdd2\versions\1\test\20648.png,test\20648.png,20648.png,0,normal,gt_mask_empty,test
C:\Users\al774\.cache\kagglehub\datasets\vadimzavadskyi\kolektorsdd2-ksdd2\versions\1\test\20649.png,test\20649.png,20649.png,0,normal,gt_mask_empty,train
C:\Users\al774\.cache\kagglehub\datasets\vadimzavadskyi\kolektorsdd2-ksdd2\versions\1\test\20650.png,test\20650.png,20650.png,0,normal,gt_mask_empty,train
C:\Users\al774\.cache\kagglehub\datasets\vadimzavadskyi\kolektorsdd2-ksdd2\versions\1\test\20651.png,test\20651.png,20651.png,0,normal,gt_mask_empty,train
C:\Users\al774\.cache\kagglehub\datasets\vadimzavadskyi\kolektorsdd2-ksdd2\versions\1\test\20652.png,test\20652.png,20652.png,0,normal,gt_mask_empty,train
C:\Users\al774\.cache\kagglehub\datasets\vadimzavadskyi\kolektorsdd2-ksdd2\versions\1\test\20653.png,test\20653.png,20653.png,0,normal,gt_mask_empty,train
C:\Users\al774\.cache\kagglehub\datasets\vadimzavadskyi\kolektorsdd2-ksdd2\versions\1\test\20654.png,test\20654.png,20654.png,0,normal,gt_mask_empty,val
C:\Users\al774\.cache\kagglehub\datasets\vadimzavadskyi\kolektorsdd2-ksdd2\versions\1\test\20655.png,test\20655.png,20655.png,0,normal,gt_mask_empty,train
C:\Users\al774\.cache\kagglehub\datasets\vadimzavadskyi\kolektorsdd2-ksdd2\versions\1\test\20656.png,test\20656.png,20656.png,0,normal,gt_mask_empty,train
C:\Users\al774\.cache\kagglehub\datasets\vadimzavadskyi\kolektorsdd2-ksdd2\versions\1\test\20657.png,test\20657.png,20657.png,0,normal,gt_mask_empty,train
C:\Users\al774\.cache\kagglehub\datasets\vadimzavadskyi\kolektorsdd2-ksdd2\versions\1\test\20658.png,test\20658.png,20658.png,0,normal,gt_mask_empty,train
C:\Users\al774\.cache\kagglehub\datasets\vadimzavadskyi\kolektorsdd2-ksdd2\versions\1\test\20659.png,test\20659.png,20659.png,0,normal,gt_mask_empty,train
C:\Users\al774\.cache\kagglehub\datasets\vadimzavadskyi\kolektorsdd2-ksdd2\versions\1\test\20660.png,test\20660.png,20660.png,1,defective,gt_mask_defect(max_val=255),train
C:\Users\al774\.cache\kagglehub\datasets\vadimzavadskyi\kolektorsdd2-ksdd2\versions\1\test\20661.png,test\20661.png,20661.png,0,normal,gt_mask_empty,train
C:\Users\al774\.cache\kagglehub\datasets\vadimzavadskyi\kolektorsdd2-ksdd2\versions\1\test\20662.png,test\20662.png,20662.png,0,normal,gt_mask_empty,train
C:\Users\al774\.cache\kagglehub\datasets\vadimzavadskyi\kolektorsdd2-ksdd2\versions\1\test\20663.png,test\20663.png,20663.png,0,normal,gt_mask_empty,train
C:\Users\al774\.cache\kagglehub\datasets\vadimzavadskyi\kolektorsdd2-ksdd2\versions\1\test\20664.png,test\20664.png,20664.png,0,normal,gt_mask_empty,val
C:\Users\al774\.cache\kagglehub\datasets\vadimzavadskyi\kolektorsdd2-ksdd2\versions\1\test\20665.png,test\20665.png,20665.png,1,defective,gt_mask_defect(max_val=255),train
C:\Users\al774\.cache\kagglehub\datasets\vadimzavadskyi\kolektorsdd2-ksdd2\versions\1\test\20666.png,test\20666.png,20666.png,0,normal,gt_mask_empty,train
C:\Users\al774\.cache\kagglehub\datasets\vadimzavadskyi\kolektorsdd2-ksdd2\versions\1\test\20667.png,test\20667.png,20667.png,1,defective,gt_mask_defect(max_val=255),train
C:\Users\al774\.cache\kagglehub\datasets\vadimzavadskyi\kolektorsdd2-ksdd2\versions\1\test\20668.png,test\20668.png,20668.png,0,normal,gt_mask_empty,train
C:\Users\al774\.cache\kagglehub\datasets\vadimzavadskyi\kolektorsdd2-ksdd2\versions\1\test\20669.png,test\20669.png,20669.png,1,defective,gt_mask_defect(max_val=255),train
C:\Users\al774\.cache\kagglehub\datasets\vadimzavadskyi\kolektorsdd2-ksdd2\versions\1\test\20670.png,test\20670.png,20670.png,0,normal,gt_mask_empty,train
C:\Users\al774\.cache\kagglehub\datasets\vadimzavadskyi\kolektorsdd2-ksdd2\versions\1\test\20671.png,test\20671.png,20671.png,1,defective,gt_mask_defect(max_val=255),val
C:\Users\al774\.cache\kagglehub\datasets\vadimzavadskyi\kolektorsdd2-ksdd2\versions\1\test\20672.png,test\20672.png,20672.png,1,defective,gt_mask_defect(max_val=255),train
C:\Users\al774\.cache\kagglehub\datasets\vadimzavadskyi\kolektorsdd2-ksdd2\versions\1\test\20673.png,test\20673.png,20673.png,0,normal,gt_mask_empty,train
C:\Users\al774\.cache\kagglehub\datasets\vadimzavadskyi\kolektorsdd2-ksdd2\versions\1\test\20674.png,test\20674.png,20674.png,0,normal,gt_mask_empty,test
C:\Users\al774\.cache\kagglehub\datasets\vadimzavadskyi\kolektorsdd2-ksdd2\versions\1\test\20675.png,test\20675.png,20675.png,0,normal,gt_mask_empty,train
C:\Users\al774\.cache\kagglehub\datasets\vadimzavadskyi\kolektorsdd2-ksdd2\versions\1\test\20676.png,test\20676.png,20676.png,0,normal,gt_mask_empty,train
C:\Users\al774\.cache\kagglehub\datasets\vadimzavadskyi\kolektorsdd2-ksdd2\versions\1\test\20677.png,test\20677.png,20677.png,0,normal,gt_mask_empty,val
C:\Users\al774\.cache\kagglehub\datasets\vadimzavadskyi\kolektorsdd2-ksdd2\versions\1\test\20678.png,test\20678.png,20678.png,0,normal,gt_mask_empty,train
C:\Users\al774\.cache\kagglehub\datasets\vadimzavadskyi\kolektorsdd2-ksdd2\versions\1\test\20679.png,test\20679.png,20679.png,0,normal,gt_mask_empty,train
C:\Users\al774\.cache\kagglehub\datasets\vadimzavadskyi\kolektorsdd2-ksdd2\versions\1\test\20680.png,test\20680.png,20680.png,0,normal,gt_mask_empty,val
C:\Users\al774\.cache\kagglehub\datasets\vadimzavadskyi\kolektorsdd2-ksdd2\versions\1\test\20681.png,test\20681.png,20681.png,0,normal,gt_mask_empty,train
C:\Users\al774\.cache\kagglehub\datasets\vadimzavadskyi\kolektorsdd2-ksdd2\versions\1\test\20682.png,test\20682.png,20682.png,1,defective,gt_mask_defect(max_val=255),train
C:\Users\al774\.cache\kagglehub\datasets\vadimzavadskyi\kolektorsdd2-ksdd2\versions\1\test\20683.png,test\20683.png,20683.png,0,normal,gt_mask_empty,test
C:\Users\al774\.cache\kagglehub\datasets\vadimzavadskyi\kolektorsdd2-ksdd2\versions\1\test\20684.png,test\20684.png,20684.png,0,normal,gt_mask_empty,train
C:\Users\al774\.cache\kagglehub\datasets\vadimzavadskyi\kolektorsdd2-ksdd2\versions\1\test\20685.png,test\20685.png,20685.png,1,defective,gt_mask_defect(max_val=255),train
C:\Users\al774\.cache\kagglehub\datasets\vadimzavadskyi\kolektorsdd2-ksdd2\versions\1\test\20686.png,test\20686.png,20686.png,0,normal,gt_mask_empty,train
C:\Users\al774\.cache\kagglehub\datasets\vadimzavadskyi\kolektorsdd2-ksdd2\versions\1\test\20687.png,test\20687.png,20687.png,0,normal,gt_mask_empty,train
C:\Users\al774\.cache\kagglehub\datasets\vadimzavadskyi\kolektorsdd2-ksdd2\versions\1\test\20688.png,test\20688.png,20688.png,0,normal,gt_mask_empty,train
C:\Users\al774\.cache\kagglehub\datasets\vadimzavadskyi\kolektorsdd2-ksdd2\versions\1\test\20689.png,test\20689.png,20689.png,0,normal,gt_mask_empty,train
C:\Users\al774\.cache\kagglehub\datasets\vadimzavadskyi\kolektorsdd2-ksdd2\versions\1\test\20690.png,test\20690.png,20690.png,0,normal,gt_mask_empty,train
C:\Users\al774\.cache\kagglehub\datasets\vadimzavadskyi\kolektorsdd2-ksdd2\versions\1\test\20691.png,test\20691.png,20691.png,0,normal,gt_mask_empty,train
C:\Users\al774\.cache\kagglehub\datasets\vadimzavadskyi\kolektorsdd2-ksdd2\versions\1\test\20692.png,test\20692.png,20692.png,0,normal,gt_mask_empty,val
C:\Users\al774\.cache\kagglehub\datasets\vadimzavadskyi\kolektorsdd2-ksdd2\versions\1\test\20693.png,test\20693.png,20693.png,0,normal,gt_mask_empty,train
C:\Users\al774\.cache\kagglehub\datasets\vadimzavadskyi\kolektorsdd2-ksdd2\versions\1\test\20694.png,test\20694.png,20694.png,0,normal,gt_mask_empty,train
C:\Users\al774\.cache\kagglehub\datasets\vadimzavadskyi\kolektorsdd2-ksdd2\versions\1\test\20695.png,test\20695.png,20695.png,0,normal,gt_mask_empty,train
C:\Users\al774\.cache\kagglehub\datasets\vadimzavadskyi\kolektorsdd2-ksdd2\versions\1\test\20696.png,test\20696.png,20696.png,0,normal,gt_mask_empty,train
C:\Users\al774\.cache\kagglehub\datasets\vadimzavadskyi\kolektorsdd2-ksdd2\versions\1\test\20697.png,test\20697.png,20697.png,0,normal,gt_mask_empty,train
C:\Users\al774\.cache\kagglehub\datasets\vadimzavadskyi\kolektorsdd2-ksdd2\versions\1\test\20698.png,test\20698.png,20698.png,0,normal,gt_mask_empty,test
C:\Users\al774\.cache\kagglehub\datasets\vadimzavadskyi\kolektorsdd2-ksdd2\versions\1\test\20699.png,test\20699.png,20699.png,0,normal,gt_mask_empty,test
C:\Users\al774\.cache\kagglehub\datasets\vadimzavadskyi\kolektorsdd2-ksdd2\versions\1\test\20700.png,test\20700.png,20700.png,0,normal,gt_mask_empty,val
C:\Users\al774\.cache\kagglehub\datasets\vadimzavadskyi\kolektorsdd2-ksdd2\versions\1\test\20701.png,test\20701.png,20701.png,0,normal,gt_mask_empty,test
C:\Users\al774\.cache\kagglehub\datasets\vadimzavadskyi\kolektorsdd2-ksdd2\versions\1\test\20702.png,test\20702.png,20702.png,0,normal,gt_mask_empty,train
C:\Users\al774\.cache\kagglehub\datasets\vadimzavadskyi\kolektorsdd2-ksdd2\versions\1\test\20703.png,test\20703.png,20703.png,0,normal,gt_mask_empty,test
C:\Users\al774\.cache\kagglehub\datasets\vadimzavadskyi\kolektorsdd2-ksdd2\versions\1\test\20704.png,test\20704.png,20704.png,0,normal,gt_mask_empty,train
C:\Users\al774\.cache\kagglehub\datasets\vadimzavadskyi\kolektorsdd2-ksdd2\versions\1\test\20705.png,test\20705.png,20705.png,0,normal,gt_mask_empty,train
C:\Users\al774\.cache\kagglehub\datasets\vadimzavadskyi\kolektorsdd2-ksdd2\versions\1\test\20706.png,test\20706.png,20706.png,0,normal,gt_mask_empty,train
C:\Users\al774\.cache\kagglehub\datasets\vadimzavadskyi\kolektorsdd2-ksdd2\versions\1\test\20707.png,test\20707.png,20707.png,0,normal,gt_mask_empty,train
C:\Users\al774\.cache\kagglehub\datasets\vadimzavadskyi\kolektorsdd2-ksdd2\versions\1\test\20708.png,test\20708.png,20708.png,0,normal,gt_mask_empty,train
C:\Users\al774\.cache\kagglehub\datasets\vadimzavadskyi\kolektorsdd2-ksdd2\versions\1\test\20709.png,test\20709.png,20709.png,0,normal,gt_mask_empty,val
C:\Users\al774\.cache\kagglehub\datasets\vadimzavadskyi\kolektorsdd2-ksdd2\versions\1\test\20710.png,test\20710.png,20710.png,0,normal,gt_mask_empty,train
C:\Users\al774\.cache\kagglehub\datasets\vadimzavadskyi\kolektorsdd2-ksdd2\versions\1\test\20711.png,test\20711.png,20711.png,0,normal,gt_mask_empty,val
C:\Users\al774\.cache\kagglehub\datasets\vadimzavadskyi\kolektorsdd2-ksdd2\versions\1\test\20712.png,test\20712.png,20712.png,0,normal,gt_mask_empty,train
C:\Users\al774\.cache\kagglehub\datasets\vadimzavadskyi\kolektorsdd2-ksdd2\versions\1\test\20713.png,test\20713.png,20713.png,0,normal,gt_mask_empty,train
C:\Users\al774\.cache\kagglehub\datasets\vadimzavadskyi\kolektorsdd2-ksdd2\versions\1\test\20714.png,test\20714.png,20714.png,0,normal,gt_mask_empty,test
C:\Users\al774\.cache\kagglehub\datasets\vadimzavadskyi\kolektorsdd2-ksdd2\versions\1\test\20715.png,test\20715.png,20715.png,0,normal,gt_mask_empty,test
C:\Users\al774\.cache\kagglehub\datasets\vadimzavadskyi\kolektorsdd2-ksdd2\versions\1\test\20716.png,test\20716.png,20716.png,0,normal,gt_mask_empty,val
C:\Users\al774\.cache\kagglehub\datasets\vadimzavadskyi\kolektorsdd2-ksdd2\versions\1\test\20717.png,test\20717.png,20717.png,0,normal,gt_mask_empty,test
C:\Users\al774\.cache\kagglehub\datasets\vadimzavadskyi\kolektorsdd2-ksdd2\versions\1\test\20718.png,test\20718.png,20718.png,0,normal,gt_mask_empty,train
C:\Users\al774\.cache\kagglehub\datasets\vadimzavadskyi\kolektorsdd2-ksdd2\versions\1\test\20719.png,test\20719.png,20719.png,0,normal,gt_mask_empty,train
C:\Users\al774\.cache\kagglehub\datasets\vadimzavadskyi\kolektorsdd2-ksdd2\versions\1\test\20720.png,test\20720.png,20720.png,0,normal,gt_mask_empty,train
C:\Users\al774\.cache\kagglehub\datasets\vadimzavadskyi\kolektorsdd2-ksdd2\versions\1\test\20721.png,test\20721.png,20721.png,0,normal,gt_mask_empty,test
C:\Users\al774\.cache\kagglehub\datasets\vadimzavadskyi\kolektorsdd2-ksdd2\versions\1\test\20722.png,test\20722.png,20722.png,0,normal,gt_mask_empty,test
C:\Users\al774\.cache\kagglehub\datasets\vadimzavadskyi\kolektorsdd2-ksdd2\versions\1\test\20723.png,test\20723.png,20723.png,0,normal,gt_mask_empty,train
C:\Users\al774\.cache\kagglehub\datasets\vadimzavadskyi\kolektorsdd2-ksdd2\versions\1\test\20724.png,test\20724.png,20724.png,1,defective,gt_mask_defect(max_val=255),train
C:\Users\al774\.cache\kagglehub\datasets\vadimzavadskyi\kolektorsdd2-ksdd2\versions\1\test\20725.png,test\20725.png,20725.png,0,normal,gt_mask_empty,test
C:\Users\al774\.cache\kagglehub\datasets\vadimzavadskyi\kolektorsdd2-ksdd2\versions\1\test\20726.png,test\20726.png,20726.png,0,normal,gt_mask_empty,train
C:\Users\al774\.cache\kagglehub\datasets\vadimzavadskyi\kolektorsdd2-ksdd2\versions\1\test\20727.png,test\20727.png,20727.png,0,normal,gt_mask_empty,train
C:\Users\al774\.cache\kagglehub\datasets\vadimzavadskyi\kolektorsdd2-ksdd2\versions\1\test\20728.png,test\20728.png,20728.png,0,normal,gt_mask_empty,train
C:\Users\al774\.cache\kagglehub\datasets\vadimzavadskyi\kolektorsdd2-ksdd2\versions\1\test\20729.png,test\20729.png,20729.png,0,normal,gt_mask_empty,test
C:\Users\al774\.cache\kagglehub\datasets\vadimzavadskyi\kolektorsdd2-ksdd2\versions\1\test\20730.png,test\20730.png,20730.png,0,normal,gt_mask_empty,test
C:\Users\al774\.cache\kagglehub\datasets\vadimzavadskyi\kolektorsdd2-ksdd2\versions\1\test\20731.png,test\20731.png,20731.png,0,normal,gt_mask_empty,train
C:\Users\al774\.cache\kagglehub\datasets\vadimzavadskyi\kolektorsdd2-ksdd2\versions\1\test\20732.png,test\20732.png,20732.png,0,normal,gt_mask_empty,train
C:\Users\al774\.cache\kagglehub\datasets\vadimzavadskyi\kolektorsdd2-ksdd2\versions\1\test\20733.png,test\20733.png,20733.png,0,normal,gt_mask_empty,val
C:\Users\al774\.cache\kagglehub\datasets\vadimzavadskyi\kolektorsdd2-ksdd2\versions\1\test\20734.png,test\20734.png,20734.png,0,normal,gt_mask_empty,train
C:\Users\al774\.cache\kagglehub\datasets\vadimzavadskyi\kolektorsdd2-ksdd2\versions\1\test\20735.png,test\20735.png,20735.png,0,normal,gt_mask_empty,val
C:\Users\al774\.cache\kagglehub\datasets\vadimzavadskyi\kolektorsdd2-ksdd2\versions\1\test\20736.png,test\20736.png,20736.png,0,normal,gt_mask_empty,test
C:\Users\al774\.cache\kagglehub\datasets\vadimzavadskyi\kolektorsdd2-ksdd2\versions\1\test\20737.png,test\20737.png,20737.png,0,normal,gt_mask_empty,train
C:\Users\al774\.cache\kagglehub\datasets\vadimzavadskyi\kolektorsdd2-ksdd2\versions\1\test\20738.png,test\20738.png,20738.png,1,defective,gt_mask_defect(max_val=255),train
C:\Users\al774\.cache\kagglehub\datasets\vadimzavadskyi\kolektorsdd2-ksdd2\versions\1\test\20739.png,test\20739.png,20739.png,0,normal,gt_mask_empty,train
C:\Users\al774\.cache\kagglehub\datasets\vadimzavadskyi\kolektorsdd2-ksdd2\versions\1\test\20740.png,test\20740.png,20740.png,0,normal,gt_mask_empty,train
C:\Users\al774\.cache\kagglehub\datasets\vadimzavadskyi\kolektorsdd2-ksdd2\versions\1\test\20741.png,test\20741.png,20741.png,0,normal,gt_mask_empty,test
C:\Users\al774\.cache\kagglehub\datasets\vadimzavadskyi\kolektorsdd2-ksdd2\versions\1\test\20742.png,test\20742.png,20742.png,0,normal,gt_mask_empty,train
C:\Users\al774\.cache\kagglehub\datasets\vadimzavadskyi\kolektorsdd2-ksdd2\versions\1\test\20743.png,test\20743.png,20743.png,0,normal,gt_mask_empty,train
C:\Users\al774\.cache\kagglehub\datasets\vadimzavadskyi\kolektorsdd2-ksdd2\versions\1\test\20744.png,test\20744.png,20744.png,1,defective,gt_mask_defect(max_val=255),train
C:\Users\al774\.cache\kagglehub\datasets\vadimzavadskyi\kolektorsdd2-ksdd2\versions\1\test\20745.png,test\20745.png,20745.png,0,normal,gt_mask_empty,val
C:\Users\al774\.cache\kagglehub\datasets\vadimzavadskyi\kolektorsdd2-ksdd2\versions\1\test\20746.png,test\20746.png,20746.png,0,normal,gt_mask_empty,val
C:\Users\al774\.cache\kagglehub\datasets\vadimzavadskyi\kolektorsdd2-ksdd2\versions\1\test\20747.png,test\20747.png,20747.png,1,defective,gt_mask_defect(max_val=255),train
C:\Users\al774\.cache\kagglehub\datasets\vadimzavadskyi\kolektorsdd2-ksdd2\versions\1\test\20748.png,test\20748.png,20748.png,0,normal,gt_mask_empty,train
C:\Users\al774\.cache\kagglehub\datasets\vadimzavadskyi\kolektorsdd2-ksdd2\versions\1\test\20749.png,test\20749.png,20749.png,0,normal,gt_mask_empty,train
C:\Users\al774\.cache\kagglehub\datasets\vadimzavadskyi\kolektorsdd2-ksdd2\versions\1\test\20750.png,test\20750.png,20750.png,0,normal,gt_mask_empty,train
C:\Users\al774\.cache\kagglehub\datasets\vadimzavadskyi\kolektorsdd2-ksdd2\versions\1\test\20751.png,test\20751.png,20751.png,0,normal,gt_mask_empty,val
C:\Users\al774\.cache\kagglehub\datasets\vadimzavadskyi\kolektorsdd2-ksdd2\versions\1\test\20752.png,test\20752.png,20752.png,0,normal,gt_mask_empty,train
C:\Users\al774\.cache\kagglehub\datasets\vadimzavadskyi\kolektorsdd2-ksdd2\versions\1\test\20753.png,test\20753.png,20753.png,0,normal,gt_mask_empty,test
C:\Users\al774\.cache\kagglehub\datasets\vadimzavadskyi\kolektorsdd2-ksdd2\versions\1\test\20754.png,test\20754.png,20754.png,1,defective,gt_mask_defect(max_val=255),train
C:\Users\al774\.cache\kagglehub\datasets\vadimzavadskyi\kolektorsdd2-ksdd2\versions\1\test\20755.png,test\20755.png,20755.png,0,normal,gt_mask_empty,train
C:\Users\al774\.cache\kagglehub\datasets\vadimzavadskyi\kolektorsdd2-ksdd2\versions\1\test\20756.png,test\20756.png,20756.png,0,normal,gt_mask_empty,test
C:\Users\al774\.cache\kagglehub\datasets\vadimzavadskyi\kolektorsdd2-ksdd2\versions\1\test\20757.png,test\20757.png,20757.png,0,normal,gt_mask_empty,train
C:\Users\al774\.cache\kagglehub\datasets\vadimzavadskyi\kolektorsdd2-ksdd2\versions\1\test\20758.png,test\20758.png,20758.png,0,normal,gt_mask_empty,train
C:\Users\al774\.cache\kagglehub\datasets\vadimzavadskyi\kolektorsdd2-ksdd2\versions\1\test\20759.png,test\20759.png,20759.png,0,normal,gt_mask_empty,train
C:\Users\al774\.cache\kagglehub\datasets\vadimzavadskyi\kolektorsdd2-ksdd2\versions\1\test\20760.png,test\20760.png,20760.png,0,normal,gt_mask_empty,train
C:\Users\al774\.cache\kagglehub\datasets\vadimzavadskyi\kolektorsdd2-ksdd2\versions\1\test\20761.png,test\20761.png,20761.png,0,normal,gt_mask_empty,train
C:\Users\al774\.cache\kagglehub\datasets\vadimzavadskyi\kolektorsdd2-ksdd2\versions\1\test\20762.png,test\20762.png,20762.png,0,normal,gt_mask_empty,test
C:\Users\al774\.cache\kagglehub\datasets\vadimzavadskyi\kolektorsdd2-ksdd2\versions\1\test\20763.png,test\20763.png,20763.png,0,normal,gt_mask_empty,train
C:\Users\al774\.cache\kagglehub\datasets\vadimzavadskyi\kolektorsdd2-ksdd2\versions\1\test\20764.png,test\20764.png,20764.png,0,normal,gt_mask_empty,val
C:\Users\al774\.cache\kagglehub\datasets\vadimzavadskyi\kolektorsdd2-ksdd2\versions\1\test\20765.png,test\20765.png,20765.png,1,defective,gt_mask_defect(max_val=255),train
C:\Users\al774\.cache\kagglehub\datasets\vadimzavadskyi\kolektorsdd2-ksdd2\versions\1\test\20766.png,test\20766.png,20766.png,0,normal,gt_mask_empty,test
C:\Users\al774\.cache\kagglehub\datasets\vadimzavadskyi\kolektorsdd2-ksdd2\versions\1\test\20767.png,test\20767.png,20767.png,0,normal,gt_mask_empty,train
C:\Users\al774\.cache\kagglehub\datasets\vadimzavadskyi\kolektorsdd2-ksdd2\versions\1\test\20768.png,test\20768.png,20768.png,0,normal,gt_mask_empty,train
C:\Users\al774\.cache\kagglehub\datasets\vadimzavadskyi\kolektorsdd2-ksdd2\versions\1\test\20769.png,test\20769.png,20769.png,0,normal,gt_mask_empty,train
C:\Users\al774\.cache\kagglehub\datasets\vadimzavadskyi\kolektorsdd2-ksdd2\versions\1\test\20770.png,test\20770.png,20770.png,0,normal,gt_mask_empty,val
C:\Users\al774\.cache\kagglehub\datasets\vadimzavadskyi\kolektorsdd2-ksdd2\versions\1\test\20771.png,test\20771.png,20771.png,0,normal,gt_mask_empty,val
C:\Users\al774\.cache\kagglehub\datasets\vadimzavadskyi\kolektorsdd2-ksdd2\versions\1\test\20772.png,test\20772.png,20772.png,1,defective,gt_mask_defect(max_val=255),val
C:\Users\al774\.cache\kagglehub\datasets\vadimzavadskyi\kolektorsdd2-ksdd2\versions\1\test\20773.png,test\20773.png,20773.png,0,normal,gt_mask_empty,train
C:\Users\al774\.cache\kagglehub\datasets\vadimzavadskyi\kolektorsdd2-ksdd2\versions\1\test\20774.png,test\20774.png,20774.png,0,normal,gt_mask_empty,train
C:\Users\al774\.cache\kagglehub\datasets\vadimzavadskyi\kolektorsdd2-ksdd2\versions\1\test\20775.png,test\20775.png,20775.png,0,normal,gt_mask_empty,train
C:\Users\al774\.cache\kagglehub\datasets\vadimzavadskyi\kolektorsdd2-ksdd2\versions\1\test\20776.png,test\20776.png,20776.png,0,normal,gt_mask_empty,train
C:\Users\al774\.cache\kagglehub\datasets\vadimzavadskyi\kolektorsdd2-ksdd2\versions\1\test\20777.png,test\20777.png,20777.png,0,normal,gt_mask_empty,train
C:\Users\al774\.cache\kagglehub\datasets\vadimzavadskyi\kolektorsdd2-ksdd2\versions\1\test\20778.png,test\20778.png,20778.png,0,normal,gt_mask_empty,train
C:\Users\al774\.cache\kagglehub\datasets\vadimzavadskyi\kolektorsdd2-ksdd2\versions\1\test\20779.png,test\20779.png,20779.png,0,normal,gt_mask_empty,train
C:\Users\al774\.cache\kagglehub\datasets\vadimzavadskyi\kolektorsdd2-ksdd2\versions\1\test\20780.png,test\20780.png,20780.png,0,normal,gt_mask_empty,train
C:\Users\al774\.cache\kagglehub\datasets\vadimzavadskyi\kolektorsdd2-ksdd2\versions\1\test\20781.png,test\20781.png,20781.png,0,normal,gt_mask_empty,val
C:\Users\al774\.cache\kagglehub\datasets\vadimzavadskyi\kolektorsdd2-ksdd2\versions\1\test\20782.png,test\20782.png,20782.png,0,normal,gt_mask_empty,val
C:\Users\al774\.cache\kagglehub\datasets\vadimzavadskyi\kolektorsdd2-ksdd2\versions\1\test\20783.png,test\20783.png,20783.png,0,normal,gt_mask_empty,train
C:\Users\al774\.cache\kagglehub\datasets\vadimzavadskyi\kolektorsdd2-ksdd2\versions\1\test\20784.png,test\20784.png,20784.png,1,defective,gt_mask_defect(max_val=255),val
C:\Users\al774\.cache\kagglehub\datasets\vadimzavadskyi\kolektorsdd2-ksdd2\versions\1\test\20785.png,test\20785.png,20785.png,1,defective,gt_mask_defect(max_val=255),train
C:\Users\al774\.cache\kagglehub\datasets\vadimzavadskyi\kolektorsdd2-ksdd2\versions\1\test\20786.png,test\20786.png,20786.png,0,normal,gt_mask_empty,train
C:\Users\al774\.cache\kagglehub\datasets\vadimzavadskyi\kolektorsdd2-ksdd2\versions\1\test\20787.png,test\20787.png,20787.png,0,normal,gt_mask_empty,test
C:\Users\al774\.cache\kagglehub\datasets\vadimzavadskyi\kolektorsdd2-ksdd2\versions\1\test\20788.png,test\20788.png,20788.png,0,normal,gt_mask_empty,test
C:\Users\al774\.cache\kagglehub\datasets\vadimzavadskyi\kolektorsdd2-ksdd2\versions\1\test\20789.png,test\20789.png,20789.png,0,normal,gt_mask_empty,train
C:\Users\al774\.cache\kagglehub\datasets\vadimzavadskyi\kolektorsdd2-ksdd2\versions\1\test\20790.png,test\20790.png,20790.png,0,normal,gt_mask_empty,train
C:\Users\al774\.cache\kagglehub\datasets\vadimzavadskyi\kolektorsdd2-ksdd2\versions\1\test\20791.png,test\20791.png,20791.png,0,normal,gt_mask_empty,train
C:\Users\al774\.cache\kagglehub\datasets\vadimzavadskyi\kolektorsdd2-ksdd2\versions\1\test\20792.png,test\20792.png,20792.png,0,normal,gt_mask_empty,train
C:\Users\al774\.cache\kagglehub\datasets\vadimzavadskyi\kolektorsdd2-ksdd2\versions\1\test\20793.png,test\20793.png,20793.png,0,normal,gt_mask_empty,val
C:\Users\al774\.cache\kagglehub\datasets\vadimzavadskyi\kolektorsdd2-ksdd2\versions\1\test\20794.png,test\20794.png,20794.png,0,normal,gt_mask_empty,val
C:\Users\al774\.cache\kagglehub\datasets\vadimzavadskyi\kolektorsdd2-ksdd2\versions\1\test\20795.png,test\20795.png,20795.png,0,normal,gt_mask_empty,train
C:\Users\al774\.cache\kagglehub\datasets\vadimzavadskyi\kolektorsdd2-ksdd2\versions\1\test\20796.png,test\20796.png,20796.png,0,normal,gt_mask_empty,train
C:\Users\al774\.cache\kagglehub\datasets\vadimzavadskyi\kolektorsdd2-ksdd2\versions\1\test\20797.png,test\20797.png,20797.png,0,normal,gt_mask_empty,train
C:\Users\al774\.cache\kagglehub\datasets\vadimzavadskyi\kolektorsdd2-ksdd2\versions\1\test\20798.png,test\20798.png,20798.png,0,normal,gt_mask_empty,test
C:\Users\al774\.cache\kagglehub\datasets\vadimzavadskyi\kolektorsdd2-ksdd2\versions\1\test\20799.png,test\20799.png,20799.png,0,normal,gt_mask_empty,train
C:\Users\al774\.cache\kagglehub\datasets\vadimzavadskyi\kolektorsdd2-ksdd2\versions\1\test\20800.png,test\20800.png,20800.png,0,normal,gt_mask_empty,train
C:\Users\al774\.cache\kagglehub\datasets\vadimzavadskyi\kolektorsdd2-ksdd2\versions\1\test\20801.png,test\20801.png,20801.png,1,defective,gt_mask_defect(max_val=255),test
C:\Users\al774\.cache\kagglehub\datasets\vadimzavadskyi\kolektorsdd2-ksdd2\versions\1\test\20802.png,test\20802.png,20802.png,0,normal,gt_mask_empty,val
C:\Users\al774\.cache\kagglehub\datasets\vadimzavadskyi\kolektorsdd2-ksdd2\versions\1\test\20803.png,test\20803.png,20803.png,0,normal,gt_mask_empty,test
C:\Users\al774\.cache\kagglehub\datasets\vadimzavadskyi\kolektorsdd2-ksdd2\versions\1\test\20804.png,test\20804.png,20804.png,1,defective,gt_mask_defect(max_val=255),val
C:\Users\al774\.cache\kagglehub\datasets\vadimzavadskyi\kolektorsdd2-ksdd2\versions\1\test\20805.png,test\20805.png,20805.png,0,normal,gt_mask_empty,train
C:\Users\al774\.cache\kagglehub\datasets\vadimzavadskyi\kolektorsdd2-ksdd2\versions\1\test\20806.png,test\20806.png,20806.png,0,normal,gt_mask_empty,train
C:\Users\al774\.cache\kagglehub\datasets\vadimzavadskyi\kolektorsdd2-ksdd2\versions\1\test\20807.png,test\20807.png,20807.png,0,normal,gt_mask_empty,train
C:\Users\al774\.cache\kagglehub\datasets\vadimzavadskyi\kolektorsdd2-ksdd2\versions\1\test\20808.png,test\20808.png,20808.png,0,normal,gt_mask_empty,train
C:\Users\al774\.cache\kagglehub\datasets\vadimzavadskyi\kolektorsdd2-ksdd2\versions\1\test\20809.png,test\20809.png,20809.png,0,normal,gt_mask_empty,train
C:\Users\al774\.cache\kagglehub\datasets\vadimzavadskyi\kolektorsdd2-ksdd2\versions\1\test\20810.png,test\20810.png,20810.png,0,normal,gt_mask_empty,test
C:\Users\al774\.cache\kagglehub\datasets\vadimzavadskyi\kolektorsdd2-ksdd2\versions\1\test\20811.png,test\20811.png,20811.png,0,normal,gt_mask_empty,train
C:\Users\al774\.cache\kagglehub\datasets\vadimzavadskyi\kolektorsdd2-ksdd2\versions\1\test\20812.png,test\20812.png,20812.png,0,normal,gt_mask_empty,val
C:\Users\al774\.cache\kagglehub\datasets\vadimzavadskyi\kolektorsdd2-ksdd2\versions\1\test\20813.png,test\20813.png,20813.png,0,normal,gt_mask_empty,train
C:\Users\al774\.cache\kagglehub\datasets\vadimzavadskyi\kolektorsdd2-ksdd2\versions\1\test\20814.png,test\20814.png,20814.png,0,normal,gt_mask_empty,train
C:\Users\al774\.cache\kagglehub\datasets\vadimzavadskyi\kolektorsdd2-ksdd2\versions\1\test\20815.png,test\20815.png,20815.png,0,normal,gt_mask_empty,val
C:\Users\al774\.cache\kagglehub\datasets\vadimzavadskyi\kolektorsdd2-ksdd2\versions\1\test\20816.png,test\20816.png,20816.png,1,defective,gt_mask_defect(max_val=255),train
C:\Users\al774\.cache\kagglehub\datasets\vadimzavadskyi\kolektorsdd2-ksdd2\versions\1\test\20817.png,test\20817.png,20817.png,0,normal,gt_mask_empty,train
C:\Users\al774\.cache\kagglehub\datasets\vadimzavadskyi\kolektorsdd2-ksdd2\versions\1\test\20818.png,test\20818.png,20818.png,0,normal,gt_mask_empty,train
C:\Users\al774\.cache\kagglehub\datasets\vadimzavadskyi\kolektorsdd2-ksdd2\versions\1\test\20819.png,test\20819.png,20819.png,0,normal,gt_mask_empty,train
C:\Users\al774\.cache\kagglehub\datasets\vadimzavadskyi\kolektorsdd2-ksdd2\versions\1\test\20820.png,test\20820.png,20820.png,0,normal,gt_mask_empty,test
C:\Users\al774\.cache\kagglehub\datasets\vadimzavadskyi\kolektorsdd2-ksdd2\versions\1\test\20821.png,test\20821.png,20821.png,1,defective,gt_mask_defect(max_val=255),val
C:\Users\al774\.cache\kagglehub\datasets\vadimzavadskyi\kolektorsdd2-ksdd2\versions\1\test\20822.png,test\20822.png,20822.png,0,normal,gt_mask_empty,train
C:\Users\al774\.cache\kagglehub\datasets\vadimzavadskyi\kolektorsdd2-ksdd2\versions\1\test\20823.png,test\20823.png,20823.png,0,normal,gt_mask_empty,train
C:\Users\al774\.cache\kagglehub\datasets\vadimzavadskyi\kolektorsdd2-ksdd2\versions\1\test\20824.png,test\20824.png,20824.png,0,normal,gt_mask_empty,train
C:\Users\al774\.cache\kagglehub\datasets\vadimzavadskyi\kolektorsdd2-ksdd2\versions\1\test\20825.png,test\20825.png,20825.png,0,normal,gt_mask_empty,train
C:\Users\al774\.cache\kagglehub\datasets\vadimzavadskyi\kolektorsdd2-ksdd2\versions\1\test\20826.png,test\20826.png,20826.png,0,normal,gt_mask_empty,train
C:\Users\al774\.cache\kagglehub\datasets\vadimzavadskyi\kolektorsdd2-ksdd2\versions\1\test\20827.png,test\20827.png,20827.png,1,defective,gt_mask_defect(max_val=255),train
C:\Users\al774\.cache\kagglehub\datasets\vadimzavadskyi\kolektorsdd2-ksdd2\versions\1\test\20828.png,test\20828.png,20828.png,0,normal,gt_mask_empty,train
C:\Users\al774\.cache\kagglehub\datasets\vadimzavadskyi\kolektorsdd2-ksdd2\versions\1\test\20829.png,test\20829.png,20829.png,1,defective,gt_mask_defect(max_val=255),test
C:\Users\al774\.cache\kagglehub\datasets\vadimzavadskyi\kolektorsdd2-ksdd2\versions\1\test\20830.png,test\20830.png,20830.png,0,normal,gt_mask_empty,val
C:\Users\al774\.cache\kagglehub\datasets\vadimzavadskyi\kolektorsdd2-ksdd2\versions\1\test\20831.png,test\20831.png,20831.png,0,normal,gt_mask_empty,test
C:\Users\al774\.cache\kagglehub\datasets\vadimzavadskyi\kolektorsdd2-ksdd2\versions\1\test\20832.png,test\20832.png,20832.png,0,normal,gt_mask_empty,train
C:\Users\al774\.cache\kagglehub\datasets\vadimzavadskyi\kolektorsdd2-ksdd2\versions\1\test\20833.png,test\20833.png,20833.png,0,normal,gt_mask_empty,train
C:\Users\al774\.cache\kagglehub\datasets\vadimzavadskyi\kolektorsdd2-ksdd2\versions\1\test\20834.png,test\20834.png,20834.png,1,defective,gt_mask_defect(max_val=255),train
C:\Users\al774\.cache\kagglehub\datasets\vadimzavadskyi\kolektorsdd2-ksdd2\versions\1\test\20835.png,test\20835.png,20835.png,0,normal,gt_mask_empty,train
C:\Users\al774\.cache\kagglehub\datasets\vadimzavadskyi\kolektorsdd2-ksdd2\versions\1\test\20836.png,test\20836.png,20836.png,0,normal,gt_mask_empty,train
C:\Users\al774\.cache\kagglehub\datasets\vadimzavadskyi\kolektorsdd2-ksdd2\versions\1\test\20837.png,test\20837.png,20837.png,0,normal,gt_mask_empty,train
C:\Users\al774\.cache\kagglehub\datasets\vadimzavadskyi\kolektorsdd2-ksdd2\versions\1\test\20838.png,test\20838.png,20838.png,0,normal,gt_mask_empty,train
C:\Users\al774\.cache\kagglehub\datasets\vadimzavadskyi\kolektorsdd2-ksdd2\versions\1\test\20839.png,test\20839.png,20839.png,0,normal,gt_mask_empty,val
C:\Users\al774\.cache\kagglehub\datasets\vadimzavadskyi\kolektorsdd2-ksdd2\versions\1\test\20840.png,test\20840.png,20840.png,0,normal,gt_mask_empty,train
C:\Users\al774\.cache\kagglehub\datasets\vadimzavadskyi\kolektorsdd2-ksdd2\versions\1\test\20841.png,test\20841.png,20841.png,0,normal,gt_mask_empty,train
C:\Users\al774\.cache\kagglehub\datasets\vadimzavadskyi\kolektorsdd2-ksdd2\versions\1\test\20842.png,test\20842.png,20842.png,0,normal,gt_mask_empty,test
C:\Users\al774\.cache\kagglehub\datasets\vadimzavadskyi\kolektorsdd2-ksdd2\versions\1\test\20843.png,test\20843.png,20843.png,0,normal,gt_mask_empty,train
C:\Users\al774\.cache\kagglehub\datasets\vadimzavadskyi\kolektorsdd2-ksdd2\versions\1\test\20844.png,test\20844.png,20844.png,0,normal,gt_mask_empty,train
C:\Users\al774\.cache\kagglehub\datasets\vadimzavadskyi\kolektorsdd2-ksdd2\versions\1\test\20845.png,test\20845.png,20845.png,0,normal,gt_mask_empty,val
C:\Users\al774\.cache\kagglehub\datasets\vadimzavadskyi\kolektorsdd2-ksdd2\versions\1\test\20846.png,test\20846.png,20846.png,0,normal,gt_mask_empty,train
C:\Users\al774\.cache\kagglehub\datasets\vadimzavadskyi\kolektorsdd2-ksdd2\versions\1\test\20847.png,test\20847.png,20847.png,0,normal,gt_mask_empty,train
C:\Users\al774\.cache\kagglehub\datasets\vadimzavadskyi\kolektorsdd2-ksdd2\versions\1\test\20848.png,test\20848.png,20848.png,1,defective,gt_mask_defect(max_val=255),train
C:\Users\al774\.cache\kagglehub\datasets\vadimzavadskyi\kolektorsdd2-ksdd2\versions\1\test\20849.png,test\20849.png,20849.png,0,normal,gt_mask_empty,train
C:\Users\al774\.cache\kagglehub\datasets\vadimzavadskyi\kolektorsdd2-ksdd2\versions\1\test\20850.png,test\20850.png,20850.png,0,normal,gt_mask_empty,train
C:\Users\al774\.cache\kagglehub\datasets\vadimzavadskyi\kolektorsdd2-ksdd2\versions\1\test\20851.png,test\20851.png,20851.png,0,normal,gt_mask_empty,test
C:\Users\al774\.cache\kagglehub\datasets\vadimzavadskyi\kolektorsdd2-ksdd2\versions\1\test\20852.png,test\20852.png,20852.png,0,normal,gt_mask_empty,train
C:\Users\al774\.cache\kagglehub\datasets\vadimzavadskyi\kolektorsdd2-ksdd2\versions\1\test\20853.png,test\20853.png,20853.png,0,normal,gt_mask_empty,test
C:\Users\al774\.cache\kagglehub\datasets\vadimzavadskyi\kolektorsdd2-ksdd2\versions\1\test\20854.png,test\20854.png,20854.png,0,normal,gt_mask_empty,train
C:\Users\al774\.cache\kagglehub\datasets\vadimzavadskyi\kolektorsdd2-ksdd2\versions\1\test\20855.png,test\20855.png,20855.png,0,normal,gt_mask_empty,val
C:\Users\al774\.cache\kagglehub\datasets\vadimzavadskyi\kolektorsdd2-ksdd2\versions\1\test\20856.png,test\20856.png,20856.png,0,normal,gt_mask_empty,test
C:\Users\al774\.cache\kagglehub\datasets\vadimzavadskyi\kolektorsdd2-ksdd2\versions\1\test\20857.png,test\20857.png,20857.png,1,defective,gt_mask_defect(max_val=255),train
C:\Users\al774\.cache\kagglehub\datasets\vadimzavadskyi\kolektorsdd2-ksdd2\versions\1\test\20858.png,test\20858.png,20858.png,0,normal,gt_mask_empty,train
C:\Users\al774\.cache\kagglehub\datasets\vadimzavadskyi\kolektorsdd2-ksdd2\versions\1\test\20859.png,test\20859.png,20859.png,0,normal,gt_mask_empty,train
C:\Users\al774\.cache\kagglehub\datasets\vadimzavadskyi\kolektorsdd2-ksdd2\versions\1\test\20860.png,test\20860.png,20860.png,0,normal,gt_mask_empty,test
C:\Users\al774\.cache\kagglehub\datasets\vadimzavadskyi\kolektorsdd2-ksdd2\versions\1\test\20861.png,test\20861.png,20861.png,0,normal,gt_mask_empty,train
C:\Users\al774\.cache\kagglehub\datasets\vadimzavadskyi\kolektorsdd2-ksdd2\versions\1\test\20862.png,test\20862.png,20862.png,0,normal,gt_mask_empty,train
C:\Users\al774\.cache\kagglehub\datasets\vadimzavadskyi\kolektorsdd2-ksdd2\versions\1\test\20863.png,test\20863.png,20863.png,0,normal,gt_mask_empty,test
C:\Users\al774\.cache\kagglehub\datasets\vadimzavadskyi\kolektorsdd2-ksdd2\versions\1\test\20864.png,test\20864.png,20864.png,0,normal,gt_mask_empty,test
C:\Users\al774\.cache\kagglehub\datasets\vadimzavadskyi\kolektorsdd2-ksdd2\versions\1\test\20865.png,test\20865.png,20865.png,0,normal,gt_mask_empty,train
C:\Users\al774\.cache\kagglehub\datasets\vadimzavadskyi\kolektorsdd2-ksdd2\versions\1\test\20866.png,test\20866.png,20866.png,0,normal,gt_mask_empty,train
C:\Users\al774\.cache\kagglehub\datasets\vadimzavadskyi\kolektorsdd2-ksdd2\versions\1\test\20867.png,test\20867.png,20867.png,0,normal,gt_mask_empty,test
C:\Users\al774\.cache\kagglehub\datasets\vadimzavadskyi\kolektorsdd2-ksdd2\versions\1\test\20868.png,test\20868.png,20868.png,0,normal,gt_mask_empty,train
C:\Users\al774\.cache\kagglehub\datasets\vadimzavadskyi\kolektorsdd2-ksdd2\versions\1\test\20869.png,test\20869.png,20869.png,0,normal,gt_mask_empty,test
C:\Users\al774\.cache\kagglehub\datasets\vadimzavadskyi\kolektorsdd2-ksdd2\versions\1\test\20870.png,test\20870.png,20870.png,1,defective,gt_mask_defect(max_val=255),train
C:\Users\al774\.cache\kagglehub\datasets\vadimzavadskyi\kolektorsdd2-ksdd2\versions\1\test\20871.png,test\20871.png,20871.png,0,normal,gt_mask_empty,train
C:\Users\al774\.cache\kagglehub\datasets\vadimzavadskyi\kolektorsdd2-ksdd2\versions\1\test\20872.png,test\20872.png,20872.png,0,normal,gt_mask_empty,train
C:\Users\al774\.cache\kagglehub\datasets\vadimzavadskyi\kolektorsdd2-ksdd2\versions\1\test\20873.png,test\20873.png,20873.png,0,normal,gt_mask_empty,train
C:\Users\al774\.cache\kagglehub\datasets\vadimzavadskyi\kolektorsdd2-ksdd2\versions\1\test\20874.png,test\20874.png,20874.png,0,normal,gt_mask_empty,test
C:\Users\al774\.cache\kagglehub\datasets\vadimzavadskyi\kolektorsdd2-ksdd2\versions\1\test\20875.png,test\20875.png,20875.png,0,normal,gt_mask_empty,train
C:\Users\al774\.cache\kagglehub\datasets\vadimzavadskyi\kolektorsdd2-ksdd2\versions\1\test\20876.png,test\20876.png,20876.png,0,normal,gt_mask_empty,train
C:\Users\al774\.cache\kagglehub\datasets\vadimzavadskyi\kolektorsdd2-ksdd2\versions\1\test\20877.png,test\20877.png,20877.png,0,normal,gt_mask_empty,train
C:\Users\al774\.cache\kagglehub\datasets\vadimzavadskyi\kolektorsdd2-ksdd2\versions\1\test\20878.png,test\20878.png,20878.png,0,normal,gt_mask_empty,train
C:\Users\al774\.cache\kagglehub\datasets\vadimzavadskyi\kolektorsdd2-ksdd2\versions\1\test\20879.png,test\20879.png,20879.png,0,normal,gt_mask_empty,val
C:\Users\al774\.cache\kagglehub\datasets\vadimzavadskyi\kolektorsdd2-ksdd2\versions\1\test\20880.png,test\20880.png,20880.png,0,normal,gt_mask_empty,train
C:\Users\al774\.cache\kagglehub\datasets\vadimzavadskyi\kolektorsdd2-ksdd2\versions\1\test\20881.png,test\20881.png,20881.png,1,defective,gt_mask_defect(max_val=255),train
C:\Users\al774\.cache\kagglehub\datasets\vadimzavadskyi\kolektorsdd2-ksdd2\versions\1\test\20882.png,test\20882.png,20882.png,1,defective,gt_mask_defect(max_val=255),train
C:\Users\al774\.cache\kagglehub\datasets\vadimzavadskyi\kolektorsdd2-ksdd2\versions\1\test\20883.png,test\20883.png,20883.png,0,normal,gt_mask_empty,train
C:\Users\al774\.cache\kagglehub\datasets\vadimzavadskyi\kolektorsdd2-ksdd2\versions\1\test\20884.png,test\20884.png,20884.png,1,defective,gt_mask_defect(max_val=255),train
C:\Users\al774\.cache\kagglehub\datasets\vadimzavadskyi\kolektorsdd2-ksdd2\versions\1\test\20885.png,test\20885.png,20885.png,0,normal,gt_mask_empty,train
C:\Users\al774\.cache\kagglehub\datasets\vadimzavadskyi\kolektorsdd2-ksdd2\versions\1\test\20886.png,test\20886.png,20886.png,0,normal,gt_mask_empty,train
C:\Users\al774\.cache\kagglehub\datasets\vadimzavadskyi\kolektorsdd2-ksdd2\versions\1\test\20887.png,test\20887.png,20887.png,0,normal,gt_mask_empty,train
C:\Users\al774\.cache\kagglehub\datasets\vadimzavadskyi\kolektorsdd2-ksdd2\versions\1\test\20888.png,test\20888.png,20888.png,0,normal,gt_mask_empty,train
C:\Users\al774\.cache\kagglehub\datasets\vadimzavadskyi\kolektorsdd2-ksdd2\versions\1\test\20889.png,test\20889.png,20889.png,0,normal,gt_mask_empty,test
C:\Users\al774\.cache\kagglehub\datasets\vadimzavadskyi\kolektorsdd2-ksdd2\versions\1\test\20890.png,test\20890.png,20890.png,0,normal,gt_mask_empty,train
C:\Users\al774\.cache\kagglehub\datasets\vadimzavadskyi\kolektorsdd2-ksdd2\versions\1\test\20891.png,test\20891.png,20891.png,1,defective,gt_mask_defect(max_val=255),train
C:\Users\al774\.cache\kagglehub\datasets\vadimzavadskyi\kolektorsdd2-ksdd2\versions\1\test\20892.png,test\20892.png,20892.png,1,defective,gt_mask_defect(max_val=255),val
C:\Users\al774\.cache\kagglehub\datasets\vadimzavadskyi\kolektorsdd2-ksdd2\versions\1\test\20893.png,test\20893.png,20893.png,0,normal,gt_mask_empty,train
C:\Users\al774\.cache\kagglehub\datasets\vadimzavadskyi\kolektorsdd2-ksdd2\versions\1\test\20894.png,test\20894.png,20894.png,0,normal,gt_mask_empty,train
C:\Users\al774\.cache\kagglehub\datasets\vadimzavadskyi\kolektorsdd2-ksdd2\versions\1\test\20895.png,test\20895.png,20895.png,1,defective,gt_mask_defect(max_val=255),train
C:\Users\al774\.cache\kagglehub\datasets\vadimzavadskyi\kolektorsdd2-ksdd2\versions\1\test\20896.png,test\20896.png,20896.png,0,normal,gt_mask_empty,test
C:\Users\al774\.cache\kagglehub\datasets\vadimzavadskyi\kolektorsdd2-ksdd2\versions\1\test\20897.png,test\20897.png,20897.png,0,normal,gt_mask_empty,val
C:\Users\al774\.cache\kagglehub\datasets\vadimzavadskyi\kolektorsdd2-ksdd2\versions\1\test\20898.png,test\20898.png,20898.png,0,normal,gt_mask_empty,val
C:\Users\al774\.cache\kagglehub\datasets\vadimzavadskyi\kolektorsdd2-ksdd2\versions\1\test\20899.png,test\20899.png,20899.png,0,normal,gt_mask_empty,train
C:\Users\al774\.cache\kagglehub\datasets\vadimzavadskyi\kolektorsdd2-ksdd2\versions\1\test\20900.png,test\20900.png,20900.png,0,normal,gt_mask_empty,train
C:\Users\al774\.cache\kagglehub\datasets\vadimzavadskyi\kolektorsdd2-ksdd2\versions\1\test\20901.png,test\20901.png,20901.png,0,normal,gt_mask_empty,train
C:\Users\al774\.cache\kagglehub\datasets\vadimzavadskyi\kolektorsdd2-ksdd2\versions\1\test\20902.png,test\20902.png,20902.png,1,defective,gt_mask_defect(max_val=255),test
C:\Users\al774\.cache\kagglehub\datasets\vadimzavadskyi\kolektorsdd2-ksdd2\versions\1\test\20903.png,test\20903.png,20903.png,0,normal,gt_mask_empty,train
C:\Users\al774\.cache\kagglehub\datasets\vadimzavadskyi\kolektorsdd2-ksdd2\versions\1\test\20904.png,test\20904.png,20904.png,0,normal,gt_mask_empty,train
C:\Users\al774\.cache\kagglehub\datasets\vadimzavadskyi\kolektorsdd2-ksdd2\versions\1\test\20905.png,test\20905.png,20905.png,0,normal,gt_mask_empty,train
C:\Users\al774\.cache\kagglehub\datasets\vadimzavadskyi\kolektorsdd2-ksdd2\versions\1\test\20906.png,test\20906.png,20906.png,0,normal,gt_mask_empty,val
C:\Users\al774\.cache\kagglehub\datasets\vadimzavadskyi\kolektorsdd2-ksdd2\versions\1\test\20907.png,test\20907.png,20907.png,0,normal,gt_mask_empty,train
C:\Users\al774\.cache\kagglehub\datasets\vadimzavadskyi\kolektorsdd2-ksdd2\versions\1\test\20908.png,test\20908.png,20908.png,0,normal,gt_mask_empty,train
C:\Users\al774\.cache\kagglehub\datasets\vadimzavadskyi\kolektorsdd2-ksdd2\versions\1\test\20909.png,test\20909.png,20909.png,0,normal,gt_mask_empty,train
C:\Users\al774\.cache\kagglehub\datasets\vadimzavadskyi\kolektorsdd2-ksdd2\versions\1\test\20910.png,test\20910.png,20910.png,0,normal,gt_mask_empty,train
C:\Users\al774\.cache\kagglehub\datasets\vadimzavadskyi\kolektorsdd2-ksdd2\versions\1\test\20911.png,test\20911.png,20911.png,0,normal,gt_mask_empty,train
C:\Users\al774\.cache\kagglehub\datasets\vadimzavadskyi\kolektorsdd2-ksdd2\versions\1\test\20912.png,test\20912.png,20912.png,1,defective,gt_mask_defect(max_val=255),train
C:\Users\al774\.cache\kagglehub\datasets\vadimzavadskyi\kolektorsdd2-ksdd2\versions\1\test\20913.png,test\20913.png,20913.png,0,normal,gt_mask_empty,train
C:\Users\al774\.cache\kagglehub\datasets\vadimzavadskyi\kolektorsdd2-ksdd2\versions\1\test\20914.png,test\20914.png,20914.png,0,normal,gt_mask_empty,train
C:\Users\al774\.cache\kagglehub\datasets\vadimzavadskyi\kolektorsdd2-ksdd2\versions\1\test\20915.png,test\20915.png,20915.png,0,normal,gt_mask_empty,train
C:\Users\al774\.cache\kagglehub\datasets\vadimzavadskyi\kolektorsdd2-ksdd2\versions\1\test\20916.png,test\20916.png,20916.png,0,normal,gt_mask_empty,train
C:\Users\al774\.cache\kagglehub\datasets\vadimzavadskyi\kolektorsdd2-ksdd2\versions\1\test\20917.png,test\20917.png,20917.png,0,normal,gt_mask_empty,val
C:\Users\al774\.cache\kagglehub\datasets\vadimzavadskyi\kolektorsdd2-ksdd2\versions\1\test\20918.png,test\20918.png,20918.png,0,normal,gt_mask_empty,val
C:\Users\al774\.cache\kagglehub\datasets\vadimzavadskyi\kolektorsdd2-ksdd2\versions\1\test\20919.png,test\20919.png,20919.png,0,normal,gt_mask_empty,train
C:\Users\al774\.cache\kagglehub\datasets\vadimzavadskyi\kolektorsdd2-ksdd2\versions\1\test\20920.png,test\20920.png,20920.png,0,normal,gt_mask_empty,train
C:\Users\al774\.cache\kagglehub\datasets\vadimzavadskyi\kolektorsdd2-ksdd2\versions\1\test\20921.png,test\20921.png,20921.png,0,normal,gt_mask_empty,train
C:\Users\al774\.cache\kagglehub\datasets\vadimzavadskyi\kolektorsdd2-ksdd2\versions\1\test\20922.png,test\20922.png,20922.png,1,defective,gt_mask_defect(max_val=255),train
C:\Users\al774\.cache\kagglehub\datasets\vadimzavadskyi\kolektorsdd2-ksdd2\versions\1\test\20923.png,test\20923.png,20923.png,0,normal,gt_mask_empty,train
C:\Users\al774\.cache\kagglehub\datasets\vadimzavadskyi\kolektorsdd2-ksdd2\versions\1\test\20924.png,test\20924.png,20924.png,0,normal,gt_mask_empty,train
C:\Users\al774\.cache\kagglehub\datasets\vadimzavadskyi\kolektorsdd2-ksdd2\versions\1\test\20925.png,test\20925.png,20925.png,0,normal,gt_mask_empty,train
C:\Users\al774\.cache\kagglehub\datasets\vadimzavadskyi\kolektorsdd2-ksdd2\versions\1\test\20926.png,test\20926.png,20926.png,0,normal,gt_mask_empty,train
C:\Users\al774\.cache\kagglehub\datasets\vadimzavadskyi\kolektorsdd2-ksdd2\versions\1\test\20927.png,test\20927.png,20927.png,0,normal,gt_mask_empty,test
C:\Users\al774\.cache\kagglehub\datasets\vadimzavadskyi\kolektorsdd2-ksdd2\versions\1\test\20928.png,test\20928.png,20928.png,0,normal,gt_mask_empty,train
C:\Users\al774\.cache\kagglehub\datasets\vadimzavadskyi\kolektorsdd2-ksdd2\versions\1\test\20929.png,test\20929.png,20929.png,0,normal,gt_mask_empty,val
C:\Users\al774\.cache\kagglehub\datasets\vadimzavadskyi\kolektorsdd2-ksdd2\versions\1\test\20930.png,test\20930.png,20930.png,0,normal,gt_mask_empty,train
C:\Users\al774\.cache\kagglehub\datasets\vadimzavadskyi\kolektorsdd2-ksdd2\versions\1\test\20931.png,test\20931.png,20931.png,0,normal,gt_mask_empty,train
C:\Users\al774\.cache\kagglehub\datasets\vadimzavadskyi\kolektorsdd2-ksdd2\versions\1\test\20932.png,test\20932.png,20932.png,0,normal,gt_mask_empty,test
C:\Users\al774\.cache\kagglehub\datasets\vadimzavadskyi\kolektorsdd2-ksdd2\versions\1\test\20933.png,test\20933.png,20933.png,0,normal,gt_mask_empty,train
C:\Users\al774\.cache\kagglehub\datasets\vadimzavadskyi\kolektorsdd2-ksdd2\versions\1\test\20934.png,test\20934.png,20934.png,0,normal,gt_mask_empty,test
C:\Users\al774\.cache\kagglehub\datasets\vadimzavadskyi\kolektorsdd2-ksdd2\versions\1\test\20935.png,test\20935.png,20935.png,0,normal,gt_mask_empty,train
C:\Users\al774\.cache\kagglehub\datasets\vadimzavadskyi\kolektorsdd2-ksdd2\versions\1\test\20936.png,test\20936.png,20936.png,0,normal,gt_mask_empty,train
C:\Users\al774\.cache\kagglehub\datasets\vadimzavadskyi\kolektorsdd2-ksdd2\versions\1\test\20937.png,test\20937.png,20937.png,0,normal,gt_mask_empty,val
C:\Users\al774\.cache\kagglehub\datasets\vadimzavadskyi\kolektorsdd2-ksdd2\versions\1\test\20938.png,test\20938.png,20938.png,0,normal,gt_mask_empty,train
C:\Users\al774\.cache\kagglehub\datasets\vadimzavadskyi\kolektorsdd2-ksdd2\versions\1\test\20939.png,test\20939.png,20939.png,0,normal,gt_mask_empty,val
C:\Users\al774\.cache\kagglehub\datasets\vadimzavadskyi\kolektorsdd2-ksdd2\versions\1\test\20940.png,test\20940.png,20940.png,0,normal,gt_mask_empty,train
C:\Users\al774\.cache\kagglehub\datasets\vadimzavadskyi\kolektorsdd2-ksdd2\versions\1\test\20941.png,test\20941.png,20941.png,1,defective,gt_mask_defect(max_val=255),train
C:\Users\al774\.cache\kagglehub\datasets\vadimzavadskyi\kolektorsdd2-ksdd2\versions\1\test\20942.png,test\20942.png,20942.png,1,defective,gt_mask_defect(max_val=255),train
C:\Users\al774\.cache\kagglehub\datasets\vadimzavadskyi\kolektorsdd2-ksdd2\versions\1\test\20943.png,test\20943.png,20943.png,0,normal,gt_mask_empty,test
C:\Users\al774\.cache\kagglehub\datasets\vadimzavadskyi\kolektorsdd2-ksdd2\versions\1\test\20944.png,test\20944.png,20944.png,0,normal,gt_mask_empty,train
C:\Users\al774\.cache\kagglehub\datasets\vadimzavadskyi\kolektorsdd2-ksdd2\versions\1\test\20945.png,test\20945.png,20945.png,0,normal,gt_mask_empty,train
C:\Users\al774\.cache\kagglehub\datasets\vadimzavadskyi\kolektorsdd2-ksdd2\versions\1\test\20946.png,test\20946.png,20946.png,0,normal,gt_mask_empty,train
C:\Users\al774\.cache\kagglehub\datasets\vadimzavadskyi\kolektorsdd2-ksdd2\versions\1\test\20947.png,test\20947.png,20947.png,0,normal,gt_mask_empty,train
C:\Users\al774\.cache\kagglehub\datasets\vadimzavadskyi\kolektorsdd2-ksdd2\versions\1\test\20948.png,test\20948.png,20948.png,0,normal,gt_mask_empty,train
C:\Users\al774\.cache\kagglehub\datasets\vadimzavadskyi\kolektorsdd2-ksdd2\versions\1\test\20949.png,test\20949.png,20949.png,0,normal,gt_mask_empty,train
C:\Users\al774\.cache\kagglehub\datasets\vadimzavadskyi\kolektorsdd2-ksdd2\versions\1\test\20950.png,test\20950.png,20950.png,0,normal,gt_mask_empty,train
C:\Users\al774\.cache\kagglehub\datasets\vadimzavadskyi\kolektorsdd2-ksdd2\versions\1\test\20951.png,test\20951.png,20951.png,0,normal,gt_mask_empty,train
C:\Users\al774\.cache\kagglehub\datasets\vadimzavadskyi\kolektorsdd2-ksdd2\versions\1\test\20952.png,test\20952.png,20952.png,1,defective,gt_mask_defect(max_val=255),train
C:\Users\al774\.cache\kagglehub\datasets\vadimzavadskyi\kolektorsdd2-ksdd2\versions\1\test\20953.png,test\20953.png,20953.png,0,normal,gt_mask_empty,test
C:\Users\al774\.cache\kagglehub\datasets\vadimzavadskyi\kolektorsdd2-ksdd2\versions\1\test\20954.png,test\20954.png,20954.png,0,normal,gt_mask_empty,train
C:\Users\al774\.cache\kagglehub\datasets\vadimzavadskyi\kolektorsdd2-ksdd2\versions\1\test\20955.png,test\20955.png,20955.png,0,normal,gt_mask_empty,train
C:\Users\al774\.cache\kagglehub\datasets\vadimzavadskyi\kolektorsdd2-ksdd2\versions\1\test\20956.png,test\20956.png,20956.png,1,defective,gt_mask_defect(max_val=255),train
C:\Users\al774\.cache\kagglehub\datasets\vadimzavadskyi\kolektorsdd2-ksdd2\versions\1\test\20957.png,test\20957.png,20957.png,0,normal,gt_mask_empty,train
C:\Users\al774\.cache\kagglehub\datasets\vadimzavadskyi\kolektorsdd2-ksdd2\versions\1\test\20958.png,test\20958.png,20958.png,0,normal,gt_mask_empty,test
C:\Users\al774\.cache\kagglehub\datasets\vadimzavadskyi\kolektorsdd2-ksdd2\versions\1\test\20959.png,test\20959.png,20959.png,1,defective,gt_mask_defect(max_val=255),train
C:\Users\al774\.cache\kagglehub\datasets\vadimzavadskyi\kolektorsdd2-ksdd2\versions\1\test\20960.png,test\20960.png,20960.png,0,normal,gt_mask_empty,test
C:\Users\al774\.cache\kagglehub\datasets\vadimzavadskyi\kolektorsdd2-ksdd2\versions\1\test\20961.png,test\20961.png,20961.png,0,normal,gt_mask_empty,val
C:\Users\al774\.cache\kagglehub\datasets\vadimzavadskyi\kolektorsdd2-ksdd2\versions\1\test\20962.png,test\20962.png,20962.png,0,normal,gt_mask_empty,val
C:\Users\al774\.cache\kagglehub\datasets\vadimzavadskyi\kolektorsdd2-ksdd2\versions\1\test\20963.png,test\20963.png,20963.png,0,normal,gt_mask_empty,val
C:\Users\al774\.cache\kagglehub\datasets\vadimzavadskyi\kolektorsdd2-ksdd2\versions\1\test\20964.png,test\20964.png,20964.png,0,normal,gt_mask_empty,train
C:\Users\al774\.cache\kagglehub\datasets\vadimzavadskyi\kolektorsdd2-ksdd2\versions\1\test\20965.png,test\20965.png,20965.png,0,normal,gt_mask_empty,train
C:\Users\al774\.cache\kagglehub\datasets\vadimzavadskyi\kolektorsdd2-ksdd2\versions\1\test\20966.png,test\20966.png,20966.png,0,normal,gt_mask_empty,train
C:\Users\al774\.cache\kagglehub\datasets\vadimzavadskyi\kolektorsdd2-ksdd2\versions\1\test\20967.png,test\20967.png,20967.png,0,normal,gt_mask_empty,train
C:\Users\al774\.cache\kagglehub\datasets\vadimzavadskyi\kolektorsdd2-ksdd2\versions\1\test\20968.png,test\20968.png,20968.png,0,normal,gt_mask_empty,train
C:\Users\al774\.cache\kagglehub\datasets\vadimzavadskyi\kolektorsdd2-ksdd2\versions\1\test\20969.png,test\20969.png,20969.png,1,defective,gt_mask_defect(max_val=255),test
C:\Users\al774\.cache\kagglehub\datasets\vadimzavadskyi\kolektorsdd2-ksdd2\versions\1\test\20970.png,test\20970.png,20970.png,0,normal,gt_mask_empty,test
C:\Users\al774\.cache\kagglehub\datasets\vadimzavadskyi\kolektorsdd2-ksdd2\versions\1\test\20971.png,test\20971.png,20971.png,0,normal,gt_mask_empty,train
C:\Users\al774\.cache\kagglehub\datasets\vadimzavadskyi\kolektorsdd2-ksdd2\versions\1\test\20972.png,test\20972.png,20972.png,0,normal,gt_mask_empty,train
C:\Users\al774\.cache\kagglehub\datasets\vadimzavadskyi\kolektorsdd2-ksdd2\versions\1\test\20973.png,test\20973.png,20973.png,0,normal,gt_mask_empty,test
C:\Users\al774\.cache\kagglehub\datasets\vadimzavadskyi\kolektorsdd2-ksdd2\versions\1\test\20974.png,test\20974.png,20974.png,0,normal,gt_mask_empty,train
C:\Users\al774\.cache\kagglehub\datasets\vadimzavadskyi\kolektorsdd2-ksdd2\versions\1\test\20975.png,test\20975.png,20975.png,0,normal,gt_mask_empty,train
C:\Users\al774\.cache\kagglehub\datasets\vadimzavadskyi\kolektorsdd2-ksdd2\versions\1\test\20976.png,test\20976.png,20976.png,0,normal,gt_mask_empty,train
C:\Users\al774\.cache\kagglehub\datasets\vadimzavadskyi\kolektorsdd2-ksdd2\versions\1\test\20977.png,test\20977.png,20977.png,0,normal,gt_mask_empty,train
C:\Users\al774\.cache\kagglehub\datasets\vadimzavadskyi\kolektorsdd2-ksdd2\versions\1\test\20978.png,test\20978.png,20978.png,0,normal,gt_mask_empty,test
C:\Users\al774\.cache\kagglehub\datasets\vadimzavadskyi\kolektorsdd2-ksdd2\versions\1\test\20979.png,test\20979.png,20979.png,0,normal,gt_mask_empty,train
C:\Users\al774\.cache\kagglehub\datasets\vadimzavadskyi\kolektorsdd2-ksdd2\versions\1\test\20980.png,test\20980.png,20980.png,0,normal,gt_mask_empty,test
C:\Users\al774\.cache\kagglehub\datasets\vadimzavadskyi\kolektorsdd2-ksdd2\versions\1\test\20981.png,test\20981.png,20981.png,0,normal,gt_mask_empty,train
C:\Users\al774\.cache\kagglehub\datasets\vadimzavadskyi\kolektorsdd2-ksdd2\versions\1\test\20982.png,test\20982.png,20982.png,0,normal,gt_mask_empty,test
C:\Users\al774\.cache\kagglehub\datasets\vadimzavadskyi\kolektorsdd2-ksdd2\versions\1\test\20983.png,test\20983.png,20983.png,0,normal,gt_mask_empty,train
C:\Users\al774\.cache\kagglehub\datasets\vadimzavadskyi\kolektorsdd2-ksdd2\versions\1\test\20984.png,test\20984.png,20984.png,0,normal,gt_mask_empty,train
C:\Users\al774\.cache\kagglehub\datasets\vadimzavadskyi\kolektorsdd2-ksdd2\versions\1\test\20985.png,test\20985.png,20985.png,0,normal,gt_mask_empty,train
C:\Users\al774\.cache\kagglehub\datasets\vadimzavadskyi\kolektorsdd2-ksdd2\versions\1\test\20986.png,test\20986.png,20986.png,0,normal,gt_mask_empty,test
C:\Users\al774\.cache\kagglehub\datasets\vadimzavadskyi\kolektorsdd2-ksdd2\versions\1\test\20987.png,test\20987.png,20987.png,0,normal,gt_mask_empty,val
C:\Users\al774\.cache\kagglehub\datasets\vadimzavadskyi\kolektorsdd2-ksdd2\versions\1\test\20988.png,test\20988.png,20988.png,0,normal,gt_mask_empty,test
C:\Users\al774\.cache\kagglehub\datasets\vadimzavadskyi\kolektorsdd2-ksdd2\versions\1\test\20989.png,test\20989.png,20989.png,0,normal,gt_mask_empty,train
C:\Users\al774\.cache\kagglehub\datasets\vadimzavadskyi\kolektorsdd2-ksdd2\versions\1\test\20990.png,test\20990.png,20990.png,0,normal,gt_mask_empty,val
C:\Users\al774\.cache\kagglehub\datasets\vadimzavadskyi\kolektorsdd2-ksdd2\versions\1\test\20991.png,test\20991.png,20991.png,0,normal,gt_mask_empty,train
C:\Users\al774\.cache\kagglehub\datasets\vadimzavadskyi\kolektorsdd2-ksdd2\versions\1\test\20992.png,test\20992.png,20992.png,0,normal,gt_mask_empty,val
C:\Users\al774\.cache\kagglehub\datasets\vadimzavadskyi\kolektorsdd2-ksdd2\versions\1\test\20993.png,test\20993.png,20993.png,0,normal,gt_mask_empty,train
C:\Users\al774\.cache\kagglehub\datasets\vadimzavadskyi\kolektorsdd2-ksdd2\versions\1\test\20994.png,test\20994.png,20994.png,0,normal,gt_mask_empty,val
C:\Users\al774\.cache\kagglehub\datasets\vadimzavadskyi\kolektorsdd2-ksdd2\versions\1\test\20995.png,test\20995.png,20995.png,0,normal,gt_mask_empty,train
C:\Users\al774\.cache\kagglehub\datasets\vadimzavadskyi\kolektorsdd2-ksdd2\versions\1\test\20996.png,test\20996.png,20996.png,0,normal,gt_mask_empty,train
C:\Users\al774\.cache\kagglehub\datasets\vadimzavadskyi\kolektorsdd2-ksdd2\versions\1\test\20997.png,test\20997.png,20997.png,0,normal,gt_mask_empty,train
C:\Users\al774\.cache\kagglehub\datasets\vadimzavadskyi\kolektorsdd2-ksdd2\versions\1\test\20998.png,test\20998.png,20998.png,0,normal,gt_mask_empty,train
C:\Users\al774\.cache\kagglehub\datasets\vadimzavadskyi\kolektorsdd2-ksdd2\versions\1\test\20999.png,test\20999.png,20999.png,0,normal,gt_mask_empty,train
C:\Users\al774\.cache\kagglehub\datasets\vadimzavadskyi\kolektorsdd2-ksdd2\versions\1\test\21000.png,test\21000.png,21000.png,0,normal,gt_mask_empty,train
C:\Users\al774\.cache\kagglehub\datasets\vadimzavadskyi\kolektorsdd2-ksdd2\versions\1\test\21001.png,test\21001.png,21001.png,0,normal,gt_mask_empty,train
C:\Users\al774\.cache\kagglehub\datasets\vadimzavadskyi\kolektorsdd2-ksdd2\versions\1\test\21002.png,test\21002.png,21002.png,0,normal,gt_mask_empty,train
C:\Users\al774\.cache\kagglehub\datasets\vadimzavadskyi\kolektorsdd2-ksdd2\versions\1\test\21003.png,test\21003.png,21003.png,0,normal,gt_mask_empty,train
C:\Users\al774\.cache\kagglehub\datasets\vadimzavadskyi\kolektorsdd2-ksdd2\versions\1\train\10000.png,train\10000.png,10000.png,0,normal,gt_mask_empty,test
C:\Users\al774\.cache\kagglehub\datasets\vadimzavadskyi\kolektorsdd2-ksdd2\versions\1\train\10001.png,train\10001.png,10001.png,0,normal,gt_mask_empty,val
C:\Users\al774\.cache\kagglehub\datasets\vadimzavadskyi\kolektorsdd2-ksdd2\versions\1\train\10002.png,train\10002.png,10002.png,0,normal,gt_mask_empty,test
C:\Users\al774\.cache\kagglehub\datasets\vadimzavadskyi\kolektorsdd2-ksdd2\versions\1\train\10003.png,train\10003.png,10003.png,0,normal,gt_mask_empty,train
C:\Users\al774\.cache\kagglehub\datasets\vadimzavadskyi\kolektorsdd2-ksdd2\versions\1\train\10004.png,train\10004.png,10004.png,0,normal,gt_mask_empty,train
C:\Users\al774\.cache\kagglehub\datasets\vadimzavadskyi\kolektorsdd2-ksdd2\versions\1\train\10005.png,train\10005.png,10005.png,0,normal,gt_mask_empty,val
C:\Users\al774\.cache\kagglehub\datasets\vadimzavadskyi\kolektorsdd2-ksdd2\versions\1\train\10006.png,train\10006.png,10006.png,0,normal,gt_mask_empty,train
C:\Users\al774\.cache\kagglehub\datasets\vadimzavadskyi\kolektorsdd2-ksdd2\versions\1\train\10007.png,train\10007.png,10007.png,0,normal,gt_mask_empty,val
C:\Users\al774\.cache\kagglehub\datasets\vadimzavadskyi\kolektorsdd2-ksdd2\versions\1\train\10008.png,train\10008.png,10008.png,0,normal,gt_mask_empty,train
C:\Users\al774\.cache\kagglehub\datasets\vadimzavadskyi\kolektorsdd2-ksdd2\versions\1\train\10009.png,train\10009.png,10009.png,0,normal,gt_mask_empty,train
C:\Users\al774\.cache\kagglehub\datasets\vadimzavadskyi\kolektorsdd2-ksdd2\versions\1\train\10010.png,train\10010.png,10010.png,0,normal,gt_mask_empty,train
C:\Users\al774\.cache\kagglehub\datasets\vadimzavadskyi\kolektorsdd2-ksdd2\versions\1\train\10011.png,train\10011.png,10011.png,0,normal,gt_mask_empty,train
C:\Users\al774\.cache\kagglehub\datasets\vadimzavadskyi\kolektorsdd2-ksdd2\versions\1\train\10012.png,train\10012.png,10012.png,0,normal,gt_mask_empty,train
C:\Users\al774\.cache\kagglehub\datasets\vadimzavadskyi\kolektorsdd2-ksdd2\versions\1\train\10013.png,train\10013.png,10013.png,0,normal,gt_mask_empty,train
C:\Users\al774\.cache\kagglehub\datasets\vadimzavadskyi\kolektorsdd2-ksdd2\versions\1\train\10014.png,train\10014.png,10014.png,0,normal,gt_mask_empty,train
C:\Users\al774\.cache\kagglehub\datasets\vadimzavadskyi\kolektorsdd2-ksdd2\versions\1\train\10015.png,train\10015.png,10015.png,0,normal,gt_mask_empty,train
C:\Users\al774\.cache\kagglehub\datasets\vadimzavadskyi\kolektorsdd2-ksdd2\versions\1\train\10016.png,train\10016.png,10016.png,0,normal,gt_mask_empty,train
C:\Users\al774\.cache\kagglehub\datasets\vadimzavadskyi\kolektorsdd2-ksdd2\versions\1\train\10017.png,train\10017.png,10017.png,0,normal,gt_mask_empty,train
C:\Users\al774\.cache\kagglehub\datasets\vadimzavadskyi\kolektorsdd2-ksdd2\versions\1\train\10018.png,train\10018.png,10018.png,0,normal,gt_mask_empty,train
C:\Users\al774\.cache\kagglehub\datasets\vadimzavadskyi\kolektorsdd2-ksdd2\versions\1\train\10019.png,train\10019.png,10019.png,0,normal,gt_mask_empty,train
C:\Users\al774\.cache\kagglehub\datasets\vadimzavadskyi\kolektorsdd2-ksdd2\versions\1\train\10020.png,train\10020.png,10020.png,0,normal,gt_mask_empty,train
C:\Users\al774\.cache\kagglehub\datasets\vadimzavadskyi\kolektorsdd2-ksdd2\versions\1\train\10021.png,train\10021.png,10021.png,1,defective,gt_mask_defect(max_val=255),train
C:\Users\al774\.cache\kagglehub\datasets\vadimzavadskyi\kolektorsdd2-ksdd2\versions\1\train\10022.png,train\10022.png,10022.png,0,normal,gt_mask_empty,train
C:\Users\al774\.cache\kagglehub\datasets\vadimzavadskyi\kolektorsdd2-ksdd2\versions\1\train\10023.png,train\10023.png,10023.png,0,normal,gt_mask_empty,train
C:\Users\al774\.cache\kagglehub\datasets\vadimzavadskyi\kolektorsdd2-ksdd2\versions\1\train\10024.png,train\10024.png,10024.png,0,normal,gt_mask_empty,train
C:\Users\al774\.cache\kagglehub\datasets\vadimzavadskyi\kolektorsdd2-ksdd2\versions\1\train\10025.png,train\10025.png,10025.png,0,normal,gt_mask_empty,test
C:\Users\al774\.cache\kagglehub\datasets\vadimzavadskyi\kolektorsdd2-ksdd2\versions\1\train\10026.png,train\10026.png,10026.png,0,normal,gt_mask_empty,val
C:\Users\al774\.cache\kagglehub\datasets\vadimzavadskyi\kolektorsdd2-ksdd2\versions\1\train\10027.png,train\10027.png,10027.png,0,normal,gt_mask_empty,test
C:\Users\al774\.cache\kagglehub\datasets\vadimzavadskyi\kolektorsdd2-ksdd2\versions\1\train\10028.png,train\10028.png,10028.png,1,defective,gt_mask_defect(max_val=255),train
C:\Users\al774\.cache\kagglehub\datasets\vadimzavadskyi\kolektorsdd2-ksdd2\versions\1\train\10029.png,train\10029.png,10029.png,0,normal,gt_mask_empty,train
C:\Users\al774\.cache\kagglehub\datasets\vadimzavadskyi\kolektorsdd2-ksdd2\versions\1\train\10030.png,train\10030.png,10030.png,0,normal,gt_mask_empty,train
C:\Users\al774\.cache\kagglehub\datasets\vadimzavadskyi\kolektorsdd2-ksdd2\versions\1\train\10031.png,train\10031.png,10031.png,0,normal,gt_mask_empty,train
C:\Users\al774\.cache\kagglehub\datasets\vadimzavadskyi\kolektorsdd2-ksdd2\versions\1\train\10032.png,train\10032.png,10032.png,0,normal,gt_mask_empty,test
C:\Users\al774\.cache\kagglehub\datasets\vadimzavadskyi\kolektorsdd2-ksdd2\versions\1\train\10033.png,train\10033.png,10033.png,0,normal,gt_mask_empty,train
C:\Users\al774\.cache\kagglehub\datasets\vadimzavadskyi\kolektorsdd2-ksdd2\versions\1\train\10034.png,train\10034.png,10034.png,0,normal,gt_mask_empty,train
C:\Users\al774\.cache\kagglehub\datasets\vadimzavadskyi\kolektorsdd2-ksdd2\versions\1\train\10035.png,train\10035.png,10035.png,0,normal,gt_mask_empty,train
C:\Users\al774\.cache\kagglehub\datasets\vadimzavadskyi\kolektorsdd2-ksdd2\versions\1\train\10036.png,train\10036.png,10036.png,0,normal,gt_mask_empty,val
C:\Users\al774\.cache\kagglehub\datasets\vadimzavadskyi\kolektorsdd2-ksdd2\versions\1\train\10037.png,train\10037.png,10037.png,0,normal,gt_mask_empty,train
C:\Users\al774\.cache\kagglehub\datasets\vadimzavadskyi\kolektorsdd2-ksdd2\versions\1\train\10038.png,train\10038.png,10038.png,0,normal,gt_mask_empty,train
C:\Users\al774\.cache\kagglehub\datasets\vadimzavadskyi\kolektorsdd2-ksdd2\versions\1\train\10039.png,train\10039.png,10039.png,0,normal,gt_mask_empty,train
C:\Users\al774\.cache\kagglehub\datasets\vadimzavadskyi\kolektorsdd2-ksdd2\versions\1\train\10040.png,train\10040.png,10040.png,0,normal,gt_mask_empty,train
C:\Users\al774\.cache\kagglehub\datasets\vadimzavadskyi\kolektorsdd2-ksdd2\versions\1\train\10041.png,train\10041.png,10041.png,0,normal,gt_mask_empty,val
C:\Users\al774\.cache\kagglehub\datasets\vadimzavadskyi\kolektorsdd2-ksdd2\versions\1\train\10042.png,train\10042.png,10042.png,0,normal,gt_mask_empty,train
C:\Users\al774\.cache\kagglehub\datasets\vadimzavadskyi\kolektorsdd2-ksdd2\versions\1\train\10043.png,train\10043.png,10043.png,0,normal,gt_mask_empty,train
C:\Users\al774\.cache\kagglehub\datasets\vadimzavadskyi\kolektorsdd2-ksdd2\versions\1\train\10044.png,train\10044.png,10044.png,0,normal,gt_mask_empty,train
C:\Users\al774\.cache\kagglehub\datasets\vadimzavadskyi\kolektorsdd2-ksdd2\versions\1\train\10045.png,train\10045.png,10045.png,1,defective,gt_mask_defect(max_val=255),train
C:\Users\al774\.cache\kagglehub\datasets\vadimzavadskyi\kolektorsdd2-ksdd2\versions\1\train\10046.png,train\10046.png,10046.png,0,normal,gt_mask_empty,train
C:\Users\al774\.cache\kagglehub\datasets\vadimzavadskyi\kolektorsdd2-ksdd2\versions\1\train\10047.png,train\10047.png,10047.png,1,defective,gt_mask_defect(max_val=255),train
C:\Users\al774\.cache\kagglehub\datasets\vadimzavadskyi\kolektorsdd2-ksdd2\versions\1\train\10048.png,train\10048.png,10048.png,0,normal,gt_mask_empty,train
C:\Users\al774\.cache\kagglehub\datasets\vadimzavadskyi\kolektorsdd2-ksdd2\versions\1\train\10049.png,train\10049.png,10049.png,0,normal,gt_mask_empty,train
C:\Users\al774\.cache\kagglehub\datasets\vadimzavadskyi\kolektorsdd2-ksdd2\versions\1\train\10050.png,train\10050.png,10050.png,0,normal,gt_mask_empty,train
C:\Users\al774\.cache\kagglehub\datasets\vadimzavadskyi\kolektorsdd2-ksdd2\versions\1\train\10051.png,train\10051.png,10051.png,0,normal,gt_mask_empty,train
C:\Users\al774\.cache\kagglehub\datasets\vadimzavadskyi\kolektorsdd2-ksdd2\versions\1\train\10052.png,train\10052.png,10052.png,0,normal,gt_mask_empty,train
C:\Users\al774\.cache\kagglehub\datasets\vadimzavadskyi\kolektorsdd2-ksdd2\versions\1\train\10053.png,train\10053.png,10053.png,0,normal,gt_mask_empty,train
C:\Users\al774\.cache\kagglehub\datasets\vadimzavadskyi\kolektorsdd2-ksdd2\versions\1\train\10054.png,train\10054.png,10054.png,0,normal,gt_mask_empty,train
C:\Users\al774\.cache\kagglehub\datasets\vadimzavadskyi\kolektorsdd2-ksdd2\versions\1\train\10055.png,train\10055.png,10055.png,0,normal,gt_mask_empty,train
C:\Users\al774\.cache\kagglehub\datasets\vadimzavadskyi\kolektorsdd2-ksdd2\versions\1\train\10056.png,train\10056.png,10056.png,0,normal,gt_mask_empty,test
C:\Users\al774\.cache\kagglehub\datasets\vadimzavadskyi\kolektorsdd2-ksdd2\versions\1\train\10057.png,train\10057.png,10057.png,1,defective,gt_mask_defect(max_val=255),val
C:\Users\al774\.cache\kagglehub\datasets\vadimzavadskyi\kolektorsdd2-ksdd2\versions\1\train\10058.png,train\10058.png,10058.png,0,normal,gt_mask_empty,train
C:\Users\al774\.cache\kagglehub\datasets\vadimzavadskyi\kolektorsdd2-ksdd2\versions\1\train\10059.png,train\10059.png,10059.png,0,normal,gt_mask_empty,train
C:\Users\al774\.cache\kagglehub\datasets\vadimzavadskyi\kolektorsdd2-ksdd2\versions\1\train\10060.png,train\10060.png,10060.png,1,defective,gt_mask_defect(max_val=255),train
C:\Users\al774\.cache\kagglehub\datasets\vadimzavadskyi\kolektorsdd2-ksdd2\versions\1\train\10061.png,train\10061.png,10061.png,0,normal,gt_mask_empty,train
C:\Users\al774\.cache\kagglehub\datasets\vadimzavadskyi\kolektorsdd2-ksdd2\versions\1\train\10062.png,train\10062.png,10062.png,0,normal,gt_mask_empty,train
C:\Users\al774\.cache\kagglehub\datasets\vadimzavadskyi\kolektorsdd2-ksdd2\versions\1\train\10063.png,train\10063.png,10063.png,0,normal,gt_mask_empty,train
C:\Users\al774\.cache\kagglehub\datasets\vadimzavadskyi\kolektorsdd2-ksdd2\versions\1\train\10064.png,train\10064.png,10064.png,0,normal,gt_mask_empty,train
C:\Users\al774\.cache\kagglehub\datasets\vadimzavadskyi\kolektorsdd2-ksdd2\versions\1\train\10065.png,train\10065.png,10065.png,1,defective,gt_mask_defect(max_val=255),val
C:\Users\al774\.cache\kagglehub\datasets\vadimzavadskyi\kolektorsdd2-ksdd2\versions\1\train\10066.png,train\10066.png,10066.png,0,normal,gt_mask_empty,val
C:\Users\al774\.cache\kagglehub\datasets\vadimzavadskyi\kolektorsdd2-ksdd2\versions\1\train\10067.png,train\10067.png,10067.png,0,normal,gt_mask_empty,val
C:\Users\al774\.cache\kagglehub\datasets\vadimzavadskyi\kolektorsdd2-ksdd2\versions\1\train\10068.png,train\10068.png,10068.png,0,normal,gt_mask_empty,val
C:\Users\al774\.cache\kagglehub\datasets\vadimzavadskyi\kolektorsdd2-ksdd2\versions\1\train\10069.png,train\10069.png,10069.png,0,normal,gt_mask_empty,val
C:\Users\al774\.cache\kagglehub\datasets\vadimzavadskyi\kolektorsdd2-ksdd2\versions\1\train\10070.png,train\10070.png,10070.png,0,normal,gt_mask_empty,val
C:\Users\al774\.cache\kagglehub\datasets\vadimzavadskyi\kolektorsdd2-ksdd2\versions\1\train\10071.png,train\10071.png,10071.png,0,normal,gt_mask_empty,train
C:\Users\al774\.cache\kagglehub\datasets\vadimzavadskyi\kolektorsdd2-ksdd2\versions\1\train\10072.png,train\10072.png,10072.png,0,normal,gt_mask_empty,test
C:\Users\al774\.cache\kagglehub\datasets\vadimzavadskyi\kolektorsdd2-ksdd2\versions\1\train\10073.png,train\10073.png,10073.png,0,normal,gt_mask_empty,test
C:\Users\al774\.cache\kagglehub\datasets\vadimzavadskyi\kolektorsdd2-ksdd2\versions\1\train\10074.png,train\10074.png,10074.png,0,normal,gt_mask_empty,train
C:\Users\al774\.cache\kagglehub\datasets\vadimzavadskyi\kolektorsdd2-ksdd2\versions\1\train\10075.png,train\10075.png,10075.png,0,normal,gt_mask_empty,train
C:\Users\al774\.cache\kagglehub\datasets\vadimzavadskyi\kolektorsdd2-ksdd2\versions\1\train\10076.png,train\10076.png,10076.png,0,normal,gt_mask_empty,train
C:\Users\al774\.cache\kagglehub\datasets\vadimzavadskyi\kolektorsdd2-ksdd2\versions\1\train\10077.png,train\10077.png,10077.png,0,normal,gt_mask_empty,train
C:\Users\al774\.cache\kagglehub\datasets\vadimzavadskyi\kolektorsdd2-ksdd2\versions\1\train\10078.png,train\10078.png,10078.png,0,normal,gt_mask_empty,train
C:\Users\al774\.cache\kagglehub\datasets\vadimzavadskyi\kolektorsdd2-ksdd2\versions\1\train\10079.png,train\10079.png,10079.png,0,normal,gt_mask_empty,train
C:\Users\al774\.cache\kagglehub\datasets\vadimzavadskyi\kolektorsdd2-ksdd2\versions\1\train\10080.png,train\10080.png,10080.png,0,normal,gt_mask_empty,val
C:\Users\al774\.cache\kagglehub\datasets\vadimzavadskyi\kolektorsdd2-ksdd2\versions\1\train\10081.png,train\10081.png,10081.png,0,normal,gt_mask_empty,train
C:\Users\al774\.cache\kagglehub\datasets\vadimzavadskyi\kolektorsdd2-ksdd2\versions\1\train\10082.png,train\10082.png,10082.png,0,normal,gt_mask_empty,train
C:\Users\al774\.cache\kagglehub\datasets\vadimzavadskyi\kolektorsdd2-ksdd2\versions\1\train\10083.png,train\10083.png,10083.png,0,normal,gt_mask_empty,train
C:\Users\al774\.cache\kagglehub\datasets\vadimzavadskyi\kolektorsdd2-ksdd2\versions\1\train\10084.png,train\10084.png,10084.png,1,defective,gt_mask_defect(max_val=255),train
C:\Users\al774\.cache\kagglehub\datasets\vadimzavadskyi\kolektorsdd2-ksdd2\versions\1\train\10085.png,train\10085.png,10085.png,0,normal,gt_mask_empty,test
C:\Users\al774\.cache\kagglehub\datasets\vadimzavadskyi\kolektorsdd2-ksdd2\versions\1\train\10086.png,train\10086.png,10086.png,0,normal,gt_mask_empty,test
C:\Users\al774\.cache\kagglehub\datasets\vadimzavadskyi\kolektorsdd2-ksdd2\versions\1\train\10087.png,train\10087.png,10087.png,0,normal,gt_mask_empty,train
C:\Users\al774\.cache\kagglehub\datasets\vadimzavadskyi\kolektorsdd2-ksdd2\versions\1\train\10088.png,train\10088.png,10088.png,0,normal,gt_mask_empty,train
C:\Users\al774\.cache\kagglehub\datasets\vadimzavadskyi\kolektorsdd2-ksdd2\versions\1\train\10089.png,train\10089.png,10089.png,0,normal,gt_mask_empty,test
C:\Users\al774\.cache\kagglehub\datasets\vadimzavadskyi\kolektorsdd2-ksdd2\versions\1\train\10090.png,train\10090.png,10090.png,1,defective,gt_mask_defect(max_val=255),train
C:\Users\al774\.cache\kagglehub\datasets\vadimzavadskyi\kolektorsdd2-ksdd2\versions\1\train\10091.png,train\10091.png,10091.png,0,normal,gt_mask_empty,train
C:\Users\al774\.cache\kagglehub\datasets\vadimzavadskyi\kolektorsdd2-ksdd2\versions\1\train\10092.png,train\10092.png,10092.png,0,normal,gt_mask_empty,test
C:\Users\al774\.cache\kagglehub\datasets\vadimzavadskyi\kolektorsdd2-ksdd2\versions\1\train\10093.png,train\10093.png,10093.png,0,normal,gt_mask_empty,train
C:\Users\al774\.cache\kagglehub\datasets\vadimzavadskyi\kolektorsdd2-ksdd2\versions\1\train\10094.png,train\10094.png,10094.png,0,normal,gt_mask_empty,train
C:\Users\al774\.cache\kagglehub\datasets\vadimzavadskyi\kolektorsdd2-ksdd2\versions\1\train\10095.png,train\10095.png,10095.png,0,normal,gt_mask_empty,val
C:\Users\al774\.cache\kagglehub\datasets\vadimzavadskyi\kolektorsdd2-ksdd2\versions\1\train\10096.png,train\10096.png,10096.png,0,normal,gt_mask_empty,train
C:\Users\al774\.cache\kagglehub\datasets\vadimzavadskyi\kolektorsdd2-ksdd2\versions\1\train\10097.png,train\10097.png,10097.png,0,normal,gt_mask_empty,train
C:\Users\al774\.cache\kagglehub\datasets\vadimzavadskyi\kolektorsdd2-ksdd2\versions\1\train\10098.png,train\10098.png,10098.png,0,normal,gt_mask_empty,train
C:\Users\al774\.cache\kagglehub\datasets\vadimzavadskyi\kolektorsdd2-ksdd2\versions\1\train\10099.png,train\10099.png,10099.png,0,normal,gt_mask_empty,train
C:\Users\al774\.cache\kagglehub\datasets\vadimzavadskyi\kolektorsdd2-ksdd2\versions\1\train\10100.png,train\10100.png,10100.png,0,normal,gt_mask_empty,train
C:\Users\al774\.cache\kagglehub\datasets\vadimzavadskyi\kolektorsdd2-ksdd2\versions\1\train\10101.png,train\10101.png,10101.png,0,normal,gt_mask_empty,train
C:\Users\al774\.cache\kagglehub\datasets\vadimzavadskyi\kolektorsdd2-ksdd2\versions\1\train\10102.png,train\10102.png,10102.png,0,normal,gt_mask_empty,train
C:\Users\al774\.cache\kagglehub\datasets\vadimzavadskyi\kolektorsdd2-ksdd2\versions\1\train\10103.png,train\10103.png,10103.png,0,normal,gt_mask_empty,train
C:\Users\al774\.cache\kagglehub\datasets\vadimzavadskyi\kolektorsdd2-ksdd2\versions\1\train\10104.png,train\10104.png,10104.png,0,normal,gt_mask_empty,train
C:\Users\al774\.cache\kagglehub\datasets\vadimzavadskyi\kolektorsdd2-ksdd2\versions\1\train\10105.png,train\10105.png,10105.png,0,normal,gt_mask_empty,train
C:\Users\al774\.cache\kagglehub\datasets\vadimzavadskyi\kolektorsdd2-ksdd2\versions\1\train\10106.png,train\10106.png,10106.png,0,normal,gt_mask_empty,test
C:\Users\al774\.cache\kagglehub\datasets\vadimzavadskyi\kolektorsdd2-ksdd2\versions\1\train\10107.png,train\10107.png,10107.png,0,normal,gt_mask_empty,val
C:\Users\al774\.cache\kagglehub\datasets\vadimzavadskyi\kolektorsdd2-ksdd2\versions\1\train\10108.png,train\10108.png,10108.png,0,normal,gt_mask_empty,train
C:\Users\al774\.cache\kagglehub\datasets\vadimzavadskyi\kolektorsdd2-ksdd2\versions\1\train\10109.png,train\10109.png,10109.png,0,normal,gt_mask_empty,train
C:\Users\al774\.cache\kagglehub\datasets\vadimzavadskyi\kolektorsdd2-ksdd2\versions\1\train\10110.png,train\10110.png,10110.png,0,normal,gt_mask_empty,test
C:\Users\al774\.cache\kagglehub\datasets\vadimzavadskyi\kolektorsdd2-ksdd2\versions\1\train\10111.png,train\10111.png,10111.png,0,normal,gt_mask_empty,val
C:\Users\al774\.cache\kagglehub\datasets\vadimzavadskyi\kolektorsdd2-ksdd2\versions\1\train\10112.png,train\10112.png,10112.png,0,normal,gt_mask_empty,train
C:\Users\al774\.cache\kagglehub\datasets\vadimzavadskyi\kolektorsdd2-ksdd2\versions\1\train\10113.png,train\10113.png,10113.png,0,normal,gt_mask_empty,train
C:\Users\al774\.cache\kagglehub\datasets\vadimzavadskyi\kolektorsdd2-ksdd2\versions\1\train\10114.png,train\10114.png,10114.png,0,normal,gt_mask_empty,train
C:\Users\al774\.cache\kagglehub\datasets\vadimzavadskyi\kolektorsdd2-ksdd2\versions\1\train\10115.png,train\10115.png,10115.png,0,normal,gt_mask_empty,train
C:\Users\al774\.cache\kagglehub\datasets\vadimzavadskyi\kolektorsdd2-ksdd2\versions\1\train\10116.png,train\10116.png,10116.png,0,normal,gt_mask_empty,train
C:\Users\al774\.cache\kagglehub\datasets\vadimzavadskyi\kolektorsdd2-ksdd2\versions\1\train\10117.png,train\10117.png,10117.png,0,normal,gt_mask_empty,train
C:\Users\al774\.cache\kagglehub\datasets\vadimzavadskyi\kolektorsdd2-ksdd2\versions\1\train\10118.png,train\10118.png,10118.png,0,normal,gt_mask_empty,train
C:\Users\al774\.cache\kagglehub\datasets\vadimzavadskyi\kolektorsdd2-ksdd2\versions\1\train\10119.png,train\10119.png,10119.png,0,normal,gt_mask_empty,train
C:\Users\al774\.cache\kagglehub\datasets\vadimzavadskyi\kolektorsdd2-ksdd2\versions\1\train\10120.png,train\10120.png,10120.png,0,normal,gt_mask_empty,train
C:\Users\al774\.cache\kagglehub\datasets\vadimzavadskyi\kolektorsdd2-ksdd2\versions\1\train\10121.png,train\10121.png,10121.png,0,normal,gt_mask_empty,train
C:\Users\al774\.cache\kagglehub\datasets\vadimzavadskyi\kolektorsdd2-ksdd2\versions\1\train\10122.png,train\10122.png,10122.png,0,normal,gt_mask_empty,train
C:\Users\al774\.cache\kagglehub\datasets\vadimzavadskyi\kolektorsdd2-ksdd2\versions\1\train\10123.png,train\10123.png,10123.png,0,normal,gt_mask_empty,test
C:\Users\al774\.cache\kagglehub\datasets\vadimzavadskyi\kolektorsdd2-ksdd2\versions\1\train\10124.png,train\10124.png,10124.png,0,normal,gt_mask_empty,train
C:\Users\al774\.cache\kagglehub\datasets\vadimzavadskyi\kolektorsdd2-ksdd2\versions\1\train\10125.png,train\10125.png,10125.png,0,normal,gt_mask_empty,train
C:\Users\al774\.cache\kagglehub\datasets\vadimzavadskyi\kolektorsdd2-ksdd2\versions\1\train\10126.png,train\10126.png,10126.png,0,normal,gt_mask_empty,train
C:\Users\al774\.cache\kagglehub\datasets\vadimzavadskyi\kolektorsdd2-ksdd2\versions\1\train\10127.png,train\10127.png,10127.png,0,normal,gt_mask_empty,test
C:\Users\al774\.cache\kagglehub\datasets\vadimzavadskyi\kolektorsdd2-ksdd2\versions\1\train\10128.png,train\10128.png,10128.png,0,normal,gt_mask_empty,train
C:\Users\al774\.cache\kagglehub\datasets\vadimzavadskyi\kolektorsdd2-ksdd2\versions\1\train\10129.png,train\10129.png,10129.png,0,normal,gt_mask_empty,train
C:\Users\al774\.cache\kagglehub\datasets\vadimzavadskyi\kolektorsdd2-ksdd2\versions\1\train\10130.png,train\10130.png,10130.png,0,normal,gt_mask_empty,val
C:\Users\al774\.cache\kagglehub\datasets\vadimzavadskyi\kolektorsdd2-ksdd2\versions\1\train\10131.png,train\10131.png,10131.png,0,normal,gt_mask_empty,test
C:\Users\al774\.cache\kagglehub\datasets\vadimzavadskyi\kolektorsdd2-ksdd2\versions\1\train\10132.png,train\10132.png,10132.png,0,normal,gt_mask_empty,train
C:\Users\al774\.cache\kagglehub\datasets\vadimzavadskyi\kolektorsdd2-ksdd2\versions\1\train\10133.png,train\10133.png,10133.png,0,normal,gt_mask_empty,train
C:\Users\al774\.cache\kagglehub\datasets\vadimzavadskyi\kolektorsdd2-ksdd2\versions\1\train\10134.png,train\10134.png,10134.png,0,normal,gt_mask_empty,test
C:\Users\al774\.cache\kagglehub\datasets\vadimzavadskyi\kolektorsdd2-ksdd2\versions\1\train\10135.png,train\10135.png,10135.png,1,defective,gt_mask_defect(max_val=255),val
C:\Users\al774\.cache\kagglehub\datasets\vadimzavadskyi\kolektorsdd2-ksdd2\versions\1\train\10136.png,train\10136.png,10136.png,0,normal,gt_mask_empty,test
C:\Users\al774\.cache\kagglehub\datasets\vadimzavadskyi\kolektorsdd2-ksdd2\versions\1\train\10137.png,train\10137.png,10137.png,0,normal,gt_mask_empty,val
C:\Users\al774\.cache\kagglehub\datasets\vadimzavadskyi\kolektorsdd2-ksdd2\versions\1\train\10138.png,train\10138.png,10138.png,0,normal,gt_mask_empty,train
C:\Users\al774\.cache\kagglehub\datasets\vadimzavadskyi\kolektorsdd2-ksdd2\versions\1\train\10139.png,train\10139.png,10139.png,0,normal,gt_mask_empty,train
C:\Users\al774\.cache\kagglehub\datasets\vadimzavadskyi\kolektorsdd2-ksdd2\versions\1\train\10140.png,train\10140.png,10140.png,0,normal,gt_mask_empty,train
C:\Users\al774\.cache\kagglehub\datasets\vadimzavadskyi\kolektorsdd2-ksdd2\versions\1\train\10141.png,train\10141.png,10141.png,0,normal,gt_mask_empty,train
C:\Users\al774\.cache\kagglehub\datasets\vadimzavadskyi\kolektorsdd2-ksdd2\versions\1\train\10142.png,train\10142.png,10142.png,0,normal,gt_mask_empty,test
C:\Users\al774\.cache\kagglehub\datasets\vadimzavadskyi\kolektorsdd2-ksdd2\versions\1\train\10143.png,train\10143.png,10143.png,0,normal,gt_mask_empty,train
C:\Users\al774\.cache\kagglehub\datasets\vadimzavadskyi\kolektorsdd2-ksdd2\versions\1\train\10144.png,train\10144.png,10144.png,0,normal,gt_mask_empty,test
C:\Users\al774\.cache\kagglehub\datasets\vadimzavadskyi\kolektorsdd2-ksdd2\versions\1\train\10145.png,train\10145.png,10145.png,1,defective,gt_mask_defect(max_val=255),test
C:\Users\al774\.cache\kagglehub\datasets\vadimzavadskyi\kolektorsdd2-ksdd2\versions\1\train\10146.png,train\10146.png,10146.png,0,normal,gt_mask_empty,train
C:\Users\al774\.cache\kagglehub\datasets\vadimzavadskyi\kolektorsdd2-ksdd2\versions\1\train\10147.png,train\10147.png,10147.png,0,normal,gt_mask_empty,val
C:\Users\al774\.cache\kagglehub\datasets\vadimzavadskyi\kolektorsdd2-ksdd2\versions\1\train\10148.png,train\10148.png,10148.png,0,normal,gt_mask_empty,test
C:\Users\al774\.cache\kagglehub\datasets\vadimzavadskyi\kolektorsdd2-ksdd2\versions\1\train\10149.png,train\10149.png,10149.png,0,normal,gt_mask_empty,train
C:\Users\al774\.cache\kagglehub\datasets\vadimzavadskyi\kolektorsdd2-ksdd2\versions\1\train\10150.png,train\10150.png,10150.png,0,normal,gt_mask_empty,train
C:\Users\al774\.cache\kagglehub\datasets\vadimzavadskyi\kolektorsdd2-ksdd2\versions\1\train\10151.png,train\10151.png,10151.png,0,normal,gt_mask_empty,train
C:\Users\al774\.cache\kagglehub\datasets\vadimzavadskyi\kolektorsdd2-ksdd2\versions\1\train\10152.png,train\10152.png,10152.png,0,normal,gt_mask_empty,val
C:\Users\al774\.cache\kagglehub\datasets\vadimzavadskyi\kolektorsdd2-ksdd2\versions\1\train\10153.png,train\10153.png,10153.png,0,normal,gt_mask_empty,train
C:\Users\al774\.cache\kagglehub\datasets\vadimzavadskyi\kolektorsdd2-ksdd2\versions\1\train\10154.png,train\10154.png,10154.png,0,normal,gt_mask_empty,train
C:\Users\al774\.cache\kagglehub\datasets\vadimzavadskyi\kolektorsdd2-ksdd2\versions\1\train\10155.png,train\10155.png,10155.png,0,normal,gt_mask_empty,test
C:\Users\al774\.cache\kagglehub\datasets\vadimzavadskyi\kolektorsdd2-ksdd2\versions\1\train\10156.png,train\10156.png,10156.png,0,normal,gt_mask_empty,train
C:\Users\al774\.cache\kagglehub\datasets\vadimzavadskyi\kolektorsdd2-ksdd2\versions\1\train\10157.png,train\10157.png,10157.png,1,defective,gt_mask_defect(max_val=255),train
C:\Users\al774\.cache\kagglehub\datasets\vadimzavadskyi\kolektorsdd2-ksdd2\versions\1\train\10158.png,train\10158.png,10158.png,0,normal,gt_mask_empty,train
C:\Users\al774\.cache\kagglehub\datasets\vadimzavadskyi\kolektorsdd2-ksdd2\versions\1\train\10159.png,train\10159.png,10159.png,1,defective,gt_mask_defect(max_val=255),train
C:\Users\al774\.cache\kagglehub\datasets\vadimzavadskyi\kolektorsdd2-ksdd2\versions\1\train\10160.png,train\10160.png,10160.png,0,normal,gt_mask_empty,train
C:\Users\al774\.cache\kagglehub\datasets\vadimzavadskyi\kolektorsdd2-ksdd2\versions\1\train\10161.png,train\10161.png,10161.png,0,normal,gt_mask_empty,train
C:\Users\al774\.cache\kagglehub\datasets\vadimzavadskyi\kolektorsdd2-ksdd2\versions\1\train\10162.png,train\10162.png,10162.png,0,normal,gt_mask_empty,train
C:\Users\al774\.cache\kagglehub\datasets\vadimzavadskyi\kolektorsdd2-ksdd2\versions\1\train\10163.png,train\10163.png,10163.png,0,normal,gt_mask_empty,train
C:\Users\al774\.cache\kagglehub\datasets\vadimzavadskyi\kolektorsdd2-ksdd2\versions\1\train\10164.png,train\10164.png,10164.png,0,normal,gt_mask_empty,val
C:\Users\al774\.cache\kagglehub\datasets\vadimzavadskyi\kolektorsdd2-ksdd2\versions\1\train\10165.png,train\10165.png,10165.png,0,normal,gt_mask_empty,train
C:\Users\al774\.cache\kagglehub\datasets\vadimzavadskyi\kolektorsdd2-ksdd2\versions\1\train\10166.png,train\10166.png,10166.png,0,normal,gt_mask_empty,train
C:\Users\al774\.cache\kagglehub\datasets\vadimzavadskyi\kolektorsdd2-ksdd2\versions\1\train\10167.png,train\10167.png,10167.png,0,normal,gt_mask_empty,train
C:\Users\al774\.cache\kagglehub\datasets\vadimzavadskyi\kolektorsdd2-ksdd2\versions\1\train\10168.png,train\10168.png,10168.png,0,normal,gt_mask_empty,test
C:\Users\al774\.cache\kagglehub\datasets\vadimzavadskyi\kolektorsdd2-ksdd2\versions\1\train\10169.png,train\10169.png,10169.png,0,normal,gt_mask_empty,train
C:\Users\al774\.cache\kagglehub\datasets\vadimzavadskyi\kolektorsdd2-ksdd2\versions\1\train\10170.png,train\10170.png,10170.png,0,normal,gt_mask_empty,test
C:\Users\al774\.cache\kagglehub\datasets\vadimzavadskyi\kolektorsdd2-ksdd2\versions\1\train\10171.png,train\10171.png,10171.png,0,normal,gt_mask_empty,train
C:\Users\al774\.cache\kagglehub\datasets\vadimzavadskyi\kolektorsdd2-ksdd2\versions\1\train\10172.png,train\10172.png,10172.png,0,normal,gt_mask_empty,train
C:\Users\al774\.cache\kagglehub\datasets\vadimzavadskyi\kolektorsdd2-ksdd2\versions\1\train\10173.png,train\10173.png,10173.png,0,normal,gt_mask_empty,train
C:\Users\al774\.cache\kagglehub\datasets\vadimzavadskyi\kolektorsdd2-ksdd2\versions\1\train\10174.png,train\10174.png,10174.png,0,normal,gt_mask_empty,train
C:\Users\al774\.cache\kagglehub\datasets\vadimzavadskyi\kolektorsdd2-ksdd2\versions\1\train\10175.png,train\10175.png,10175.png,0,normal,gt_mask_empty,train
C:\Users\al774\.cache\kagglehub\datasets\vadimzavadskyi\kolektorsdd2-ksdd2\versions\1\train\10176.png,train\10176.png,10176.png,0,normal,gt_mask_empty,train
C:\Users\al774\.cache\kagglehub\datasets\vadimzavadskyi\kolektorsdd2-ksdd2\versions\1\train\10177.png,train\10177.png,10177.png,0,normal,gt_mask_empty,train
C:\Users\al774\.cache\kagglehub\datasets\vadimzavadskyi\kolektorsdd2-ksdd2\versions\1\train\10178.png,train\10178.png,10178.png,0,normal,gt_mask_empty,val
C:\Users\al774\.cache\kagglehub\datasets\vadimzavadskyi\kolektorsdd2-ksdd2\versions\1\train\10179.png,train\10179.png,10179.png,0,normal,gt_mask_empty,val
C:\Users\al774\.cache\kagglehub\datasets\vadimzavadskyi\kolektorsdd2-ksdd2\versions\1\train\10180.png,train\10180.png,10180.png,0,normal,gt_mask_empty,train
C:\Users\al774\.cache\kagglehub\datasets\vadimzavadskyi\kolektorsdd2-ksdd2\versions\1\train\10181.png,train\10181.png,10181.png,0,normal,gt_mask_empty,val
C:\Users\al774\.cache\kagglehub\datasets\vadimzavadskyi\kolektorsdd2-ksdd2\versions\1\train\10182.png,train\10182.png,10182.png,0,normal,gt_mask_empty,test
C:\Users\al774\.cache\kagglehub\datasets\vadimzavadskyi\kolektorsdd2-ksdd2\versions\1\train\10183.png,train\10183.png,10183.png,0,normal,gt_mask_empty,train
C:\Users\al774\.cache\kagglehub\datasets\vadimzavadskyi\kolektorsdd2-ksdd2\versions\1\train\10184.png,train\10184.png,10184.png,0,normal,gt_mask_empty,val
C:\Users\al774\.cache\kagglehub\datasets\vadimzavadskyi\kolektorsdd2-ksdd2\versions\1\train\10185.png,train\10185.png,10185.png,0,normal,gt_mask_empty,test
C:\Users\al774\.cache\kagglehub\datasets\vadimzavadskyi\kolektorsdd2-ksdd2\versions\1\train\10186.png,train\10186.png,10186.png,0,normal,gt_mask_empty,train
C:\Users\al774\.cache\kagglehub\datasets\vadimzavadskyi\kolektorsdd2-ksdd2\versions\1\train\10187.png,train\10187.png,10187.png,0,normal,gt_mask_empty,train
C:\Users\al774\.cache\kagglehub\datasets\vadimzavadskyi\kolektorsdd2-ksdd2\versions\1\train\10188.png,train\10188.png,10188.png,0,normal,gt_mask_empty,val
C:\Users\al774\.cache\kagglehub\datasets\vadimzavadskyi\kolektorsdd2-ksdd2\versions\1\train\10189.png,train\10189.png,10189.png,0,normal,gt_mask_empty,train
C:\Users\al774\.cache\kagglehub\datasets\vadimzavadskyi\kolektorsdd2-ksdd2\versions\1\train\10190.png,train\10190.png,10190.png,0,normal,gt_mask_empty,train
C:\Users\al774\.cache\kagglehub\datasets\vadimzavadskyi\kolektorsdd2-ksdd2\versions\1\train\10191.png,train\10191.png,10191.png,0,normal,gt_mask_empty,train
C:\Users\al774\.cache\kagglehub\datasets\vadimzavadskyi\kolektorsdd2-ksdd2\versions\1\train\10192.png,train\10192.png,10192.png,0,normal,gt_mask_empty,train
C:\Users\al774\.cache\kagglehub\datasets\vadimzavadskyi\kolektorsdd2-ksdd2\versions\1\train\10193.png,train\10193.png,10193.png,0,normal,gt_mask_empty,train
C:\Users\al774\.cache\kagglehub\datasets\vadimzavadskyi\kolektorsdd2-ksdd2\versions\1\train\10194.png,train\10194.png,10194.png,0,normal,gt_mask_empty,train
C:\Users\al774\.cache\kagglehub\datasets\vadimzavadskyi\kolektorsdd2-ksdd2\versions\1\train\10195.png,train\10195.png,10195.png,0,normal,gt_mask_empty,test
C:\Users\al774\.cache\kagglehub\datasets\vadimzavadskyi\kolektorsdd2-ksdd2\versions\1\train\10196.png,train\10196.png,10196.png,0,normal,gt_mask_empty,test
C:\Users\al774\.cache\kagglehub\datasets\vadimzavadskyi\kolektorsdd2-ksdd2\versions\1\train\10197.png,train\10197.png,10197.png,0,normal,gt_mask_empty,train
C:\Users\al774\.cache\kagglehub\datasets\vadimzavadskyi\kolektorsdd2-ksdd2\versions\1\train\10198.png,train\10198.png,10198.png,0,normal,gt_mask_empty,val
C:\Users\al774\.cache\kagglehub\datasets\vadimzavadskyi\kolektorsdd2-ksdd2\versions\1\train\10199.png,train\10199.png,10199.png,0,normal,gt_mask_empty,train
C:\Users\al774\.cache\kagglehub\datasets\vadimzavadskyi\kolektorsdd2-ksdd2\versions\1\train\10200.png,train\10200.png,10200.png,0,normal,gt_mask_empty,test
C:\Users\al774\.cache\kagglehub\datasets\vadimzavadskyi\kolektorsdd2-ksdd2\versions\1\train\10201.png,train\10201.png,10201.png,1,defective,gt_mask_defect(max_val=255),val
C:\Users\al774\.cache\kagglehub\datasets\vadimzavadskyi\kolektorsdd2-ksdd2\versions\1\train\10202.png,train\10202.png,10202.png,0,normal,gt_mask_empty,val
C:\Users\al774\.cache\kagglehub\datasets\vadimzavadskyi\kolektorsdd2-ksdd2\versions\1\train\10203.png,train\10203.png,10203.png,0,normal,gt_mask_empty,train
C:\Users\al774\.cache\kagglehub\datasets\vadimzavadskyi\kolektorsdd2-ksdd2\versions\1\train\10204.png,train\10204.png,10204.png,0,normal,gt_mask_empty,train
C:\Users\al774\.cache\kagglehub\datasets\vadimzavadskyi\kolektorsdd2-ksdd2\versions\1\train\10205.png,train\10205.png,10205.png,0,normal,gt_mask_empty,train
C:\Users\al774\.cache\kagglehub\datasets\vadimzavadskyi\kolektorsdd2-ksdd2\versions\1\train\10206.png,train\10206.png,10206.png,1,defective,gt_mask_defect(max_val=255),val
C:\Users\al774\.cache\kagglehub\datasets\vadimzavadskyi\kolektorsdd2-ksdd2\versions\1\train\10207.png,train\10207.png,10207.png,0,normal,gt_mask_empty,train
C:\Users\al774\.cache\kagglehub\datasets\vadimzavadskyi\kolektorsdd2-ksdd2\versions\1\train\10208.png,train\10208.png,10208.png,1,defective,gt_mask_defect(max_val=255),train
C:\Users\al774\.cache\kagglehub\datasets\vadimzavadskyi\kolektorsdd2-ksdd2\versions\1\train\10209.png,train\10209.png,10209.png,0,normal,gt_mask_empty,train
C:\Users\al774\.cache\kagglehub\datasets\vadimzavadskyi\kolektorsdd2-ksdd2\versions\1\train\10210.png,train\10210.png,10210.png,0,normal,gt_mask_empty,train
C:\Users\al774\.cache\kagglehub\datasets\vadimzavadskyi\kolektorsdd2-ksdd2\versions\1\train\10211.png,train\10211.png,10211.png,0,normal,gt_mask_empty,train
C:\Users\al774\.cache\kagglehub\datasets\vadimzavadskyi\kolektorsdd2-ksdd2\versions\1\train\10212.png,train\10212.png,10212.png,0,normal,gt_mask_empty,train
C:\Users\al774\.cache\kagglehub\datasets\vadimzavadskyi\kolektorsdd2-ksdd2\versions\1\train\10213.png,train\10213.png,10213.png,0,normal,gt_mask_empty,train
C:\Users\al774\.cache\kagglehub\datasets\vadimzavadskyi\kolektorsdd2-ksdd2\versions\1\train\10214.png,train\10214.png,10214.png,0,normal,gt_mask_empty,val
C:\Users\al774\.cache\kagglehub\datasets\vadimzavadskyi\kolektorsdd2-ksdd2\versions\1\train\10215.png,train\10215.png,10215.png,0,normal,gt_mask_empty,train
C:\Users\al774\.cache\kagglehub\datasets\vadimzavadskyi\kolektorsdd2-ksdd2\versions\1\train\10216.png,train\10216.png,10216.png,0,normal,gt_mask_empty,train
C:\Users\al774\.cache\kagglehub\datasets\vadimzavadskyi\kolektorsdd2-ksdd2\versions\1\train\10217.png,train\10217.png,10217.png,0,normal,gt_mask_empty,test
C:\Users\al774\.cache\kagglehub\datasets\vadimzavadskyi\kolektorsdd2-ksdd2\versions\1\train\10218.png,train\10218.png,10218.png,0,normal,gt_mask_empty,train
C:\Users\al774\.cache\kagglehub\datasets\vadimzavadskyi\kolektorsdd2-ksdd2\versions\1\train\10219.png,train\10219.png,10219.png,0,normal,gt_mask_empty,train
C:\Users\al774\.cache\kagglehub\datasets\vadimzavadskyi\kolektorsdd2-ksdd2\versions\1\train\10220.png,train\10220.png,10220.png,0,normal,gt_mask_empty,train
C:\Users\al774\.cache\kagglehub\datasets\vadimzavadskyi\kolektorsdd2-ksdd2\versions\1\train\10221.png,train\10221.png,10221.png,0,normal,gt_mask_empty,train
C:\Users\al774\.cache\kagglehub\datasets\vadimzavadskyi\kolektorsdd2-ksdd2\versions\1\train\10222.png,train\10222.png,10222.png,0,normal,gt_mask_empty,train
C:\Users\al774\.cache\kagglehub\datasets\vadimzavadskyi\kolektorsdd2-ksdd2\versions\1\train\10223.png,train\10223.png,10223.png,1,defective,gt_mask_defect(max_val=255),val
C:\Users\al774\.cache\kagglehub\datasets\vadimzavadskyi\kolektorsdd2-ksdd2\versions\1\train\10224.png,train\10224.png,10224.png,0,normal,gt_mask_empty,test
C:\Users\al774\.cache\kagglehub\datasets\vadimzavadskyi\kolektorsdd2-ksdd2\versions\1\train\10225.png,train\10225.png,10225.png,0,normal,gt_mask_empty,train
C:\Users\al774\.cache\kagglehub\datasets\vadimzavadskyi\kolektorsdd2-ksdd2\versions\1\train\10226.png,train\10226.png,10226.png,0,normal,gt_mask_empty,train
C:\Users\al774\.cache\kagglehub\datasets\vadimzavadskyi\kolektorsdd2-ksdd2\versions\1\train\10227.png,train\10227.png,10227.png,0,normal,gt_mask_empty,train
C:\Users\al774\.cache\kagglehub\datasets\vadimzavadskyi\kolektorsdd2-ksdd2\versions\1\train\10228.png,train\10228.png,10228.png,0,normal,gt_mask_empty,train
C:\Users\al774\.cache\kagglehub\datasets\vadimzavadskyi\kolektorsdd2-ksdd2\versions\1\train\10229.png,train\10229.png,10229.png,0,normal,gt_mask_empty,train
C:\Users\al774\.cache\kagglehub\datasets\vadimzavadskyi\kolektorsdd2-ksdd2\versions\1\train\10230.png,train\10230.png,10230.png,0,normal,gt_mask_empty,train
C:\Users\al774\.cache\kagglehub\datasets\vadimzavadskyi\kolektorsdd2-ksdd2\versions\1\train\10231.png,train\10231.png,10231.png,0,normal,gt_mask_empty,train
C:\Users\al774\.cache\kagglehub\datasets\vadimzavadskyi\kolektorsdd2-ksdd2\versions\1\train\10232.png,train\10232.png,10232.png,0,normal,gt_mask_empty,train
C:\Users\al774\.cache\kagglehub\datasets\vadimzavadskyi\kolektorsdd2-ksdd2\versions\1\train\10233.png,train\10233.png,10233.png,0,normal,gt_mask_empty,train
C:\Users\al774\.cache\kagglehub\datasets\vadimzavadskyi\kolektorsdd2-ksdd2\versions\1\train\10234.png,train\10234.png,10234.png,0,normal,gt_mask_empty,train
C:\Users\al774\.cache\kagglehub\datasets\vadimzavadskyi\kolektorsdd2-ksdd2\versions\1\train\10235.png,train\10235.png,10235.png,1,defective,gt_mask_defect(max_val=255),test
C:\Users\al774\.cache\kagglehub\datasets\vadimzavadskyi\kolektorsdd2-ksdd2\versions\1\train\10236.png,train\10236.png,10236.png,0,normal,gt_mask_empty,train
C:\Users\al774\.cache\kagglehub\datasets\vadimzavadskyi\kolektorsdd2-ksdd2\versions\1\train\10237.png,train\10237.png,10237.png,0,normal,gt_mask_empty,train
C:\Users\al774\.cache\kagglehub\datasets\vadimzavadskyi\kolektorsdd2-ksdd2\versions\1\train\10238.png,train\10238.png,10238.png,0,normal,gt_mask_empty,train
C:\Users\al774\.cache\kagglehub\datasets\vadimzavadskyi\kolektorsdd2-ksdd2\versions\1\train\10239.png,train\10239.png,10239.png,0,normal,gt_mask_empty,test
C:\Users\al774\.cache\kagglehub\datasets\vadimzavadskyi\kolektorsdd2-ksdd2\versions\1\train\10240.png,train\10240.png,10240.png,0,normal,gt_mask_empty,train
C:\Users\al774\.cache\kagglehub\datasets\vadimzavadskyi\kolektorsdd2-ksdd2\versions\1\train\10241.png,train\10241.png,10241.png,0,normal,gt_mask_empty,train
C:\Users\al774\.cache\kagglehub\datasets\vadimzavadskyi\kolektorsdd2-ksdd2\versions\1\train\10242.png,train\10242.png,10242.png,0,normal,gt_mask_empty,val
C:\Users\al774\.cache\kagglehub\datasets\vadimzavadskyi\kolektorsdd2-ksdd2\versions\1\train\10243.png,train\10243.png,10243.png,0,normal,gt_mask_empty,test
C:\Users\al774\.cache\kagglehub\datasets\vadimzavadskyi\kolektorsdd2-ksdd2\versions\1\train\10244.png,train\10244.png,10244.png,1,defective,gt_mask_defect(max_val=255),train
C:\Users\al774\.cache\kagglehub\datasets\vadimzavadskyi\kolektorsdd2-ksdd2\versions\1\train\10245.png,train\10245.png,10245.png,0,normal,gt_mask_empty,train
C:\Users\al774\.cache\kagglehub\datasets\vadimzavadskyi\kolektorsdd2-ksdd2\versions\1\train\10246.png,train\10246.png,10246.png,0,normal,gt_mask_empty,train
C:\Users\al774\.cache\kagglehub\datasets\vadimzavadskyi\kolektorsdd2-ksdd2\versions\1\train\10247.png,train\10247.png,10247.png,1,defective,gt_mask_defect(max_val=255),train
C:\Users\al774\.cache\kagglehub\datasets\vadimzavadskyi\kolektorsdd2-ksdd2\versions\1\train\10248.png,train\10248.png,10248.png,0,normal,gt_mask_empty,test
C:\Users\al774\.cache\kagglehub\datasets\vadimzavadskyi\kolektorsdd2-ksdd2\versions\1\train\10249.png,train\10249.png,10249.png,0,normal,gt_mask_empty,train
C:\Users\al774\.cache\kagglehub\datasets\vadimzavadskyi\kolektorsdd2-ksdd2\versions\1\train\10250.png,train\10250.png,10250.png,0,normal,gt_mask_empty,train
C:\Users\al774\.cache\kagglehub\datasets\vadimzavadskyi\kolektorsdd2-ksdd2\versions\1\train\10251.png,train\10251.png,10251.png,0,normal,gt_mask_empty,train
C:\Users\al774\.cache\kagglehub\datasets\vadimzavadskyi\kolektorsdd2-ksdd2\versions\1\train\10252.png,train\10252.png,10252.png,0,normal,gt_mask_empty,test
C:\Users\al774\.cache\kagglehub\datasets\vadimzavadskyi\kolektorsdd2-ksdd2\versions\1\train\10253.png,train\10253.png,10253.png,0,normal,gt_mask_empty,train
C:\Users\al774\.cache\kagglehub\datasets\vadimzavadskyi\kolektorsdd2-ksdd2\versions\1\train\10254.png,train\10254.png,10254.png,1,defective,gt_mask_defect(max_val=255),train
C:\Users\al774\.cache\kagglehub\datasets\vadimzavadskyi\kolektorsdd2-ksdd2\versions\1\train\10255.png,train\10255.png,10255.png,0,normal,gt_mask_empty,train
C:\Users\al774\.cache\kagglehub\datasets\vadimzavadskyi\kolektorsdd2-ksdd2\versions\1\train\10256.png,train\10256.png,10256.png,0,normal,gt_mask_empty,val
C:\Users\al774\.cache\kagglehub\datasets\vadimzavadskyi\kolektorsdd2-ksdd2\versions\1\train\10257.png,train\10257.png,10257.png,0,normal,gt_mask_empty,val
C:\Users\al774\.cache\kagglehub\datasets\vadimzavadskyi\kolektorsdd2-ksdd2\versions\1\train\10258.png,train\10258.png,10258.png,1,defective,gt_mask_defect(max_val=255),train
C:\Users\al774\.cache\kagglehub\datasets\vadimzavadskyi\kolektorsdd2-ksdd2\versions\1\train\10259.png,train\10259.png,10259.png,0,normal,gt_mask_empty,train
C:\Users\al774\.cache\kagglehub\datasets\vadimzavadskyi\kolektorsdd2-ksdd2\versions\1\train\10260.png,train\10260.png,10260.png,0,normal,gt_mask_empty,train
C:\Users\al774\.cache\kagglehub\datasets\vadimzavadskyi\kolektorsdd2-ksdd2\versions\1\train\10261.png,train\10261.png,10261.png,0,normal,gt_mask_empty,train
C:\Users\al774\.cache\kagglehub\datasets\vadimzavadskyi\kolektorsdd2-ksdd2\versions\1\train\10262.png,train\10262.png,10262.png,0,normal,gt_mask_empty,train
C:\Users\al774\.cache\kagglehub\datasets\vadimzavadskyi\kolektorsdd2-ksdd2\versions\1\train\10263.png,train\10263.png,10263.png,0,normal,gt_mask_empty,train
C:\Users\al774\.cache\kagglehub\datasets\vadimzavadskyi\kolektorsdd2-ksdd2\versions\1\train\10264.png,train\10264.png,10264.png,0,normal,gt_mask_empty,test
C:\Users\al774\.cache\kagglehub\datasets\vadimzavadskyi\kolektorsdd2-ksdd2\versions\1\train\10265.png,train\10265.png,10265.png,0,normal,gt_mask_empty,train
C:\Users\al774\.cache\kagglehub\datasets\vadimzavadskyi\kolektorsdd2-ksdd2\versions\1\train\10266.png,train\10266.png,10266.png,1,defective,gt_mask_defect(max_val=255),train
C:\Users\al774\.cache\kagglehub\datasets\vadimzavadskyi\kolektorsdd2-ksdd2\versions\1\train\10267.png,train\10267.png,10267.png,0,normal,gt_mask_empty,train
C:\Users\al774\.cache\kagglehub\datasets\vadimzavadskyi\kolektorsdd2-ksdd2\versions\1\train\10268.png,train\10268.png,10268.png,0,normal,gt_mask_empty,test
C:\Users\al774\.cache\kagglehub\datasets\vadimzavadskyi\kolektorsdd2-ksdd2\versions\1\train\10269.png,train\10269.png,10269.png,0,normal,gt_mask_empty,val
C:\Users\al774\.cache\kagglehub\datasets\vadimzavadskyi\kolektorsdd2-ksdd2\versions\1\train\10270.png,train\10270.png,10270.png,0,normal,gt_mask_empty,val
C:\Users\al774\.cache\kagglehub\datasets\vadimzavadskyi\kolektorsdd2-ksdd2\versions\1\train\10271.png,train\10271.png,10271.png,0,normal,gt_mask_empty,train
C:\Users\al774\.cache\kagglehub\datasets\vadimzavadskyi\kolektorsdd2-ksdd2\versions\1\train\10272.png,train\10272.png,10272.png,0,normal,gt_mask_empty,train
C:\Users\al774\.cache\kagglehub\datasets\vadimzavadskyi\kolektorsdd2-ksdd2\versions\1\train\10273.png,train\10273.png,10273.png,1,defective,gt_mask_defect(max_val=255),val
C:\Users\al774\.cache\kagglehub\datasets\vadimzavadskyi\kolektorsdd2-ksdd2\versions\1\train\10274.png,train\10274.png,10274.png,0,normal,gt_mask_empty,test
C:\Users\al774\.cache\kagglehub\datasets\vadimzavadskyi\kolektorsdd2-ksdd2\versions\1\train\10275.png,train\10275.png,10275.png,0,normal,gt_mask_empty,test
C:\Users\al774\.cache\kagglehub\datasets\vadimzavadskyi\kolektorsdd2-ksdd2\versions\1\train\10276.png,train\10276.png,10276.png,0,normal,gt_mask_empty,train
C:\Users\al774\.cache\kagglehub\datasets\vadimzavadskyi\kolektorsdd2-ksdd2\versions\1\train\10277.png,train\10277.png,10277.png,0,normal,gt_mask_empty,test
C:\Users\al774\.cache\kagglehub\datasets\vadimzavadskyi\kolektorsdd2-ksdd2\versions\1\train\10278.png,train\10278.png,10278.png,0,normal,gt_mask_empty,val
C:\Users\al774\.cache\kagglehub\datasets\vadimzavadskyi\kolektorsdd2-ksdd2\versions\1\train\10279.png,train\10279.png,10279.png,0,normal,gt_mask_empty,train
C:\Users\al774\.cache\kagglehub\datasets\vadimzavadskyi\kolektorsdd2-ksdd2\versions\1\train\10280.png,train\10280.png,10280.png,0,normal,gt_mask_empty,test
C:\Users\al774\.cache\kagglehub\datasets\vadimzavadskyi\kolektorsdd2-ksdd2\versions\1\train\10281.png,train\10281.png,10281.png,1,defective,gt_mask_defect(max_val=255),train
C:\Users\al774\.cache\kagglehub\datasets\vadimzavadskyi\kolektorsdd2-ksdd2\versions\1\train\10282.png,train\10282.png,10282.png,0,normal,gt_mask_empty,train
C:\Users\al774\.cache\kagglehub\datasets\vadimzavadskyi\kolektorsdd2-ksdd2\versions\1\train\10283.png,train\10283.png,10283.png,0,normal,gt_mask_empty,val
C:\Users\al774\.cache\kagglehub\datasets\vadimzavadskyi\kolektorsdd2-ksdd2\versions\1\train\10284.png,train\10284.png,10284.png,0,normal,gt_mask_empty,test
C:\Users\al774\.cache\kagglehub\datasets\vadimzavadskyi\kolektorsdd2-ksdd2\versions\1\train\10285.png,train\10285.png,10285.png,0,normal,gt_mask_empty,test
C:\Users\al774\.cache\kagglehub\datasets\vadimzavadskyi\kolektorsdd2-ksdd2\versions\1\train\10286.png,train\10286.png,10286.png,0,normal,gt_mask_empty,test
C:\Users\al774\.cache\kagglehub\datasets\vadimzavadskyi\kolektorsdd2-ksdd2\versions\1\train\10287.png,train\10287.png,10287.png,0,normal,gt_mask_empty,val
C:\Users\al774\.cache\kagglehub\datasets\vadimzavadskyi\kolektorsdd2-ksdd2\versions\1\train\10288.png,train\10288.png,10288.png,0,normal,gt_mask_empty,train
C:\Users\al774\.cache\kagglehub\datasets\vadimzavadskyi\kolektorsdd2-ksdd2\versions\1\train\10289.png,train\10289.png,10289.png,0,normal,gt_mask_empty,val
C:\Users\al774\.cache\kagglehub\datasets\vadimzavadskyi\kolektorsdd2-ksdd2\versions\1\train\10290.png,train\10290.png,10290.png,0,normal,gt_mask_empty,train
C:\Users\al774\.cache\kagglehub\datasets\vadimzavadskyi\kolektorsdd2-ksdd2\versions\1\train\10291.png,train\10291.png,10291.png,0,normal,gt_mask_empty,val
C:\Users\al774\.cache\kagglehub\datasets\vadimzavadskyi\kolektorsdd2-ksdd2\versions\1\train\10292.png,train\10292.png,10292.png,0,normal,gt_mask_empty,train
C:\Users\al774\.cache\kagglehub\datasets\vadimzavadskyi\kolektorsdd2-ksdd2\versions\1\train\10293.png,train\10293.png,10293.png,0,normal,gt_mask_empty,test
C:\Users\al774\.cache\kagglehub\datasets\vadimzavadskyi\kolektorsdd2-ksdd2\versions\1\train\10294.png,train\10294.png,10294.png,0,normal,gt_mask_empty,train
C:\Users\al774\.cache\kagglehub\datasets\vadimzavadskyi\kolektorsdd2-ksdd2\versions\1\train\10295.png,train\10295.png,10295.png,0,normal,gt_mask_empty,train
C:\Users\al774\.cache\kagglehub\datasets\vadimzavadskyi\kolektorsdd2-ksdd2\versions\1\train\10296.png,train\10296.png,10296.png,0,normal,gt_mask_empty,train
C:\Users\al774\.cache\kagglehub\datasets\vadimzavadskyi\kolektorsdd2-ksdd2\versions\1\train\10297.png,train\10297.png,10297.png,0,normal,gt_mask_empty,val
C:\Users\al774\.cache\kagglehub\datasets\vadimzavadskyi\kolektorsdd2-ksdd2\versions\1\train\10298.png,train\10298.png,10298.png,0,normal,gt_mask_empty,test
C:\Users\al774\.cache\kagglehub\datasets\vadimzavadskyi\kolektorsdd2-ksdd2\versions\1\train\10299.png,train\10299.png,10299.png,0,normal,gt_mask_empty,test
C:\Users\al774\.cache\kagglehub\datasets\vadimzavadskyi\kolektorsdd2-ksdd2\versions\1\train\10300.png,train\10300.png,10300.png,0,normal,gt_mask_empty,val
C:\Users\al774\.cache\kagglehub\datasets\vadimzavadskyi\kolektorsdd2-ksdd2\versions\1\train\10301 (copy).png,train\10301 (copy).png,10301 (copy).png,0,normal,default_normal,train
C:\Users\al774\.cache\kagglehub\datasets\vadimzavadskyi\kolektorsdd2-ksdd2\versions\1\train\10301.png,train\10301.png,10301.png,1,defective,gt_mask_defect(max_val=255),train
C:\Users\al774\.cache\kagglehub\datasets\vadimzavadskyi\kolektorsdd2-ksdd2\versions\1\train\10301_GT (copy).png,train\10301_GT (copy).png,10301_GT (copy).png,0,normal,default_normal,train
C:\Users\al774\.cache\kagglehub\datasets\vadimzavadskyi\kolektorsdd2-ksdd2\versions\1\train\10302.png,train\10302.png,10302.png,0,normal,gt_mask_empty,val
C:\Users\al774\.cache\kagglehub\datasets\vadimzavadskyi\kolektorsdd2-ksdd2\versions\1\train\10303.png,train\10303.png,10303.png,0,normal,gt_mask_empty,train
C:\Users\al774\.cache\kagglehub\datasets\vadimzavadskyi\kolektorsdd2-ksdd2\versions\1\train\10304.png,train\10304.png,10304.png,1,defective,gt_mask_defect(max_val=255),train
C:\Users\al774\.cache\kagglehub\datasets\vadimzavadskyi\kolektorsdd2-ksdd2\versions\1\train\10305.png,train\10305.png,10305.png,0,normal,gt_mask_empty,train
C:\Users\al774\.cache\kagglehub\datasets\vadimzavadskyi\kolektorsdd2-ksdd2\versions\1\train\10306.png,train\10306.png,10306.png,1,defective,gt_mask_defect(max_val=255),train
C:\Users\al774\.cache\kagglehub\datasets\vadimzavadskyi\kolektorsdd2-ksdd2\versions\1\train\10307.png,train\10307.png,10307.png,0,normal,gt_mask_empty,train
C:\Users\al774\.cache\kagglehub\datasets\vadimzavadskyi\kolektorsdd2-ksdd2\versions\1\train\10308.png,train\10308.png,10308.png,1,defective,gt_mask_defect(max_val=255),train
C:\Users\al774\.cache\kagglehub\datasets\vadimzavadskyi\kolektorsdd2-ksdd2\versions\1\train\10309.png,train\10309.png,10309.png,1,defective,gt_mask_defect(max_val=255),train
C:\Users\al774\.cache\kagglehub\datasets\vadimzavadskyi\kolektorsdd2-ksdd2\versions\1\train\10310.png,train\10310.png,10310.png,0,normal,gt_mask_empty,train
C:\Users\al774\.cache\kagglehub\datasets\vadimzavadskyi\kolektorsdd2-ksdd2\versions\1\train\10311.png,train\10311.png,10311.png,0,normal,gt_mask_empty,train
C:\Users\al774\.cache\kagglehub\datasets\vadimzavadskyi\kolektorsdd2-ksdd2\versions\1\train\10312.png,train\10312.png,10312.png,1,defective,gt_mask_defect(max_val=255),train
C:\Users\al774\.cache\kagglehub\datasets\vadimzavadskyi\kolektorsdd2-ksdd2\versions\1\train\10313.png,train\10313.png,10313.png,0,normal,gt_mask_empty,train
C:\Users\al774\.cache\kagglehub\datasets\vadimzavadskyi\kolektorsdd2-ksdd2\versions\1\train\10314.png,train\10314.png,10314.png,0,normal,gt_mask_empty,train
C:\Users\al774\.cache\kagglehub\datasets\vadimzavadskyi\kolektorsdd2-ksdd2\versions\1\train\10315.png,train\10315.png,10315.png,0,normal,gt_mask_empty,test
C:\Users\al774\.cache\kagglehub\datasets\vadimzavadskyi\kolektorsdd2-ksdd2\versions\1\train\10316.png,train\10316.png,10316.png,0,normal,gt_mask_empty,train
C:\Users\al774\.cache\kagglehub\datasets\vadimzavadskyi\kolektorsdd2-ksdd2\versions\1\train\10317.png,train\10317.png,10317.png,0,normal,gt_mask_empty,train
C:\Users\al774\.cache\kagglehub\datasets\vadimzavadskyi\kolektorsdd2-ksdd2\versions\1\train\10318.png,train\10318.png,10318.png,0,normal,gt_mask_empty,val
C:\Users\al774\.cache\kagglehub\datasets\vadimzavadskyi\kolektorsdd2-ksdd2\versions\1\train\10319.png,train\10319.png,10319.png,0,normal,gt_mask_empty,val
C:\Users\al774\.cache\kagglehub\datasets\vadimzavadskyi\kolektorsdd2-ksdd2\versions\1\train\10320.png,train\10320.png,10320.png,0,normal,gt_mask_empty,train
C:\Users\al774\.cache\kagglehub\datasets\vadimzavadskyi\kolektorsdd2-ksdd2\versions\1\train\10321.png,train\10321.png,10321.png,0,normal,gt_mask_empty,train
C:\Users\al774\.cache\kagglehub\datasets\vadimzavadskyi\kolektorsdd2-ksdd2\versions\1\train\10322.png,train\10322.png,10322.png,0,normal,gt_mask_empty,train
C:\Users\al774\.cache\kagglehub\datasets\vadimzavadskyi\kolektorsdd2-ksdd2\versions\1\train\10323.png,train\10323.png,10323.png,0,normal,gt_mask_empty,train
C:\Users\al774\.cache\kagglehub\datasets\vadimzavadskyi\kolektorsdd2-ksdd2\versions\1\train\10324.png,train\10324.png,10324.png,0,normal,gt_mask_empty,train
C:\Users\al774\.cache\kagglehub\datasets\vadimzavadskyi\kolektorsdd2-ksdd2\versions\1\train\10325.png,train\10325.png,10325.png,0,normal,gt_mask_empty,train
C:\Users\al774\.cache\kagglehub\datasets\vadimzavadskyi\kolektorsdd2-ksdd2\versions\1\train\10326.png,train\10326.png,10326.png,0,normal,gt_mask_empty,val
C:\Users\al774\.cache\kagglehub\datasets\vadimzavadskyi\kolektorsdd2-ksdd2\versions\1\train\10327.png,train\10327.png,10327.png,0,normal,gt_mask_empty,train
C:\Users\al774\.cache\kagglehub\datasets\vadimzavadskyi\kolektorsdd2-ksdd2\versions\1\train\10328.png,train\10328.png,10328.png,0,normal,gt_mask_empty,train
C:\Users\al774\.cache\kagglehub\datasets\vadimzavadskyi\kolektorsdd2-ksdd2\versions\1\train\10329.png,train\10329.png,10329.png,0,normal,gt_mask_empty,train
C:\Users\al774\.cache\kagglehub\datasets\vadimzavadskyi\kolektorsdd2-ksdd2\versions\1\train\10330.png,train\10330.png,10330.png,0,normal,gt_mask_empty,train
C:\Users\al774\.cache\kagglehub\datasets\vadimzavadskyi\kolektorsdd2-ksdd2\versions\1\train\10331.png,train\10331.png,10331.png,0,normal,gt_mask_empty,train
C:\Users\al774\.cache\kagglehub\datasets\vadimzavadskyi\kolektorsdd2-ksdd2\versions\1\train\10332.png,train\10332.png,10332.png,0,normal,gt_mask_empty,val
C:\Users\al774\.cache\kagglehub\datasets\vadimzavadskyi\kolektorsdd2-ksdd2\versions\1\train\10333.png,train\10333.png,10333.png,0,normal,gt_mask_empty,train
C:\Users\al774\.cache\kagglehub\datasets\vadimzavadskyi\kolektorsdd2-ksdd2\versions\1\train\10334.png,train\10334.png,10334.png,0,normal,gt_mask_empty,train
C:\Users\al774\.cache\kagglehub\datasets\vadimzavadskyi\kolektorsdd2-ksdd2\versions\1\train\10335.png,train\10335.png,10335.png,1,defective,gt_mask_defect(max_val=255),test
C:\Users\al774\.cache\kagglehub\datasets\vadimzavadskyi\kolektorsdd2-ksdd2\versions\1\train\10336.png,train\10336.png,10336.png,0,normal,gt_mask_empty,train
C:\Users\al774\.cache\kagglehub\datasets\vadimzavadskyi\kolektorsdd2-ksdd2\versions\1\train\10337.png,train\10337.png,10337.png,1,defective,gt_mask_defect(max_val=255),val
C:\Users\al774\.cache\kagglehub\datasets\vadimzavadskyi\kolektorsdd2-ksdd2\versions\1\train\10338.png,train\10338.png,10338.png,0,normal,gt_mask_empty,train
C:\Users\al774\.cache\kagglehub\datasets\vadimzavadskyi\kolektorsdd2-ksdd2\versions\1\train\10339.png,train\10339.png,10339.png,0,normal,gt_mask_empty,train
C:\Users\al774\.cache\kagglehub\datasets\vadimzavadskyi\kolektorsdd2-ksdd2\versions\1\train\10340.png,train\10340.png,10340.png,0,normal,gt_mask_empty,train
C:\Users\al774\.cache\kagglehub\datasets\vadimzavadskyi\kolektorsdd2-ksdd2\versions\1\train\10341.png,train\10341.png,10341.png,0,normal,gt_mask_empty,train
C:\Users\al774\.cache\kagglehub\datasets\vadimzavadskyi\kolektorsdd2-ksdd2\versions\1\train\10342.png,train\10342.png,10342.png,0,normal,gt_mask_empty,val
C:\Users\al774\.cache\kagglehub\datasets\vadimzavadskyi\kolektorsdd2-ksdd2\versions\1\train\10343.png,train\10343.png,10343.png,0,normal,gt_mask_empty,train
C:\Users\al774\.cache\kagglehub\datasets\vadimzavadskyi\kolektorsdd2-ksdd2\versions\1\train\10344.png,train\10344.png,10344.png,1,defective,gt_mask_defect(max_val=255),train
C:\Users\al774\.cache\kagglehub\datasets\vadimzavadskyi\kolektorsdd2-ksdd2\versions\1\train\10345.png,train\10345.png,10345.png,1,defective,gt_mask_defect(max_val=255),train
C:\Users\al774\.cache\kagglehub\datasets\vadimzavadskyi\kolektorsdd2-ksdd2\versions\1\train\10346.png,train\10346.png,10346.png,0,normal,gt_mask_empty,train
C:\Users\al774\.cache\kagglehub\datasets\vadimzavadskyi\kolektorsdd2-ksdd2\versions\1\train\10347.png,train\10347.png,10347.png,0,normal,gt_mask_empty,train
C:\Users\al774\.cache\kagglehub\datasets\vadimzavadskyi\kolektorsdd2-ksdd2\versions\1\train\10348.png,train\10348.png,10348.png,0,normal,gt_mask_empty,test
C:\Users\al774\.cache\kagglehub\datasets\vadimzavadskyi\kolektorsdd2-ksdd2\versions\1\train\10349.png,train\10349.png,10349.png,0,normal,gt_mask_empty,train
C:\Users\al774\.cache\kagglehub\datasets\vadimzavadskyi\kolektorsdd2-ksdd2\versions\1\train\10350.png,train\10350.png,10350.png,0,normal,gt_mask_empty,train
C:\Users\al774\.cache\kagglehub\datasets\vadimzavadskyi\kolektorsdd2-ksdd2\versions\1\train\10351.png,train\10351.png,10351.png,0,normal,gt_mask_empty,test
C:\Users\al774\.cache\kagglehub\datasets\vadimzavadskyi\kolektorsdd2-ksdd2\versions\1\train\10352.png,train\10352.png,10352.png,1,defective,gt_mask_defect(max_val=255),train
C:\Users\al774\.cache\kagglehub\datasets\vadimzavadskyi\kolektorsdd2-ksdd2\versions\1\train\10353.png,train\10353.png,10353.png,0,normal,gt_mask_empty,train
C:\Users\al774\.cache\kagglehub\datasets\vadimzavadskyi\kolektorsdd2-ksdd2\versions\1\train\10354.png,train\10354.png,10354.png,1,defective,gt_mask_defect(max_val=255),val
C:\Users\al774\.cache\kagglehub\datasets\vadimzavadskyi\kolektorsdd2-ksdd2\versions\1\train\10355.png,train\10355.png,10355.png,0,normal,gt_mask_empty,val
C:\Users\al774\.cache\kagglehub\datasets\vadimzavadskyi\kolektorsdd2-ksdd2\versions\1\train\10356.png,train\10356.png,10356.png,0,normal,gt_mask_empty,val
C:\Users\al774\.cache\kagglehub\datasets\vadimzavadskyi\kolektorsdd2-ksdd2\versions\1\train\10357.png,train\10357.png,10357.png,0,normal,gt_mask_empty,train
C:\Users\al774\.cache\kagglehub\datasets\vadimzavadskyi\kolektorsdd2-ksdd2\versions\1\train\10358.png,train\10358.png,10358.png,0,normal,gt_mask_empty,test
C:\Users\al774\.cache\kagglehub\datasets\vadimzavadskyi\kolektorsdd2-ksdd2\versions\1\train\10359.png,train\10359.png,10359.png,0,normal,gt_mask_empty,val
C:\Users\al774\.cache\kagglehub\datasets\vadimzavadskyi\kolektorsdd2-ksdd2\versions\1\train\10360.png,train\10360.png,10360.png,0,normal,gt_mask_empty,val
C:\Users\al774\.cache\kagglehub\datasets\vadimzavadskyi\kolektorsdd2-ksdd2\versions\1\train\10361.png,train\10361.png,10361.png,0,normal,gt_mask_empty,train
C:\Users\al774\.cache\kagglehub\datasets\vadimzavadskyi\kolektorsdd2-ksdd2\versions\1\train\10362.png,train\10362.png,10362.png,0,normal,gt_mask_empty,train
C:\Users\al774\.cache\kagglehub\datasets\vadimzavadskyi\kolektorsdd2-ksdd2\versions\1\train\10363.png,train\10363.png,10363.png,0,normal,gt_mask_empty,train
C:\Users\al774\.cache\kagglehub\datasets\vadimzavadskyi\kolektorsdd2-ksdd2\versions\1\train\10364.png,train\10364.png,10364.png,0,normal,gt_mask_empty,train
C:\Users\al774\.cache\kagglehub\datasets\vadimzavadskyi\kolektorsdd2-ksdd2\versions\1\train\10365.png,train\10365.png,10365.png,0,normal,gt_mask_empty,test
C:\Users\al774\.cache\kagglehub\datasets\vadimzavadskyi\kolektorsdd2-ksdd2\versions\1\train\10366.png,train\10366.png,10366.png,0,normal,gt_mask_empty,train
C:\Users\al774\.cache\kagglehub\datasets\vadimzavadskyi\kolektorsdd2-ksdd2\versions\1\train\10367.png,train\10367.png,10367.png,1,defective,gt_mask_defect(max_val=255),val
C:\Users\al774\.cache\kagglehub\datasets\vadimzavadskyi\kolektorsdd2-ksdd2\versions\1\train\10368.png,train\10368.png,10368.png,0,normal,gt_mask_empty,train
C:\Users\al774\.cache\kagglehub\datasets\vadimzavadskyi\kolektorsdd2-ksdd2\versions\1\train\10369.png,train\10369.png,10369.png,0,normal,gt_mask_empty,val
C:\Users\al774\.cache\kagglehub\datasets\vadimzavadskyi\kolektorsdd2-ksdd2\versions\1\train\10370.png,train\10370.png,10370.png,0,normal,gt_mask_empty,train
C:\Users\al774\.cache\kagglehub\datasets\vadimzavadskyi\kolektorsdd2-ksdd2\versions\1\train\10371.png,train\10371.png,10371.png,0,normal,gt_mask_empty,train
C:\Users\al774\.cache\kagglehub\datasets\vadimzavadskyi\kolektorsdd2-ksdd2\versions\1\train\10372.png,train\10372.png,10372.png,0,normal,gt_mask_empty,train
C:\Users\al774\.cache\kagglehub\datasets\vadimzavadskyi\kolektorsdd2-ksdd2\versions\1\train\10373.png,train\10373.png,10373.png,0,normal,gt_mask_empty,train
C:\Users\al774\.cache\kagglehub\datasets\vadimzavadskyi\kolektorsdd2-ksdd2\versions\1\train\10374.png,train\10374.png,10374.png,0,normal,gt_mask_empty,train
C:\Users\al774\.cache\kagglehub\datasets\vadimzavadskyi\kolektorsdd2-ksdd2\versions\1\train\10375.png,train\10375.png,10375.png,0,normal,gt_mask_empty,train
C:\Users\al774\.cache\kagglehub\datasets\vadimzavadskyi\kolektorsdd2-ksdd2\versions\1\train\10376.png,train\10376.png,10376.png,0,normal,gt_mask_empty,train
C:\Users\al774\.cache\kagglehub\datasets\vadimzavadskyi\kolektorsdd2-ksdd2\versions\1\train\10377.png,train\10377.png,10377.png,0,normal,gt_mask_empty,train
C:\Users\al774\.cache\kagglehub\datasets\vadimzavadskyi\kolektorsdd2-ksdd2\versions\1\train\10378.png,train\10378.png,10378.png,0,normal,gt_mask_empty,train
C:\Users\al774\.cache\kagglehub\datasets\vadimzavadskyi\kolektorsdd2-ksdd2\versions\1\train\10379.png,train\10379.png,10379.png,0,normal,gt_mask_empty,train
C:\Users\al774\.cache\kagglehub\datasets\vadimzavadskyi\kolektorsdd2-ksdd2\versions\1\train\10380.png,train\10380.png,10380.png,0,normal,gt_mask_empty,test
C:\Users\al774\.cache\kagglehub\datasets\vadimzavadskyi\kolektorsdd2-ksdd2\versions\1\train\10381.png,train\10381.png,10381.png,0,normal,gt_mask_empty,train
C:\Users\al774\.cache\kagglehub\datasets\vadimzavadskyi\kolektorsdd2-ksdd2\versions\1\train\10382.png,train\10382.png,10382.png,1,defective,gt_mask_defect(max_val=255),test
C:\Users\al774\.cache\kagglehub\datasets\vadimzavadskyi\kolektorsdd2-ksdd2\versions\1\train\10383.png,train\10383.png,10383.png,1,defective,gt_mask_defect(max_val=255),val
C:\Users\al774\.cache\kagglehub\datasets\vadimzavadskyi\kolektorsdd2-ksdd2\versions\1\train\10384.png,train\10384.png,10384.png,0,normal,gt_mask_empty,val
C:\Users\al774\.cache\kagglehub\datasets\vadimzavadskyi\kolektorsdd2-ksdd2\versions\1\train\10385.png,train\10385.png,10385.png,0,normal,gt_mask_empty,train
C:\Users\al774\.cache\kagglehub\datasets\vadimzavadskyi\kolektorsdd2-ksdd2\versions\1\train\10386.png,train\10386.png,10386.png,0,normal,gt_mask_empty,train
C:\Users\al774\.cache\kagglehub\datasets\vadimzavadskyi\kolektorsdd2-ksdd2\versions\1\train\10387.png,train\10387.png,10387.png,0,normal,gt_mask_empty,test
C:\Users\al774\.cache\kagglehub\datasets\vadimzavadskyi\kolektorsdd2-ksdd2\versions\1\train\10388.png,train\10388.png,10388.png,0,normal,gt_mask_empty,train
C:\Users\al774\.cache\kagglehub\datasets\vadimzavadskyi\kolektorsdd2-ksdd2\versions\1\train\10389.png,train\10389.png,10389.png,0,normal,gt_mask_empty,train
C:\Users\al774\.cache\kagglehub\datasets\vadimzavadskyi\kolektorsdd2-ksdd2\versions\1\train\10390.png,train\10390.png,10390.png,0,normal,gt_mask_empty,val
C:\Users\al774\.cache\kagglehub\datasets\vadimzavadskyi\kolektorsdd2-ksdd2\versions\1\train\10391.png,train\10391.png,10391.png,0,normal,gt_mask_empty,train
C:\Users\al774\.cache\kagglehub\datasets\vadimzavadskyi\kolektorsdd2-ksdd2\versions\1\train\10392.png,train\10392.png,10392.png,0,normal,gt_mask_empty,train
C:\Users\al774\.cache\kagglehub\datasets\vadimzavadskyi\kolektorsdd2-ksdd2\versions\1\train\10393.png,train\10393.png,10393.png,0,normal,gt_mask_empty,train
C:\Users\al774\.cache\kagglehub\datasets\vadimzavadskyi\kolektorsdd2-ksdd2\versions\1\train\10394.png,train\10394.png,10394.png,0,normal,gt_mask_empty,val
C:\Users\al774\.cache\kagglehub\datasets\vadimzavadskyi\kolektorsdd2-ksdd2\versions\1\train\10395.png,train\10395.png,10395.png,0,normal,gt_mask_empty,train
C:\Users\al774\.cache\kagglehub\datasets\vadimzavadskyi\kolektorsdd2-ksdd2\versions\1\train\10396.png,train\10396.png,10396.png,1,defective,gt_mask_defect(max_val=255),train
C:\Users\al774\.cache\kagglehub\datasets\vadimzavadskyi\kolektorsdd2-ksdd2\versions\1\train\10397.png,train\10397.png,10397.png,0,normal,gt_mask_empty,test
C:\Users\al774\.cache\kagglehub\datasets\vadimzavadskyi\kolektorsdd2-ksdd2\versions\1\train\10398.png,train\10398.png,10398.png,0,normal,gt_mask_empty,train
C:\Users\al774\.cache\kagglehub\datasets\vadimzavadskyi\kolektorsdd2-ksdd2\versions\1\train\10399.png,train\10399.png,10399.png,0,normal,gt_mask_empty,test
C:\Users\al774\.cache\kagglehub\datasets\vadimzavadskyi\kolektorsdd2-ksdd2\versions\1\train\10400.png,train\10400.png,10400.png,0,normal,gt_mask_empty,train
C:\Users\al774\.cache\kagglehub\datasets\vadimzavadskyi\kolektorsdd2-ksdd2\versions\1\train\10401.png,train\10401.png,10401.png,1,defective,gt_mask_defect(max_val=255),train
C:\Users\al774\.cache\kagglehub\datasets\vadimzavadskyi\kolektorsdd2-ksdd2\versions\1\train\10402.png,train\10402.png,10402.png,1,defective,gt_mask_defect(max_val=255),train
C:\Users\al774\.cache\kagglehub\datasets\vadimzavadskyi\kolektorsdd2-ksdd2\versions\1\train\10403.png,train\10403.png,10403.png,1,defective,gt_mask_defect(max_val=255),test
C:\Users\al774\.cache\kagglehub\datasets\vadimzavadskyi\kolektorsdd2-ksdd2\versions\1\train\10404.png,train\10404.png,10404.png,0,normal,gt_mask_empty,test
C:\Users\al774\.cache\kagglehub\datasets\vadimzavadskyi\kolektorsdd2-ksdd2\versions\1\train\10405.png,train\10405.png,10405.png,0,normal,gt_mask_empty,val
C:\Users\al774\.cache\kagglehub\datasets\vadimzavadskyi\kolektorsdd2-ksdd2\versions\1\train\10406.png,train\10406.png,10406.png,0,normal,gt_mask_empty,train
C:\Users\al774\.cache\kagglehub\datasets\vadimzavadskyi\kolektorsdd2-ksdd2\versions\1\train\10407.png,train\10407.png,10407.png,0,normal,gt_mask_empty,train
C:\Users\al774\.cache\kagglehub\datasets\vadimzavadskyi\kolektorsdd2-ksdd2\versions\1\train\10408.png,train\10408.png,10408.png,0,normal,gt_mask_empty,train
C:\Users\al774\.cache\kagglehub\datasets\vadimzavadskyi\kolektorsdd2-ksdd2\versions\1\train\10409.png,train\10409.png,10409.png,0,normal,gt_mask_empty,train
C:\Users\al774\.cache\kagglehub\datasets\vadimzavadskyi\kolektorsdd2-ksdd2\versions\1\train\10410.png,train\10410.png,10410.png,0,normal,gt_mask_empty,test
C:\Users\al774\.cache\kagglehub\datasets\vadimzavadskyi\kolektorsdd2-ksdd2\versions\1\train\10411.png,train\10411.png,10411.png,0,normal,gt_mask_empty,train
C:\Users\al774\.cache\kagglehub\datasets\vadimzavadskyi\kolektorsdd2-ksdd2\versions\1\train\10412.png,train\10412.png,10412.png,0,normal,gt_mask_empty,train
C:\Users\al774\.cache\kagglehub\datasets\vadimzavadskyi\kolektorsdd2-ksdd2\versions\1\train\10413.png,train\10413.png,10413.png,0,normal,gt_mask_empty,train
C:\Users\al774\.cache\kagglehub\datasets\vadimzavadskyi\kolektorsdd2-ksdd2\versions\1\train\10414.png,train\10414.png,10414.png,1,defective,gt_mask_defect(max_val=255),train
C:\Users\al774\.cache\kagglehub\datasets\vadimzavadskyi\kolektorsdd2-ksdd2\versions\1\train\10415.png,train\10415.png,10415.png,0,normal,gt_mask_empty,train
C:\Users\al774\.cache\kagglehub\datasets\vadimzavadskyi\kolektorsdd2-ksdd2\versions\1\train\10416.png,train\10416.png,10416.png,0,normal,gt_mask_empty,val
C:\Users\al774\.cache\kagglehub\datasets\vadimzavadskyi\kolektorsdd2-ksdd2\versions\1\train\10417.png,train\10417.png,10417.png,0,normal,gt_mask_empty,train
C:\Users\al774\.cache\kagglehub\datasets\vadimzavadskyi\kolektorsdd2-ksdd2\versions\1\train\10418.png,train\10418.png,10418.png,0,normal,gt_mask_empty,train
C:\Users\al774\.cache\kagglehub\datasets\vadimzavadskyi\kolektorsdd2-ksdd2\versions\1\train\10419.png,train\10419.png,10419.png,0,normal,gt_mask_empty,train
C:\Users\al774\.cache\kagglehub\datasets\vadimzavadskyi\kolektorsdd2-ksdd2\versions\1\train\10420.png,train\10420.png,10420.png,0,normal,gt_mask_empty,train
C:\Users\al774\.cache\kagglehub\datasets\vadimzavadskyi\kolektorsdd2-ksdd2\versions\1\train\10421.png,train\10421.png,10421.png,1,defective,gt_mask_defect(max_val=255),test
C:\Users\al774\.cache\kagglehub\datasets\vadimzavadskyi\kolektorsdd2-ksdd2\versions\1\train\10422.png,train\10422.png,10422.png,0,normal,gt_mask_empty,train
C:\Users\al774\.cache\kagglehub\datasets\vadimzavadskyi\kolektorsdd2-ksdd2\versions\1\train\10423.png,train\10423.png,10423.png,1,defective,gt_mask_defect(max_val=255),train
C:\Users\al774\.cache\kagglehub\datasets\vadimzavadskyi\kolektorsdd2-ksdd2\versions\1\train\10424.png,train\10424.png,10424.png,0,normal,gt_mask_empty,train
C:\Users\al774\.cache\kagglehub\datasets\vadimzavadskyi\kolektorsdd2-ksdd2\versions\1\train\10425.png,train\10425.png,10425.png,0,normal,gt_mask_empty,train
C:\Users\al774\.cache\kagglehub\datasets\vadimzavadskyi\kolektorsdd2-ksdd2\versions\1\train\10426.png,train\10426.png,10426.png,1,defective,gt_mask_defect(max_val=255),test
C:\Users\al774\.cache\kagglehub\datasets\vadimzavadskyi\kolektorsdd2-ksdd2\versions\1\train\10427.png,train\10427.png,10427.png,0,normal,gt_mask_empty,val
C:\Users\al774\.cache\kagglehub\datasets\vadimzavadskyi\kolektorsdd2-ksdd2\versions\1\train\10428.png,train\10428.png,10428.png,0,normal,gt_mask_empty,test
C:\Users\al774\.cache\kagglehub\datasets\vadimzavadskyi\kolektorsdd2-ksdd2\versions\1\train\10429.png,train\10429.png,10429.png,0,normal,gt_mask_empty,train
C:\Users\al774\.cache\kagglehub\datasets\vadimzavadskyi\kolektorsdd2-ksdd2\versions\1\train\10430.png,train\10430.png,10430.png,0,normal,gt_mask_empty,train
C:\Users\al774\.cache\kagglehub\datasets\vadimzavadskyi\kolektorsdd2-ksdd2\versions\1\train\10431.png,train\10431.png,10431.png,0,normal,gt_mask_empty,train
C:\Users\al774\.cache\kagglehub\datasets\vadimzavadskyi\kolektorsdd2-ksdd2\versions\1\train\10432.png,train\10432.png,10432.png,0,normal,gt_mask_empty,test
C:\Users\al774\.cache\kagglehub\datasets\vadimzavadskyi\kolektorsdd2-ksdd2\versions\1\train\10433.png,train\10433.png,10433.png,0,normal,gt_mask_empty,train
C:\Users\al774\.cache\kagglehub\datasets\vadimzavadskyi\kolektorsdd2-ksdd2\versions\1\train\10434.png,train\10434.png,10434.png,0,normal,gt_mask_empty,test
C:\Users\al774\.cache\kagglehub\datasets\vadimzavadskyi\kolektorsdd2-ksdd2\versions\1\train\10435.png,train\10435.png,10435.png,0,normal,gt_mask_empty,train
C:\Users\al774\.cache\kagglehub\datasets\vadimzavadskyi\kolektorsdd2-ksdd2\versions\1\train\10436.png,train\10436.png,10436.png,0,normal,gt_mask_empty,train
C:\Users\al774\.cache\kagglehub\datasets\vadimzavadskyi\kolektorsdd2-ksdd2\versions\1\train\10437.png,train\10437.png,10437.png,0,normal,gt_mask_empty,train
C:\Users\al774\.cache\kagglehub\datasets\vadimzavadskyi\kolektorsdd2-ksdd2\versions\1\train\10438.png,train\10438.png,10438.png,0,normal,gt_mask_empty,train
C:\Users\al774\.cache\kagglehub\datasets\vadimzavadskyi\kolektorsdd2-ksdd2\versions\1\train\10439.png,train\10439.png,10439.png,0,normal,gt_mask_empty,train
C:\Users\al774\.cache\kagglehub\datasets\vadimzavadskyi\kolektorsdd2-ksdd2\versions\1\train\10440.png,train\10440.png,10440.png,0,normal,gt_mask_empty,train
C:\Users\al774\.cache\kagglehub\datasets\vadimzavadskyi\kolektorsdd2-ksdd2\versions\1\train\10441.png,train\10441.png,10441.png,0,normal,gt_mask_empty,train
C:\Users\al774\.cache\kagglehub\datasets\vadimzavadskyi\kolektorsdd2-ksdd2\versions\1\train\10442.png,train\10442.png,10442.png,0,normal,gt_mask_empty,train
C:\Users\al774\.cache\kagglehub\datasets\vadimzavadskyi\kolektorsdd2-ksdd2\versions\1\train\10443.png,train\10443.png,10443.png,0,normal,gt_mask_empty,test
C:\Users\al774\.cache\kagglehub\datasets\vadimzavadskyi\kolektorsdd2-ksdd2\versions\1\train\10444.png,train\10444.png,10444.png,0,normal,gt_mask_empty,train
C:\Users\al774\.cache\kagglehub\datasets\vadimzavadskyi\kolektorsdd2-ksdd2\versions\1\train\10445.png,train\10445.png,10445.png,0,normal,gt_mask_empty,train
C:\Users\al774\.cache\kagglehub\datasets\vadimzavadskyi\kolektorsdd2-ksdd2\versions\1\train\10446.png,train\10446.png,10446.png,0,normal,gt_mask_empty,test
C:\Users\al774\.cache\kagglehub\datasets\vadimzavadskyi\kolektorsdd2-ksdd2\versions\1\train\10447.png,train\10447.png,10447.png,0,normal,gt_mask_empty,train
C:\Users\al774\.cache\kagglehub\datasets\vadimzavadskyi\kolektorsdd2-ksdd2\versions\1\train\10448.png,train\10448.png,10448.png,0,normal,gt_mask_empty,val
C:\Users\al774\.cache\kagglehub\datasets\vadimzavadskyi\kolektorsdd2-ksdd2\versions\1\train\10449.png,train\10449.png,10449.png,0,normal,gt_mask_empty,test
C:\Users\al774\.cache\kagglehub\datasets\vadimzavadskyi\kolektorsdd2-ksdd2\versions\1\train\10450.png,train\10450.png,10450.png,0,normal,gt_mask_empty,train
C:\Users\al774\.cache\kagglehub\datasets\vadimzavadskyi\kolektorsdd2-ksdd2\versions\1\train\10451.png,train\10451.png,10451.png,0,normal,gt_mask_empty,train
C:\Users\al774\.cache\kagglehub\datasets\vadimzavadskyi\kolektorsdd2-ksdd2\versions\1\train\10452.png,train\10452.png,10452.png,0,normal,gt_mask_empty,test
C:\Users\al774\.cache\kagglehub\datasets\vadimzavadskyi\kolektorsdd2-ksdd2\versions\1\train\10453.png,train\10453.png,10453.png,0,normal,gt_mask_empty,train
C:\Users\al774\.cache\kagglehub\datasets\vadimzavadskyi\kolektorsdd2-ksdd2\versions\1\train\10454.png,train\10454.png,10454.png,0,normal,gt_mask_empty,train
C:\Users\al774\.cache\kagglehub\datasets\vadimzavadskyi\kolektorsdd2-ksdd2\versions\1\train\10455.png,train\10455.png,10455.png,0,normal,gt_mask_empty,train
C:\Users\al774\.cache\kagglehub\datasets\vadimzavadskyi\kolektorsdd2-ksdd2\versions\1\train\10456.png,train\10456.png,10456.png,0,normal,gt_mask_empty,train
C:\Users\al774\.cache\kagglehub\datasets\vadimzavadskyi\kolektorsdd2-ksdd2\versions\1\train\10457.png,train\10457.png,10457.png,1,defective,gt_mask_defect(max_val=255),train
C:\Users\al774\.cache\kagglehub\datasets\vadimzavadskyi\kolektorsdd2-ksdd2\versions\1\train\10458.png,train\10458.png,10458.png,0,normal,gt_mask_empty,val
C:\Users\al774\.cache\kagglehub\datasets\vadimzavadskyi\kolektorsdd2-ksdd2\versions\1\train\10459.png,train\10459.png,10459.png,0,normal,gt_mask_empty,val
C:\Users\al774\.cache\kagglehub\datasets\vadimzavadskyi\kolektorsdd2-ksdd2\versions\1\train\10460.png,train\10460.png,10460.png,0,normal,gt_mask_empty,train
C:\Users\al774\.cache\kagglehub\datasets\vadimzavadskyi\kolektorsdd2-ksdd2\versions\1\train\10461.png,train\10461.png,10461.png,0,normal,gt_mask_empty,train
C:\Users\al774\.cache\kagglehub\datasets\vadimzavadskyi\kolektorsdd2-ksdd2\versions\1\train\10462.png,train\10462.png,10462.png,0,normal,gt_mask_empty,train
C:\Users\al774\.cache\kagglehub\datasets\vadimzavadskyi\kolektorsdd2-ksdd2\versions\1\train\10463.png,train\10463.png,10463.png,0,normal,gt_mask_empty,train
C:\Users\al774\.cache\kagglehub\datasets\vadimzavadskyi\kolektorsdd2-ksdd2\versions\1\train\10464.png,train\10464.png,10464.png,0,normal,gt_mask_empty,train
C:\Users\al774\.cache\kagglehub\datasets\vadimzavadskyi\kolektorsdd2-ksdd2\versions\1\train\10465.png,train\10465.png,10465.png,0,normal,gt_mask_empty,val
C:\Users\al774\.cache\kagglehub\datasets\vadimzavadskyi\kolektorsdd2-ksdd2\versions\1\train\10466.png,train\10466.png,10466.png,1,defective,gt_mask_defect(max_val=255),train
C:\Users\al774\.cache\kagglehub\datasets\vadimzavadskyi\kolektorsdd2-ksdd2\versions\1\train\10467.png,train\10467.png,10467.png,0,normal,gt_mask_empty,train
C:\Users\al774\.cache\kagglehub\datasets\vadimzavadskyi\kolektorsdd2-ksdd2\versions\1\train\10468.png,train\10468.png,10468.png,0,normal,gt_mask_empty,train
C:\Users\al774\.cache\kagglehub\datasets\vadimzavadskyi\kolektorsdd2-ksdd2\versions\1\train\10469.png,train\10469.png,10469.png,0,normal,gt_mask_empty,train
C:\Users\al774\.cache\kagglehub\datasets\vadimzavadskyi\kolektorsdd2-ksdd2\versions\1\train\10470.png,train\10470.png,10470.png,0,normal,gt_mask_empty,train
C:\Users\al774\.cache\kagglehub\datasets\vadimzavadskyi\kolektorsdd2-ksdd2\versions\1\train\10471.png,train\10471.png,10471.png,0,normal,gt_mask_empty,train
C:\Users\al774\.cache\kagglehub\datasets\vadimzavadskyi\kolektorsdd2-ksdd2\versions\1\train\10472.png,train\10472.png,10472.png,0,normal,gt_mask_empty,train
C:\Users\al774\.cache\kagglehub\datasets\vadimzavadskyi\kolektorsdd2-ksdd2\versions\1\train\10473.png,train\10473.png,10473.png,0,normal,gt_mask_empty,test
C:\Users\al774\.cache\kagglehub\datasets\vadimzavadskyi\kolektorsdd2-ksdd2\versions\1\train\10474.png,train\10474.png,10474.png,0,normal,gt_mask_empty,train
C:\Users\al774\.cache\kagglehub\datasets\vadimzavadskyi\kolektorsdd2-ksdd2\versions\1\train\10475.png,train\10475.png,10475.png,0,normal,gt_mask_empty,train
C:\Users\al774\.cache\kagglehub\datasets\vadimzavadskyi\kolektorsdd2-ksdd2\versions\1\train\10476.png,train\10476.png,10476.png,0,normal,gt_mask_empty,train
C:\Users\al774\.cache\kagglehub\datasets\vadimzavadskyi\kolektorsdd2-ksdd2\versions\1\train\10477.png,train\10477.png,10477.png,0,normal,gt_mask_empty,train
C:\Users\al774\.cache\kagglehub\datasets\vadimzavadskyi\kolektorsdd2-ksdd2\versions\1\train\10478.png,train\10478.png,10478.png,1,defective,gt_mask_defect(max_val=255),test
C:\Users\al774\.cache\kagglehub\datasets\vadimzavadskyi\kolektorsdd2-ksdd2\versions\1\train\10479.png,train\10479.png,10479.png,0,normal,gt_mask_empty,val
C:\Users\al774\.cache\kagglehub\datasets\vadimzavadskyi\kolektorsdd2-ksdd2\versions\1\train\10480.png,train\10480.png,10480.png,0,normal,gt_mask_empty,train
C:\Users\al774\.cache\kagglehub\datasets\vadimzavadskyi\kolektorsdd2-ksdd2\versions\1\train\10481.png,train\10481.png,10481.png,0,normal,gt_mask_empty,train
C:\Users\al774\.cache\kagglehub\datasets\vadimzavadskyi\kolektorsdd2-ksdd2\versions\1\train\10482.png,train\10482.png,10482.png,0,normal,gt_mask_empty,val
C:\Users\al774\.cache\kagglehub\datasets\vadimzavadskyi\kolektorsdd2-ksdd2\versions\1\train\10483.png,train\10483.png,10483.png,0,normal,gt_mask_empty,train
C:\Users\al774\.cache\kagglehub\datasets\vadimzavadskyi\kolektorsdd2-ksdd2\versions\1\train\10484.png,train\10484.png,10484.png,0,normal,gt_mask_empty,test
C:\Users\al774\.cache\kagglehub\datasets\vadimzavadskyi\kolektorsdd2-ksdd2\versions\1\train\10485.png,train\10485.png,10485.png,0,normal,gt_mask_empty,train
C:\Users\al774\.cache\kagglehub\datasets\vadimzavadskyi\kolektorsdd2-ksdd2\versions\1\train\10486.png,train\10486.png,10486.png,0,normal,gt_mask_empty,test
C:\Users\al774\.cache\kagglehub\datasets\vadimzavadskyi\kolektorsdd2-ksdd2\versions\1\train\10487.png,train\10487.png,10487.png,1,defective,gt_mask_defect(max_val=255),train
C:\Users\al774\.cache\kagglehub\datasets\vadimzavadskyi\kolektorsdd2-ksdd2\versions\1\train\10488.png,train\10488.png,10488.png,0,normal,gt_mask_empty,train
C:\Users\al774\.cache\kagglehub\datasets\vadimzavadskyi\kolektorsdd2-ksdd2\versions\1\train\10489.png,train\10489.png,10489.png,0,normal,gt_mask_empty,train
C:\Users\al774\.cache\kagglehub\datasets\vadimzavadskyi\kolektorsdd2-ksdd2\versions\1\train\10490.png,train\10490.png,10490.png,0,normal,gt_mask_empty,train
C:\Users\al774\.cache\kagglehub\datasets\vadimzavadskyi\kolektorsdd2-ksdd2\versions\1\train\10491.png,train\10491.png,10491.png,0,normal,gt_mask_empty,val
C:\Users\al774\.cache\kagglehub\datasets\vadimzavadskyi\kolektorsdd2-ksdd2\versions\1\train\10492.png,train\10492.png,10492.png,0,normal,gt_mask_empty,train
C:\Users\al774\.cache\kagglehub\datasets\vadimzavadskyi\kolektorsdd2-ksdd2\versions\1\train\10493.png,train\10493.png,10493.png,0,normal,gt_mask_empty,train
C:\Users\al774\.cache\kagglehub\datasets\vadimzavadskyi\kolektorsdd2-ksdd2\versions\1\train\10494.png,train\10494.png,10494.png,0,normal,gt_mask_empty,train
C:\Users\al774\.cache\kagglehub\datasets\vadimzavadskyi\kolektorsdd2-ksdd2\versions\1\train\10495.png,train\10495.png,10495.png,0,normal,gt_mask_empty,train
C:\Users\al774\.cache\kagglehub\datasets\vadimzavadskyi\kolektorsdd2-ksdd2\versions\1\train\10496.png,train\10496.png,10496.png,0,normal,gt_mask_empty,train
C:\Users\al774\.cache\kagglehub\datasets\vadimzavadskyi\kolektorsdd2-ksdd2\versions\1\train\10497.png,train\10497.png,10497.png,0,normal,gt_mask_empty,train
C:\Users\al774\.cache\kagglehub\datasets\vadimzavadskyi\kolektorsdd2-ksdd2\versions\1\train\10498.png,train\10498.png,10498.png,0,normal,gt_mask_empty,val
C:\Users\al774\.cache\kagglehub\datasets\vadimzavadskyi\kolektorsdd2-ksdd2\versions\1\train\10499.png,train\10499.png,10499.png,1,defective,gt_mask_defect(max_val=255),train
C:\Users\al774\.cache\kagglehub\datasets\vadimzavadskyi\kolektorsdd2-ksdd2\versions\1\train\10500.png,train\10500.png,10500.png,0,normal,gt_mask_empty,train
C:\Users\al774\.cache\kagglehub\datasets\vadimzavadskyi\kolektorsdd2-ksdd2\versions\1\train\10501.png,train\10501.png,10501.png,0,normal,gt_mask_empty,train
C:\Users\al774\.cache\kagglehub\datasets\vadimzavadskyi\kolektorsdd2-ksdd2\versions\1\train\10502.png,train\10502.png,10502.png,1,defective,gt_mask_defect(max_val=255),test
C:\Users\al774\.cache\kagglehub\datasets\vadimzavadskyi\kolektorsdd2-ksdd2\versions\1\train\10503.png,train\10503.png,10503.png,0,normal,gt_mask_empty,train
C:\Users\al774\.cache\kagglehub\datasets\vadimzavadskyi\kolektorsdd2-ksdd2\versions\1\train\10504.png,train\10504.png,10504.png,0,normal,gt_mask_empty,test
C:\Users\al774\.cache\kagglehub\datasets\vadimzavadskyi\kolektorsdd2-ksdd2\versions\1\train\10505.png,train\10505.png,10505.png,0,normal,gt_mask_empty,train
C:\Users\al774\.cache\kagglehub\datasets\vadimzavadskyi\kolektorsdd2-ksdd2\versions\1\train\10506.png,train\10506.png,10506.png,1,defective,gt_mask_defect(max_val=255),train
C:\Users\al774\.cache\kagglehub\datasets\vadimzavadskyi\kolektorsdd2-ksdd2\versions\1\train\10507.png,train\10507.png,10507.png,0,normal,gt_mask_empty,val
C:\Users\al774\.cache\kagglehub\datasets\vadimzavadskyi\kolektorsdd2-ksdd2\versions\1\train\10508.png,train\10508.png,10508.png,0,normal,gt_mask_empty,train
C:\Users\al774\.cache\kagglehub\datasets\vadimzavadskyi\kolektorsdd2-ksdd2\versions\1\train\10509.png,train\10509.png,10509.png,0,normal,gt_mask_empty,train
C:\Users\al774\.cache\kagglehub\datasets\vadimzavadskyi\kolektorsdd2-ksdd2\versions\1\train\10510.png,train\10510.png,10510.png,0,normal,gt_mask_empty,train
C:\Users\al774\.cache\kagglehub\datasets\vadimzavadskyi\kolektorsdd2-ksdd2\versions\1\train\10511.png,train\10511.png,10511.png,0,normal,gt_mask_empty,train
C:\Users\al774\.cache\kagglehub\datasets\vadimzavadskyi\kolektorsdd2-ksdd2\versions\1\train\10512.png,train\10512.png,10512.png,0,normal,gt_mask_empty,val
C:\Users\al774\.cache\kagglehub\datasets\vadimzavadskyi\kolektorsdd2-ksdd2\versions\1\train\10513.png,train\10513.png,10513.png,0,normal,gt_mask_empty,val
C:\Users\al774\.cache\kagglehub\datasets\vadimzavadskyi\kolektorsdd2-ksdd2\versions\1\train\10514.png,train\10514.png,10514.png,1,defective,gt_mask_defect(max_val=255),train
C:\Users\al774\.cache\kagglehub\datasets\vadimzavadskyi\kolektorsdd2-ksdd2\versions\1\train\10515.png,train\10515.png,10515.png,0,normal,gt_mask_empty,train
C:\Users\al774\.cache\kagglehub\datasets\vadimzavadskyi\kolektorsdd2-ksdd2\versions\1\train\10516.png,train\10516.png,10516.png,1,defective,gt_mask_defect(max_val=255),train
C:\Users\al774\.cache\kagglehub\datasets\vadimzavadskyi\kolektorsdd2-ksdd2\versions\1\train\10517.png,train\10517.png,10517.png,0,normal,gt_mask_empty,train
C:\Users\al774\.cache\kagglehub\datasets\vadimzavadskyi\kolektorsdd2-ksdd2\versions\1\train\10518.png,train\10518.png,10518.png,0,normal,gt_mask_empty,train
C:\Users\al774\.cache\kagglehub\datasets\vadimzavadskyi\kolektorsdd2-ksdd2\versions\1\train\10519.png,train\10519.png,10519.png,0,normal,gt_mask_empty,val
C:\Users\al774\.cache\kagglehub\datasets\vadimzavadskyi\kolektorsdd2-ksdd2\versions\1\train\10520.png,train\10520.png,10520.png,0,normal,gt_mask_empty,train
C:\Users\al774\.cache\kagglehub\datasets\vadimzavadskyi\kolektorsdd2-ksdd2\versions\1\train\10521.png,train\10521.png,10521.png,0,normal,gt_mask_empty,train
C:\Users\al774\.cache\kagglehub\datasets\vadimzavadskyi\kolektorsdd2-ksdd2\versions\1\train\10522.png,train\10522.png,10522.png,0,normal,gt_mask_empty,train
C:\Users\al774\.cache\kagglehub\datasets\vadimzavadskyi\kolektorsdd2-ksdd2\versions\1\train\10523.png,train\10523.png,10523.png,0,normal,gt_mask_empty,train
C:\Users\al774\.cache\kagglehub\datasets\vadimzavadskyi\kolektorsdd2-ksdd2\versions\1\train\10524.png,train\10524.png,10524.png,0,normal,gt_mask_empty,test
C:\Users\al774\.cache\kagglehub\datasets\vadimzavadskyi\kolektorsdd2-ksdd2\versions\1\train\10525.png,train\10525.png,10525.png,0,normal,gt_mask_empty,train
C:\Users\al774\.cache\kagglehub\datasets\vadimzavadskyi\kolektorsdd2-ksdd2\versions\1\train\10526.png,train\10526.png,10526.png,0,normal,gt_mask_empty,val
C:\Users\al774\.cache\kagglehub\datasets\vadimzavadskyi\kolektorsdd2-ksdd2\versions\1\train\10527.png,train\10527.png,10527.png,0,normal,gt_mask_empty,train
C:\Users\al774\.cache\kagglehub\datasets\vadimzavadskyi\kolektorsdd2-ksdd2\versions\1\train\10528.png,train\10528.png,10528.png,0,normal,gt_mask_empty,val
C:\Users\al774\.cache\kagglehub\datasets\vadimzavadskyi\kolektorsdd2-ksdd2\versions\1\train\10529.png,train\10529.png,10529.png,0,normal,gt_mask_empty,train
C:\Users\al774\.cache\kagglehub\datasets\vadimzavadskyi\kolektorsdd2-ksdd2\versions\1\train\10530.png,train\10530.png,10530.png,0,normal,gt_mask_empty,test
C:\Users\al774\.cache\kagglehub\datasets\vadimzavadskyi\kolektorsdd2-ksdd2\versions\1\train\10531.png,train\10531.png,10531.png,0,normal,gt_mask_empty,train
C:\Users\al774\.cache\kagglehub\datasets\vadimzavadskyi\kolektorsdd2-ksdd2\versions\1\train\10532.png,train\10532.png,10532.png,0,normal,gt_mask_empty,val
C:\Users\al774\.cache\kagglehub\datasets\vadimzavadskyi\kolektorsdd2-ksdd2\versions\1\train\10533.png,train\10533.png,10533.png,0,normal,gt_mask_empty,val
C:\Users\al774\.cache\kagglehub\datasets\vadimzavadskyi\kolektorsdd2-ksdd2\versions\1\train\10534.png,train\10534.png,10534.png,0,normal,gt_mask_empty,train
C:\Users\al774\.cache\kagglehub\datasets\vadimzavadskyi\kolektorsdd2-ksdd2\versions\1\train\10535.png,train\10535.png,10535.png,0,normal,gt_mask_empty,train
C:\Users\al774\.cache\kagglehub\datasets\vadimzavadskyi\kolektorsdd2-ksdd2\versions\1\train\10536.png,train\10536.png,10536.png,1,defective,gt_mask_defect(max_val=255),test
C:\Users\al774\.cache\kagglehub\datasets\vadimzavadskyi\kolektorsdd2-ksdd2\versions\1\train\10537.png,train\10537.png,10537.png,0,normal,gt_mask_empty,train
C:\Users\al774\.cache\kagglehub\datasets\vadimzavadskyi\kolektorsdd2-ksdd2\versions\1\train\10538.png,train\10538.png,10538.png,0,normal,gt_mask_empty,train
C:\Users\al774\.cache\kagglehub\datasets\vadimzavadskyi\kolektorsdd2-ksdd2\versions\1\train\10539.png,train\10539.png,10539.png,0,normal,gt_mask_empty,train
C:\Users\al774\.cache\kagglehub\datasets\vadimzavadskyi\kolektorsdd2-ksdd2\versions\1\train\10540.png,train\10540.png,10540.png,0,normal,gt_mask_empty,train
C:\Users\al774\.cache\kagglehub\datasets\vadimzavadskyi\kolektorsdd2-ksdd2\versions\1\train\10541.png,train\10541.png,10541.png,0,normal,gt_mask_empty,train
C:\Users\al774\.cache\kagglehub\datasets\vadimzavadskyi\kolektorsdd2-ksdd2\versions\1\train\10542.png,train\10542.png,10542.png,0,normal,gt_mask_empty,train
C:\Users\al774\.cache\kagglehub\datasets\vadimzavadskyi\kolektorsdd2-ksdd2\versions\1\train\10543.png,train\10543.png,10543.png,0,normal,gt_mask_empty,train
C:\Users\al774\.cache\kagglehub\datasets\vadimzavadskyi\kolektorsdd2-ksdd2\versions\1\train\10544.png,train\10544.png,10544.png,0,normal,gt_mask_empty,train
C:\Users\al774\.cache\kagglehub\datasets\vadimzavadskyi\kolektorsdd2-ksdd2\versions\1\train\10545.png,train\10545.png,10545.png,0,normal,gt_mask_empty,train
C:\Users\al774\.cache\kagglehub\datasets\vadimzavadskyi\kolektorsdd2-ksdd2\versions\1\train\10546.png,train\10546.png,10546.png,0,normal,gt_mask_empty,val
C:\Users\al774\.cache\kagglehub\datasets\vadimzavadskyi\kolektorsdd2-ksdd2\versions\1\train\10547.png,train\10547.png,10547.png,0,normal,gt_mask_empty,train
C:\Users\al774\.cache\kagglehub\datasets\vadimzavadskyi\kolektorsdd2-ksdd2\versions\1\train\10548.png,train\10548.png,10548.png,0,normal,gt_mask_empty,train
C:\Users\al774\.cache\kagglehub\datasets\vadimzavadskyi\kolektorsdd2-ksdd2\versions\1\train\10549.png,train\10549.png,10549.png,0,normal,gt_mask_empty,train
C:\Users\al774\.cache\kagglehub\datasets\vadimzavadskyi\kolektorsdd2-ksdd2\versions\1\train\10550.png,train\10550.png,10550.png,0,normal,gt_mask_empty,val
C:\Users\al774\.cache\kagglehub\datasets\vadimzavadskyi\kolektorsdd2-ksdd2\versions\1\train\10551.png,train\10551.png,10551.png,0,normal,gt_mask_empty,train
C:\Users\al774\.cache\kagglehub\datasets\vadimzavadskyi\kolektorsdd2-ksdd2\versions\1\train\10552.png,train\10552.png,10552.png,0,normal,gt_mask_empty,test
C:\Users\al774\.cache\kagglehub\datasets\vadimzavadskyi\kolektorsdd2-ksdd2\versions\1\train\10553.png,train\10553.png,10553.png,0,normal,gt_mask_empty,train
C:\Users\al774\.cache\kagglehub\datasets\vadimzavadskyi\kolektorsdd2-ksdd2\versions\1\train\10554.png,train\10554.png,10554.png,1,defective,gt_mask_defect(max_val=255),train
C:\Users\al774\.cache\kagglehub\datasets\vadimzavadskyi\kolektorsdd2-ksdd2\versions\1\train\10555.png,train\10555.png,10555.png,0,normal,gt_mask_empty,train
C:\Users\al774\.cache\kagglehub\datasets\vadimzavadskyi\kolektorsdd2-ksdd2\versions\1\train\10556.png,train\10556.png,10556.png,0,normal,gt_mask_empty,train
C:\Users\al774\.cache\kagglehub\datasets\vadimzavadskyi\kolektorsdd2-ksdd2\versions\1\train\10557.png,train\10557.png,10557.png,1,defective,gt_mask_defect(max_val=255),train
C:\Users\al774\.cache\kagglehub\datasets\vadimzavadskyi\kolektorsdd2-ksdd2\versions\1\train\10558.png,train\10558.png,10558.png,0,normal,gt_mask_empty,train
C:\Users\al774\.cache\kagglehub\datasets\vadimzavadskyi\kolektorsdd2-ksdd2\versions\1\train\10559.png,train\10559.png,10559.png,0,normal,gt_mask_empty,train
C:\Users\al774\.cache\kagglehub\datasets\vadimzavadskyi\kolektorsdd2-ksdd2\versions\1\train\10560.png,train\10560.png,10560.png,0,normal,gt_mask_empty,val
C:\Users\al774\.cache\kagglehub\datasets\vadimzavadskyi\kolektorsdd2-ksdd2\versions\1\train\10561.png,train\10561.png,10561.png,0,normal,gt_mask_empty,train
C:\Users\al774\.cache\kagglehub\datasets\vadimzavadskyi\kolektorsdd2-ksdd2\versions\1\train\10562.png,train\10562.png,10562.png,0,normal,gt_mask_empty,train
C:\Users\al774\.cache\kagglehub\datasets\vadimzavadskyi\kolektorsdd2-ksdd2\versions\1\train\10563.png,train\10563.png,10563.png,0,normal,gt_mask_empty,train
C:\Users\al774\.cache\kagglehub\datasets\vadimzavadskyi\kolektorsdd2-ksdd2\versions\1\train\10564.png,train\10564.png,10564.png,0,normal,gt_mask_empty,test
C:\Users\al774\.cache\kagglehub\datasets\vadimzavadskyi\kolektorsdd2-ksdd2\versions\1\train\10565.png,train\10565.png,10565.png,0,normal,gt_mask_empty,train
C:\Users\al774\.cache\kagglehub\datasets\vadimzavadskyi\kolektorsdd2-ksdd2\versions\1\train\10566.png,train\10566.png,10566.png,0,normal,gt_mask_empty,train
C:\Users\al774\.cache\kagglehub\datasets\vadimzavadskyi\kolektorsdd2-ksdd2\versions\1\train\10567.png,train\10567.png,10567.png,0,normal,gt_mask_empty,train
C:\Users\al774\.cache\kagglehub\datasets\vadimzavadskyi\kolektorsdd2-ksdd2\versions\1\train\10568.png,train\10568.png,10568.png,0,normal,gt_mask_empty,train
C:\Users\al774\.cache\kagglehub\datasets\vadimzavadskyi\kolektorsdd2-ksdd2\versions\1\train\10569.png,train\10569.png,10569.png,1,defective,gt_mask_defect(max_val=255),train
C:\Users\al774\.cache\kagglehub\datasets\vadimzavadskyi\kolektorsdd2-ksdd2\versions\1\train\10570.png,train\10570.png,10570.png,0,normal,gt_mask_empty,train
C:\Users\al774\.cache\kagglehub\datasets\vadimzavadskyi\kolektorsdd2-ksdd2\versions\1\train\10571.png,train\10571.png,10571.png,0,normal,gt_mask_empty,train
C:\Users\al774\.cache\kagglehub\datasets\vadimzavadskyi\kolektorsdd2-ksdd2\versions\1\train\10572.png,train\10572.png,10572.png,0,normal,gt_mask_empty,train
C:\Users\al774\.cache\kagglehub\datasets\vadimzavadskyi\kolektorsdd2-ksdd2\versions\1\train\10573.png,train\10573.png,10573.png,0,normal,gt_mask_empty,test
C:\Users\al774\.cache\kagglehub\datasets\vadimzavadskyi\kolektorsdd2-ksdd2\versions\1\train\10574.png,train\10574.png,10574.png,1,defective,gt_mask_defect(max_val=255),test
C:\Users\al774\.cache\kagglehub\datasets\vadimzavadskyi\kolektorsdd2-ksdd2\versions\1\train\10575.png,train\10575.png,10575.png,0,normal,gt_mask_empty,val
C:\Users\al774\.cache\kagglehub\datasets\vadimzavadskyi\kolektorsdd2-ksdd2\versions\1\train\10576.png,train\10576.png,10576.png,0,normal,gt_mask_empty,train
C:\Users\al774\.cache\kagglehub\datasets\vadimzavadskyi\kolektorsdd2-ksdd2\versions\1\train\10577.png,train\10577.png,10577.png,0,normal,gt_mask_empty,train
C:\Users\al774\.cache\kagglehub\datasets\vadimzavadskyi\kolektorsdd2-ksdd2\versions\1\train\10578.png,train\10578.png,10578.png,0,normal,gt_mask_empty,train
C:\Users\al774\.cache\kagglehub\datasets\vadimzavadskyi\kolektorsdd2-ksdd2\versions\1\train\10579.png,train\10579.png,10579.png,0,normal,gt_mask_empty,train
C:\Users\al774\.cache\kagglehub\datasets\vadimzavadskyi\kolektorsdd2-ksdd2\versions\1\train\10580.png,train\10580.png,10580.png,0,normal,gt_mask_empty,train
C:\Users\al774\.cache\kagglehub\datasets\vadimzavadskyi\kolektorsdd2-ksdd2\versions\1\train\10581.png,train\10581.png,10581.png,0,normal,gt_mask_empty,val
C:\Users\al774\.cache\kagglehub\datasets\vadimzavadskyi\kolektorsdd2-ksdd2\versions\1\train\10582.png,train\10582.png,10582.png,0,normal,gt_mask_empty,val
C:\Users\al774\.cache\kagglehub\datasets\vadimzavadskyi\kolektorsdd2-ksdd2\versions\1\train\10583.png,train\10583.png,10583.png,1,defective,gt_mask_defect(max_val=255),test
C:\Users\al774\.cache\kagglehub\datasets\vadimzavadskyi\kolektorsdd2-ksdd2\versions\1\train\10584.png,train\10584.png,10584.png,0,normal,gt_mask_empty,train
C:\Users\al774\.cache\kagglehub\datasets\vadimzavadskyi\kolektorsdd2-ksdd2\versions\1\train\10585.png,train\10585.png,10585.png,1,defective,gt_mask_defect(max_val=255),train
C:\Users\al774\.cache\kagglehub\datasets\vadimzavadskyi\kolektorsdd2-ksdd2\versions\1\train\10586.png,train\10586.png,10586.png,0,normal,gt_mask_empty,train
C:\Users\al774\.cache\kagglehub\datasets\vadimzavadskyi\kolektorsdd2-ksdd2\versions\1\train\10587.png,train\10587.png,10587.png,0,normal,gt_mask_empty,train
C:\Users\al774\.cache\kagglehub\datasets\vadimzavadskyi\kolektorsdd2-ksdd2\versions\1\train\10588.png,train\10588.png,10588.png,0,normal,gt_mask_empty,train
C:\Users\al774\.cache\kagglehub\datasets\vadimzavadskyi\kolektorsdd2-ksdd2\versions\1\train\10589.png,train\10589.png,10589.png,0,normal,gt_mask_empty,train
C:\Users\al774\.cache\kagglehub\datasets\vadimzavadskyi\kolektorsdd2-ksdd2\versions\1\train\10590.png,train\10590.png,10590.png,0,normal,gt_mask_empty,train
C:\Users\al774\.cache\kagglehub\datasets\vadimzavadskyi\kolektorsdd2-ksdd2\versions\1\train\10591.png,train\10591.png,10591.png,0,normal,gt_mask_empty,train
C:\Users\al774\.cache\kagglehub\datasets\vadimzavadskyi\kolektorsdd2-ksdd2\versions\1\train\10592.png,train\10592.png,10592.png,0,normal,gt_mask_empty,train
C:\Users\al774\.cache\kagglehub\datasets\vadimzavadskyi\kolektorsdd2-ksdd2\versions\1\train\10593.png,train\10593.png,10593.png,0,normal,gt_mask_empty,train
C:\Users\al774\.cache\kagglehub\datasets\vadimzavadskyi\kolektorsdd2-ksdd2\versions\1\train\10594.png,train\10594.png,10594.png,0,normal,gt_mask_empty,train
C:\Users\al774\.cache\kagglehub\datasets\vadimzavadskyi\kolektorsdd2-ksdd2\versions\1\train\10595.png,train\10595.png,10595.png,0,normal,gt_mask_empty,train
C:\Users\al774\.cache\kagglehub\datasets\vadimzavadskyi\kolektorsdd2-ksdd2\versions\1\train\10596.png,train\10596.png,10596.png,0,normal,gt_mask_empty,test
C:\Users\al774\.cache\kagglehub\datasets\vadimzavadskyi\kolektorsdd2-ksdd2\versions\1\train\10597.png,train\10597.png,10597.png,0,normal,gt_mask_empty,train
C:\Users\al774\.cache\kagglehub\datasets\vadimzavadskyi\kolektorsdd2-ksdd2\versions\1\train\10598.png,train\10598.png,10598.png,0,normal,gt_mask_empty,train
C:\Users\al774\.cache\kagglehub\datasets\vadimzavadskyi\kolektorsdd2-ksdd2\versions\1\train\10599.png,train\10599.png,10599.png,0,normal,gt_mask_empty,train
C:\Users\al774\.cache\kagglehub\datasets\vadimzavadskyi\kolektorsdd2-ksdd2\versions\1\train\10600.png,train\10600.png,10600.png,0,normal,gt_mask_empty,train
C:\Users\al774\.cache\kagglehub\datasets\vadimzavadskyi\kolektorsdd2-ksdd2\versions\1\train\10601.png,train\10601.png,10601.png,0,normal,gt_mask_empty,test
C:\Users\al774\.cache\kagglehub\datasets\vadimzavadskyi\kolektorsdd2-ksdd2\versions\1\train\10602.png,train\10602.png,10602.png,1,defective,gt_mask_defect(max_val=255),test
C:\Users\al774\.cache\kagglehub\datasets\vadimzavadskyi\kolektorsdd2-ksdd2\versions\1\train\10603.png,train\10603.png,10603.png,0,normal,gt_mask_empty,val
C:\Users\al774\.cache\kagglehub\datasets\vadimzavadskyi\kolektorsdd2-ksdd2\versions\1\train\10604.png,train\10604.png,10604.png,0,normal,gt_mask_empty,train
C:\Users\al774\.cache\kagglehub\datasets\vadimzavadskyi\kolektorsdd2-ksdd2\versions\1\train\10605.png,train\10605.png,10605.png,0,normal,gt_mask_empty,train
C:\Users\al774\.cache\kagglehub\datasets\vadimzavadskyi\kolektorsdd2-ksdd2\versions\1\train\10606.png,train\10606.png,10606.png,0,normal,gt_mask_empty,train
C:\Users\al774\.cache\kagglehub\datasets\vadimzavadskyi\kolektorsdd2-ksdd2\versions\1\train\10607.png,train\10607.png,10607.png,0,normal,gt_mask_empty,test
C:\Users\al774\.cache\kagglehub\datasets\vadimzavadskyi\kolektorsdd2-ksdd2\versions\1\train\10608.png,train\10608.png,10608.png,0,normal,gt_mask_empty,val
C:\Users\al774\.cache\kagglehub\datasets\vadimzavadskyi\kolektorsdd2-ksdd2\versions\1\train\10609.png,train\10609.png,10609.png,0,normal,gt_mask_empty,test
C:\Users\al774\.cache\kagglehub\datasets\vadimzavadskyi\kolektorsdd2-ksdd2\versions\1\train\10610.png,train\10610.png,10610.png,0,normal,gt_mask_empty,train
C:\Users\al774\.cache\kagglehub\datasets\vadimzavadskyi\kolektorsdd2-ksdd2\versions\1\train\10611.png,train\10611.png,10611.png,0,normal,gt_mask_empty,train
C:\Users\al774\.cache\kagglehub\datasets\vadimzavadskyi\kolektorsdd2-ksdd2\versions\1\train\10612.png,train\10612.png,10612.png,1,defective,gt_mask_defect(max_val=255),train
C:\Users\al774\.cache\kagglehub\datasets\vadimzavadskyi\kolektorsdd2-ksdd2\versions\1\train\10613.png,train\10613.png,10613.png,0,normal,gt_mask_empty,val
C:\Users\al774\.cache\kagglehub\datasets\vadimzavadskyi\kolektorsdd2-ksdd2\versions\1\train\10614.png,train\10614.png,10614.png,0,normal,gt_mask_empty,train
C:\Users\al774\.cache\kagglehub\datasets\vadimzavadskyi\kolektorsdd2-ksdd2\versions\1\train\10615.png,train\10615.png,10615.png,0,normal,gt_mask_empty,val
C:\Users\al774\.cache\kagglehub\datasets\vadimzavadskyi\kolektorsdd2-ksdd2\versions\1\train\10616.png,train\10616.png,10616.png,0,normal,gt_mask_empty,train
C:\Users\al774\.cache\kagglehub\datasets\vadimzavadskyi\kolektorsdd2-ksdd2\versions\1\train\10617.png,train\10617.png,10617.png,0,normal,gt_mask_empty,train
C:\Users\al774\.cache\kagglehub\datasets\vadimzavadskyi\kolektorsdd2-ksdd2\versions\1\train\10618.png,train\10618.png,10618.png,1,defective,gt_mask_defect(max_val=255),train
C:\Users\al774\.cache\kagglehub\datasets\vadimzavadskyi\kolektorsdd2-ksdd2\versions\1\train\10619.png,train\10619.png,10619.png,0,normal,gt_mask_empty,train
C:\Users\al774\.cache\kagglehub\datasets\vadimzavadskyi\kolektorsdd2-ksdd2\versions\1\train\10620.png,train\10620.png,10620.png,0,normal,gt_mask_empty,train
C:\Users\al774\.cache\kagglehub\datasets\vadimzavadskyi\kolektorsdd2-ksdd2\versions\1\train\10621.png,train\10621.png,10621.png,0,normal,gt_mask_empty,train
C:\Users\al774\.cache\kagglehub\datasets\vadimzavadskyi\kolektorsdd2-ksdd2\versions\1\train\10622.png,train\10622.png,10622.png,0,normal,gt_mask_empty,train
C:\Users\al774\.cache\kagglehub\datasets\vadimzavadskyi\kolektorsdd2-ksdd2\versions\1\train\10623.png,train\10623.png,10623.png,0,normal,gt_mask_empty,train
C:\Users\al774\.cache\kagglehub\datasets\vadimzavadskyi\kolektorsdd2-ksdd2\versions\1\train\10624.png,train\10624.png,10624.png,0,normal,gt_mask_empty,train
C:\Users\al774\.cache\kagglehub\datasets\vadimzavadskyi\kolektorsdd2-ksdd2\versions\1\train\10625.png,train\10625.png,10625.png,0,normal,gt_mask_empty,train
C:\Users\al774\.cache\kagglehub\datasets\vadimzavadskyi\kolektorsdd2-ksdd2\versions\1\train\10626.png,train\10626.png,10626.png,0,normal,gt_mask_empty,train
C:\Users\al774\.cache\kagglehub\datasets\vadimzavadskyi\kolektorsdd2-ksdd2\versions\1\train\10627.png,train\10627.png,10627.png,0,normal,gt_mask_empty,train
C:\Users\al774\.cache\kagglehub\datasets\vadimzavadskyi\kolektorsdd2-ksdd2\versions\1\train\10628.png,train\10628.png,10628.png,1,defective,gt_mask_defect(max_val=255),train
C:\Users\al774\.cache\kagglehub\datasets\vadimzavadskyi\kolektorsdd2-ksdd2\versions\1\train\10629.png,train\10629.png,10629.png,0,normal,gt_mask_empty,train
C:\Users\al774\.cache\kagglehub\datasets\vadimzavadskyi\kolektorsdd2-ksdd2\versions\1\train\10630.png,train\10630.png,10630.png,0,normal,gt_mask_empty,test
C:\Users\al774\.cache\kagglehub\datasets\vadimzavadskyi\kolektorsdd2-ksdd2\versions\1\train\10631.png,train\10631.png,10631.png,0,normal,gt_mask_empty,train
C:\Users\al774\.cache\kagglehub\datasets\vadimzavadskyi\kolektorsdd2-ksdd2\versions\1\train\10632.png,train\10632.png,10632.png,0,normal,gt_mask_empty,val
C:\Users\al774\.cache\kagglehub\datasets\vadimzavadskyi\kolektorsdd2-ksdd2\versions\1\train\10633.png,train\10633.png,10633.png,0,normal,gt_mask_empty,train
C:\Users\al774\.cache\kagglehub\datasets\vadimzavadskyi\kolektorsdd2-ksdd2\versions\1\train\10634.png,train\10634.png,10634.png,0,normal,gt_mask_empty,train
C:\Users\al774\.cache\kagglehub\datasets\vadimzavadskyi\kolektorsdd2-ksdd2\versions\1\train\10635.png,train\10635.png,10635.png,0,normal,gt_mask_empty,train
C:\Users\al774\.cache\kagglehub\datasets\vadimzavadskyi\kolektorsdd2-ksdd2\versions\1\train\10636.png,train\10636.png,10636.png,0,normal,gt_mask_empty,test
C:\Users\al774\.cache\kagglehub\datasets\vadimzavadskyi\kolektorsdd2-ksdd2\versions\1\train\10637.png,train\10637.png,10637.png,1,defective,gt_mask_defect(max_val=255),train
C:\Users\al774\.cache\kagglehub\datasets\vadimzavadskyi\kolektorsdd2-ksdd2\versions\1\train\10638.png,train\10638.png,10638.png,1,defective,gt_mask_defect(max_val=255),train
C:\Users\al774\.cache\kagglehub\datasets\vadimzavadskyi\kolektorsdd2-ksdd2\versions\1\train\10639.png,train\10639.png,10639.png,0,normal,gt_mask_empty,train
C:\Users\al774\.cache\kagglehub\datasets\vadimzavadskyi\kolektorsdd2-ksdd2\versions\1\train\10640.png,train\10640.png,10640.png,0,normal,gt_mask_empty,train
C:\Users\al774\.cache\kagglehub\datasets\vadimzavadskyi\kolektorsdd2-ksdd2\versions\1\train\10641.png,train\10641.png,10641.png,0,normal,gt_mask_empty,train
C:\Users\al774\.cache\kagglehub\datasets\vadimzavadskyi\kolektorsdd2-ksdd2\versions\1\train\10642.png,train\10642.png,10642.png,0,normal,gt_mask_empty,train
C:\Users\al774\.cache\kagglehub\datasets\vadimzavadskyi\kolektorsdd2-ksdd2\versions\1\train\10643.png,train\10643.png,10643.png,0,normal,gt_mask_empty,test
C:\Users\al774\.cache\kagglehub\datasets\vadimzavadskyi\kolektorsdd2-ksdd2\versions\1\train\10644.png,train\10644.png,10644.png,0,normal,gt_mask_empty,test
C:\Users\al774\.cache\kagglehub\datasets\vadimzavadskyi\kolektorsdd2-ksdd2\versions\1\train\10645.png,train\10645.png,10645.png,0,normal,gt_mask_empty,train
C:\Users\al774\.cache\kagglehub\datasets\vadimzavadskyi\kolektorsdd2-ksdd2\versions\1\train\10646.png,train\10646.png,10646.png,0,normal,gt_mask_empty,train
C:\Users\al774\.cache\kagglehub\datasets\vadimzavadskyi\kolektorsdd2-ksdd2\versions\1\train\10647.png,train\10647.png,10647.png,1,defective,gt_mask_defect(max_val=255),train
C:\Users\al774\.cache\kagglehub\datasets\vadimzavadskyi\kolektorsdd2-ksdd2\versions\1\train\10648.png,train\10648.png,10648.png,1,defective,gt_mask_defect(max_val=255),train
C:\Users\al774\.cache\kagglehub\datasets\vadimzavadskyi\kolektorsdd2-ksdd2\versions\1\train\10649.png,train\10649.png,10649.png,0,normal,gt_mask_empty,val
C:\Users\al774\.cache\kagglehub\datasets\vadimzavadskyi\kolektorsdd2-ksdd2\versions\1\train\10650.png,train\10650.png,10650.png,0,normal,gt_mask_empty,train
C:\Users\al774\.cache\kagglehub\datasets\vadimzavadskyi\kolektorsdd2-ksdd2\versions\1\train\10651.png,train\10651.png,10651.png,0,normal,gt_mask_empty,train
C:\Users\al774\.cache\kagglehub\datasets\vadimzavadskyi\kolektorsdd2-ksdd2\versions\1\train\10652.png,train\10652.png,10652.png,0,normal,gt_mask_empty,train
C:\Users\al774\.cache\kagglehub\datasets\vadimzavadskyi\kolektorsdd2-ksdd2\versions\1\train\10653.png,train\10653.png,10653.png,0,normal,gt_mask_empty,train
C:\Users\al774\.cache\kagglehub\datasets\vadimzavadskyi\kolektorsdd2-ksdd2\versions\1\train\10654.png,train\10654.png,10654.png,1,defective,gt_mask_defect(max_val=255),test
C:\Users\al774\.cache\kagglehub\datasets\vadimzavadskyi\kolektorsdd2-ksdd2\versions\1\train\10655.png,train\10655.png,10655.png,0,normal,gt_mask_empty,test
C:\Users\al774\.cache\kagglehub\datasets\vadimzavadskyi\kolektorsdd2-ksdd2\versions\1\train\10656.png,train\10656.png,10656.png,0,normal,gt_mask_empty,test
C:\Users\al774\.cache\kagglehub\datasets\vadimzavadskyi\kolektorsdd2-ksdd2\versions\1\train\10657.png,train\10657.png,10657.png,0,normal,gt_mask_empty,train
C:\Users\al774\.cache\kagglehub\datasets\vadimzavadskyi\kolektorsdd2-ksdd2\versions\1\train\10658.png,train\10658.png,10658.png,0,normal,gt_mask_empty,train
C:\Users\al774\.cache\kagglehub\datasets\vadimzavadskyi\kolektorsdd2-ksdd2\versions\1\train\10659.png,train\10659.png,10659.png,1,defective,gt_mask_defect(max_val=255),train
C:\Users\al774\.cache\kagglehub\datasets\vadimzavadskyi\kolektorsdd2-ksdd2\versions\1\train\10660.png,train\10660.png,10660.png,0,normal,gt_mask_empty,test
C:\Users\al774\.cache\kagglehub\datasets\vadimzavadskyi\kolektorsdd2-ksdd2\versions\1\train\10661.png,train\10661.png,10661.png,1,defective,gt_mask_defect(max_val=255),train
C:\Users\al774\.cache\kagglehub\datasets\vadimzavadskyi\kolektorsdd2-ksdd2\versions\1\train\10662.png,train\10662.png,10662.png,0,normal,gt_mask_empty,train
C:\Users\al774\.cache\kagglehub\datasets\vadimzavadskyi\kolektorsdd2-ksdd2\versions\1\train\10663.png,train\10663.png,10663.png,1,defective,gt_mask_defect(max_val=255),train
C:\Users\al774\.cache\kagglehub\datasets\vadimzavadskyi\kolektorsdd2-ksdd2\versions\1\train\10664.png,train\10664.png,10664.png,0,normal,gt_mask_empty,test
C:\Users\al774\.cache\kagglehub\datasets\vadimzavadskyi\kolektorsdd2-ksdd2\versions\1\train\10665.png,train\10665.png,10665.png,0,normal,gt_mask_empty,val
C:\Users\al774\.cache\kagglehub\datasets\vadimzavadskyi\kolektorsdd2-ksdd2\versions\1\train\10666.png,train\10666.png,10666.png,0,normal,gt_mask_empty,train
C:\Users\al774\.cache\kagglehub\datasets\vadimzavadskyi\kolektorsdd2-ksdd2\versions\1\train\10667.png,train\10667.png,10667.png,0,normal,gt_mask_empty,train
C:\Users\al774\.cache\kagglehub\datasets\vadimzavadskyi\kolektorsdd2-ksdd2\versions\1\train\10668.png,train\10668.png,10668.png,0,normal,gt_mask_empty,train
C:\Users\al774\.cache\kagglehub\datasets\vadimzavadskyi\kolektorsdd2-ksdd2\versions\1\train\10669.png,train\10669.png,10669.png,0,normal,gt_mask_empty,val
C:\Users\al774\.cache\kagglehub\datasets\vadimzavadskyi\kolektorsdd2-ksdd2\versions\1\train\10670.png,train\10670.png,10670.png,0,normal,gt_mask_empty,train
C:\Users\al774\.cache\kagglehub\datasets\vadimzavadskyi\kolektorsdd2-ksdd2\versions\1\train\10671.png,train\10671.png,10671.png,0,normal,gt_mask_empty,train
C:\Users\al774\.cache\kagglehub\datasets\vadimzavadskyi\kolektorsdd2-ksdd2\versions\1\train\10672.png,train\10672.png,10672.png,1,defective,gt_mask_defect(max_val=255),train
C:\Users\al774\.cache\kagglehub\datasets\vadimzavadskyi\kolektorsdd2-ksdd2\versions\1\train\10673.png,train\10673.png,10673.png,0,normal,gt_mask_empty,val
C:\Users\al774\.cache\kagglehub\datasets\vadimzavadskyi\kolektorsdd2-ksdd2\versions\1\train\10674.png,train\10674.png,10674.png,0,normal,gt_mask_empty,test
C:\Users\al774\.cache\kagglehub\datasets\vadimzavadskyi\kolektorsdd2-ksdd2\versions\1\train\10675.png,train\10675.png,10675.png,0,normal,gt_mask_empty,train
C:\Users\al774\.cache\kagglehub\datasets\vadimzavadskyi\kolektorsdd2-ksdd2\versions\1\train\10676.png,train\10676.png,10676.png,0,normal,gt_mask_empty,test
C:\Users\al774\.cache\kagglehub\datasets\vadimzavadskyi\kolektorsdd2-ksdd2\versions\1\train\10677.png,train\10677.png,10677.png,1,defective,gt_mask_defect(max_val=255),train
C:\Users\al774\.cache\kagglehub\datasets\vadimzavadskyi\kolektorsdd2-ksdd2\versions\1\train\10678.png,train\10678.png,10678.png,1,defective,gt_mask_defect(max_val=255),train
C:\Users\al774\.cache\kagglehub\datasets\vadimzavadskyi\kolektorsdd2-ksdd2\versions\1\train\10679.png,train\10679.png,10679.png,0,normal,gt_mask_empty,val
C:\Users\al774\.cache\kagglehub\datasets\vadimzavadskyi\kolektorsdd2-ksdd2\versions\1\train\10680.png,train\10680.png,10680.png,0,normal,gt_mask_empty,train
C:\Users\al774\.cache\kagglehub\datasets\vadimzavadskyi\kolektorsdd2-ksdd2\versions\1\train\10681.png,train\10681.png,10681.png,0,normal,gt_mask_empty,train
C:\Users\al774\.cache\kagglehub\datasets\vadimzavadskyi\kolektorsdd2-ksdd2\versions\1\train\10682.png,train\10682.png,10682.png,0,normal,gt_mask_empty,train
C:\Users\al774\.cache\kagglehub\datasets\vadimzavadskyi\kolektorsdd2-ksdd2\versions\1\train\10683.png,train\10683.png,10683.png,0,normal,gt_mask_empty,test
C:\Users\al774\.cache\kagglehub\datasets\vadimzavadskyi\kolektorsdd2-ksdd2\versions\1\train\10684.png,train\10684.png,10684.png,0,normal,gt_mask_empty,train
C:\Users\al774\.cache\kagglehub\datasets\vadimzavadskyi\kolektorsdd2-ksdd2\versions\1\train\10685.png,train\10685.png,10685.png,0,normal,gt_mask_empty,train
C:\Users\al774\.cache\kagglehub\datasets\vadimzavadskyi\kolektorsdd2-ksdd2\versions\1\train\10686.png,train\10686.png,10686.png,0,normal,gt_mask_empty,train
C:\Users\al774\.cache\kagglehub\datasets\vadimzavadskyi\kolektorsdd2-ksdd2\versions\1\train\10687.png,train\10687.png,10687.png,0,normal,gt_mask_empty,test
C:\Users\al774\.cache\kagglehub\datasets\vadimzavadskyi\kolektorsdd2-ksdd2\versions\1\train\10688.png,train\10688.png,10688.png,0,normal,gt_mask_empty,train
C:\Users\al774\.cache\kagglehub\datasets\vadimzavadskyi\kolektorsdd2-ksdd2\versions\1\train\10689.png,train\10689.png,10689.png,0,normal,gt_mask_empty,train
C:\Users\al774\.cache\kagglehub\datasets\vadimzavadskyi\kolektorsdd2-ksdd2\versions\1\train\10690.png,train\10690.png,10690.png,0,normal,gt_mask_empty,train
C:\Users\al774\.cache\kagglehub\datasets\vadimzavadskyi\kolektorsdd2-ksdd2\versions\1\train\10691.png,train\10691.png,10691.png,0,normal,gt_mask_empty,train
C:\Users\al774\.cache\kagglehub\datasets\vadimzavadskyi\kolektorsdd2-ksdd2\versions\1\train\10692.png,train\10692.png,10692.png,0,normal,gt_mask_empty,train
C:\Users\al774\.cache\kagglehub\datasets\vadimzavadskyi\kolektorsdd2-ksdd2\versions\1\train\10693.png,train\10693.png,10693.png,0,normal,gt_mask_empty,train
C:\Users\al774\.cache\kagglehub\datasets\vadimzavadskyi\kolektorsdd2-ksdd2\versions\1\train\10694.png,train\10694.png,10694.png,0,normal,gt_mask_empty,train
C:\Users\al774\.cache\kagglehub\datasets\vadimzavadskyi\kolektorsdd2-ksdd2\versions\1\train\10695.png,train\10695.png,10695.png,1,defective,gt_mask_defect(max_val=255),test
C:\Users\al774\.cache\kagglehub\datasets\vadimzavadskyi\kolektorsdd2-ksdd2\versions\1\train\10696.png,train\10696.png,10696.png,0,normal,gt_mask_empty,train
C:\Users\al774\.cache\kagglehub\datasets\vadimzavadskyi\kolektorsdd2-ksdd2\versions\1\train\10697.png,train\10697.png,10697.png,0,normal,gt_mask_empty,train
C:\Users\al774\.cache\kagglehub\datasets\vadimzavadskyi\kolektorsdd2-ksdd2\versions\1\train\10698.png,train\10698.png,10698.png,0,normal,gt_mask_empty,train
C:\Users\al774\.cache\kagglehub\datasets\vadimzavadskyi\kolektorsdd2-ksdd2\versions\1\train\10699.png,train\10699.png,10699.png,0,normal,gt_mask_empty,val
C:\Users\al774\.cache\kagglehub\datasets\vadimzavadskyi\kolektorsdd2-ksdd2\versions\1\train\10700.png,train\10700.png,10700.png,0,normal,gt_mask_empty,test
C:\Users\al774\.cache\kagglehub\datasets\vadimzavadskyi\kolektorsdd2-ksdd2\versions\1\train\10701.png,train\10701.png,10701.png,0,normal,gt_mask_empty,train
C:\Users\al774\.cache\kagglehub\datasets\vadimzavadskyi\kolektorsdd2-ksdd2\versions\1\train\10702.png,train\10702.png,10702.png,0,normal,gt_mask_empty,train
C:\Users\al774\.cache\kagglehub\datasets\vadimzavadskyi\kolektorsdd2-ksdd2\versions\1\train\10703.png,train\10703.png,10703.png,0,normal,gt_mask_empty,test
C:\Users\al774\.cache\kagglehub\datasets\vadimzavadskyi\kolektorsdd2-ksdd2\versions\1\train\10704.png,train\10704.png,10704.png,0,normal,gt_mask_empty,test
C:\Users\al774\.cache\kagglehub\datasets\vadimzavadskyi\kolektorsdd2-ksdd2\versions\1\train\10705.png,train\10705.png,10705.png,0,normal,gt_mask_empty,train
C:\Users\al774\.cache\kagglehub\datasets\vadimzavadskyi\kolektorsdd2-ksdd2\versions\1\train\10706.png,train\10706.png,10706.png,0,normal,gt_mask_empty,test
C:\Users\al774\.cache\kagglehub\datasets\vadimzavadskyi\kolektorsdd2-ksdd2\versions\1\train\10707.png,train\10707.png,10707.png,1,defective,gt_mask_defect(max_val=255),val
C:\Users\al774\.cache\kagglehub\datasets\vadimzavadskyi\kolektorsdd2-ksdd2\versions\1\train\10708.png,train\10708.png,10708.png,0,normal,gt_mask_empty,train
C:\Users\al774\.cache\kagglehub\datasets\vadimzavadskyi\kolektorsdd2-ksdd2\versions\1\train\10709.png,train\10709.png,10709.png,0,normal,gt_mask_empty,train
C:\Users\al774\.cache\kagglehub\datasets\vadimzavadskyi\kolektorsdd2-ksdd2\versions\1\train\10710.png,train\10710.png,10710.png,0,normal,gt_mask_empty,train
C:\Users\al774\.cache\kagglehub\datasets\vadimzavadskyi\kolektorsdd2-ksdd2\versions\1\train\10711.png,train\10711.png,10711.png,1,defective,gt_mask_defect(max_val=255),train
C:\Users\al774\.cache\kagglehub\datasets\vadimzavadskyi\kolektorsdd2-ksdd2\versions\1\train\10712.png,train\10712.png,10712.png,1,defective,gt_mask_defect(max_val=255),train
C:\Users\al774\.cache\kagglehub\datasets\vadimzavadskyi\kolektorsdd2-ksdd2\versions\1\train\10713.png,train\10713.png,10713.png,0,normal,gt_mask_empty,test
C:\Users\al774\.cache\kagglehub\datasets\vadimzavadskyi\kolektorsdd2-ksdd2\versions\1\train\10714.png,train\10714.png,10714.png,1,defective,gt_mask_defect(max_val=255),train
C:\Users\al774\.cache\kagglehub\datasets\vadimzavadskyi\kolektorsdd2-ksdd2\versions\1\train\10715.png,train\10715.png,10715.png,0,normal,gt_mask_empty,test
C:\Users\al774\.cache\kagglehub\datasets\vadimzavadskyi\kolektorsdd2-ksdd2\versions\1\train\10716.png,train\10716.png,10716.png,0,normal,gt_mask_empty,test
C:\Users\al774\.cache\kagglehub\datasets\vadimzavadskyi\kolektorsdd2-ksdd2\versions\1\train\10717.png,train\10717.png,10717.png,0,normal,gt_mask_empty,val
C:\Users\al774\.cache\kagglehub\datasets\vadimzavadskyi\kolektorsdd2-ksdd2\versions\1\train\10718.png,train\10718.png,10718.png,0,normal,gt_mask_empty,train
C:\Users\al774\.cache\kagglehub\datasets\vadimzavadskyi\kolektorsdd2-ksdd2\versions\1\train\10719.png,train\10719.png,10719.png,0,normal,gt_mask_empty,val
C:\Users\al774\.cache\kagglehub\datasets\vadimzavadskyi\kolektorsdd2-ksdd2\versions\1\train\10720.png,train\10720.png,10720.png,0,normal,gt_mask_empty,train
C:\Users\al774\.cache\kagglehub\datasets\vadimzavadskyi\kolektorsdd2-ksdd2\versions\1\train\10721.png,train\10721.png,10721.png,0,normal,gt_mask_empty,train
C:\Users\al774\.cache\kagglehub\datasets\vadimzavadskyi\kolektorsdd2-ksdd2\versions\1\train\10722.png,train\10722.png,10722.png,0,normal,gt_mask_empty,test
C:\Users\al774\.cache\kagglehub\datasets\vadimzavadskyi\kolektorsdd2-ksdd2\versions\1\train\10723.png,train\10723.png,10723.png,0,normal,gt_mask_empty,train
C:\Users\al774\.cache\kagglehub\datasets\vadimzavadskyi\kolektorsdd2-ksdd2\versions\1\train\10724.png,train\10724.png,10724.png,0,normal,gt_mask_empty,train
C:\Users\al774\.cache\kagglehub\datasets\vadimzavadskyi\kolektorsdd2-ksdd2\versions\1\train\10725.png,train\10725.png,10725.png,0,normal,gt_mask_empty,train
C:\Users\al774\.cache\kagglehub\datasets\vadimzavadskyi\kolektorsdd2-ksdd2\versions\1\train\10726.png,train\10726.png,10726.png,0,normal,gt_mask_empty,train
C:\Users\al774\.cache\kagglehub\datasets\vadimzavadskyi\kolektorsdd2-ksdd2\versions\1\train\10727.png,train\10727.png,10727.png,1,defective,gt_mask_defect(max_val=255),train
C:\Users\al774\.cache\kagglehub\datasets\vadimzavadskyi\kolektorsdd2-ksdd2\versions\1\train\10728.png,train\10728.png,10728.png,0,normal,gt_mask_empty,train
C:\Users\al774\.cache\kagglehub\datasets\vadimzavadskyi\kolektorsdd2-ksdd2\versions\1\train\10729.png,train\10729.png,10729.png,1,defective,gt_mask_defect(max_val=255),val
C:\Users\al774\.cache\kagglehub\datasets\vadimzavadskyi\kolektorsdd2-ksdd2\versions\1\train\10730.png,train\10730.png,10730.png,0,normal,gt_mask_empty,val
C:\Users\al774\.cache\kagglehub\datasets\vadimzavadskyi\kolektorsdd2-ksdd2\versions\1\train\10731.png,train\10731.png,10731.png,0,normal,gt_mask_empty,val
C:\Users\al774\.cache\kagglehub\datasets\vadimzavadskyi\kolektorsdd2-ksdd2\versions\1\train\10732.png,train\10732.png,10732.png,0,normal,gt_mask_empty,val
C:\Users\al774\.cache\kagglehub\datasets\vadimzavadskyi\kolektorsdd2-ksdd2\versions\1\train\10733.png,train\10733.png,10733.png,0,normal,gt_mask_empty,train
C:\Users\al774\.cache\kagglehub\datasets\vadimzavadskyi\kolektorsdd2-ksdd2\versions\1\train\10734.png,train\10734.png,10734.png,0,normal,gt_mask_empty,train
C:\Users\al774\.cache\kagglehub\datasets\vadimzavadskyi\kolektorsdd2-ksdd2\versions\1\train\10735.png,train\10735.png,10735.png,0,normal,gt_mask_empty,train
C:\Users\al774\.cache\kagglehub\datasets\vadimzavadskyi\kolektorsdd2-ksdd2\versions\1\train\10736.png,train\10736.png,10736.png,0,normal,gt_mask_empty,train
C:\Users\al774\.cache\kagglehub\datasets\vadimzavadskyi\kolektorsdd2-ksdd2\versions\1\train\10737.png,train\10737.png,10737.png,0,normal,gt_mask_empty,train
C:\Users\al774\.cache\kagglehub\datasets\vadimzavadskyi\kolektorsdd2-ksdd2\versions\1\train\10738.png,train\10738.png,10738.png,0,normal,gt_mask_empty,val
C:\Users\al774\.cache\kagglehub\datasets\vadimzavadskyi\kolektorsdd2-ksdd2\versions\1\train\10739.png,train\10739.png,10739.png,0,normal,gt_mask_empty,test
C:\Users\al774\.cache\kagglehub\datasets\vadimzavadskyi\kolektorsdd2-ksdd2\versions\1\train\10740.png,train\10740.png,10740.png,0,normal,gt_mask_empty,train
C:\Users\al774\.cache\kagglehub\datasets\vadimzavadskyi\kolektorsdd2-ksdd2\versions\1\train\10741.png,train\10741.png,10741.png,0,normal,gt_mask_empty,train
C:\Users\al774\.cache\kagglehub\datasets\vadimzavadskyi\kolektorsdd2-ksdd2\versions\1\train\10742.png,train\10742.png,10742.png,0,normal,gt_mask_empty,train
C:\Users\al774\.cache\kagglehub\datasets\vadimzavadskyi\kolektorsdd2-ksdd2\versions\1\train\10743.png,train\10743.png,10743.png,1,defective,gt_mask_defect(max_val=255),train
C:\Users\al774\.cache\kagglehub\datasets\vadimzavadskyi\kolektorsdd2-ksdd2\versions\1\train\10744.png,train\10744.png,10744.png,0,normal,gt_mask_empty,train
C:\Users\al774\.cache\kagglehub\datasets\vadimzavadskyi\kolektorsdd2-ksdd2\versions\1\train\10745.png,train\10745.png,10745.png,0,normal,gt_mask_empty,train
C:\Users\al774\.cache\kagglehub\datasets\vadimzavadskyi\kolektorsdd2-ksdd2\versions\1\train\10746.png,train\10746.png,10746.png,0,normal,gt_mask_empty,test
C:\Users\al774\.cache\kagglehub\datasets\vadimzavadskyi\kolektorsdd2-ksdd2\versions\1\train\10747.png,train\10747.png,10747.png,0,normal,gt_mask_empty,train
C:\Users\al774\.cache\kagglehub\datasets\vadimzavadskyi\kolektorsdd2-ksdd2\versions\1\train\10748.png,train\10748.png,10748.png,0,normal,gt_mask_empty,train
C:\Users\al774\.cache\kagglehub\datasets\vadimzavadskyi\kolektorsdd2-ksdd2\versions\1\train\10749.png,train\10749.png,10749.png,0,normal,gt_mask_empty,train
C:\Users\al774\.cache\kagglehub\datasets\vadimzavadskyi\kolektorsdd2-ksdd2\versions\1\train\10750.png,train\10750.png,10750.png,0,normal,gt_mask_empty,train
C:\Users\al774\.cache\kagglehub\datasets\vadimzavadskyi\kolektorsdd2-ksdd2\versions\1\train\10751.png,train\10751.png,10751.png,0,normal,gt_mask_empty,train
C:\Users\al774\.cache\kagglehub\datasets\vadimzavadskyi\kolektorsdd2-ksdd2\versions\1\train\10752.png,train\10752.png,10752.png,0,normal,gt_mask_empty,train
C:\Users\al774\.cache\kagglehub\datasets\vadimzavadskyi\kolektorsdd2-ksdd2\versions\1\train\10753.png,train\10753.png,10753.png,0,normal,gt_mask_empty,train
C:\Users\al774\.cache\kagglehub\datasets\vadimzavadskyi\kolektorsdd2-ksdd2\versions\1\train\10754.png,train\10754.png,10754.png,0,normal,gt_mask_empty,train
C:\Users\al774\.cache\kagglehub\datasets\vadimzavadskyi\kolektorsdd2-ksdd2\versions\1\train\10755.png,train\10755.png,10755.png,0,normal,gt_mask_empty,train
C:\Users\al774\.cache\kagglehub\datasets\vadimzavadskyi\kolektorsdd2-ksdd2\versions\1\train\10756.png,train\10756.png,10756.png,1,defective,gt_mask_defect(max_val=255),train
C:\Users\al774\.cache\kagglehub\datasets\vadimzavadskyi\kolektorsdd2-ksdd2\versions\1\train\10757.png,train\10757.png,10757.png,0,normal,gt_mask_empty,train
C:\Users\al774\.cache\kagglehub\datasets\vadimzavadskyi\kolektorsdd2-ksdd2\versions\1\train\10758.png,train\10758.png,10758.png,0,normal,gt_mask_empty,train
C:\Users\al774\.cache\kagglehub\datasets\vadimzavadskyi\kolektorsdd2-ksdd2\versions\1\train\10759.png,train\10759.png,10759.png,0,normal,gt_mask_empty,train
C:\Users\al774\.cache\kagglehub\datasets\vadimzavadskyi\kolektorsdd2-ksdd2\versions\1\train\10760.png,train\10760.png,10760.png,0,normal,gt_mask_empty,val
C:\Users\al774\.cache\kagglehub\datasets\vadimzavadskyi\kolektorsdd2-ksdd2\versions\1\train\10761.png,train\10761.png,10761.png,0,normal,gt_mask_empty,train
C:\Users\al774\.cache\kagglehub\datasets\vadimzavadskyi\kolektorsdd2-ksdd2\versions\1\train\10762.png,train\10762.png,10762.png,0,normal,gt_mask_empty,val
C:\Users\al774\.cache\kagglehub\datasets\vadimzavadskyi\kolektorsdd2-ksdd2\versions\1\train\10763.png,train\10763.png,10763.png,0,normal,gt_mask_empty,test
C:\Users\al774\.cache\kagglehub\datasets\vadimzavadskyi\kolektorsdd2-ksdd2\versions\1\train\10764.png,train\10764.png,10764.png,0,normal,gt_mask_empty,train
C:\Users\al774\.cache\kagglehub\datasets\vadimzavadskyi\kolektorsdd2-ksdd2\versions\1\train\10765.png,train\10765.png,10765.png,0,normal,gt_mask_empty,test
C:\Users\al774\.cache\kagglehub\datasets\vadimzavadskyi\kolektorsdd2-ksdd2\versions\1\train\10766.png,train\10766.png,10766.png,0,normal,gt_mask_empty,test
C:\Users\al774\.cache\kagglehub\datasets\vadimzavadskyi\kolektorsdd2-ksdd2\versions\1\train\10767.png,train\10767.png,10767.png,0,normal,gt_mask_empty,train
C:\Users\al774\.cache\kagglehub\datasets\vadimzavadskyi\kolektorsdd2-ksdd2\versions\1\train\10768.png,train\10768.png,10768.png,0,normal,gt_mask_empty,train
C:\Users\al774\.cache\kagglehub\datasets\vadimzavadskyi\kolektorsdd2-ksdd2\versions\1\train\10769.png,train\10769.png,10769.png,0,normal,gt_mask_empty,train
C:\Users\al774\.cache\kagglehub\datasets\vadimzavadskyi\kolektorsdd2-ksdd2\versions\1\train\10770.png,train\10770.png,10770.png,1,defective,gt_mask_defect(max_val=255),train
C:\Users\al774\.cache\kagglehub\datasets\vadimzavadskyi\kolektorsdd2-ksdd2\versions\1\train\10771.png,train\10771.png,10771.png,0,normal,gt_mask_empty,train
C:\Users\al774\.cache\kagglehub\datasets\vadimzavadskyi\kolektorsdd2-ksdd2\versions\1\train\10772.png,train\10772.png,10772.png,0,normal,gt_mask_empty,val
C:\Users\al774\.cache\kagglehub\datasets\vadimzavadskyi\kolektorsdd2-ksdd2\versions\1\train\10773.png,train\10773.png,10773.png,0,normal,gt_mask_empty,train
C:\Users\al774\.cache\kagglehub\datasets\vadimzavadskyi\kolektorsdd2-ksdd2\versions\1\train\10774.png,train\10774.png,10774.png,1,defective,gt_mask_defect(max_val=255),train
C:\Users\al774\.cache\kagglehub\datasets\vadimzavadskyi\kolektorsdd2-ksdd2\versions\1\train\10775.png,train\10775.png,10775.png,0,normal,gt_mask_empty,test
C:\Users\al774\.cache\kagglehub\datasets\vadimzavadskyi\kolektorsdd2-ksdd2\versions\1\train\10776.png,train\10776.png,10776.png,0,normal,gt_mask_empty,train
C:\Users\al774\.cache\kagglehub\datasets\vadimzavadskyi\kolektorsdd2-ksdd2\versions\1\train\10777.png,train\10777.png,10777.png,0,normal,gt_mask_empty,train
C:\Users\al774\.cache\kagglehub\datasets\vadimzavadskyi\kolektorsdd2-ksdd2\versions\1\train\10778.png,train\10778.png,10778.png,0,normal,gt_mask_empty,train
C:\Users\al774\.cache\kagglehub\datasets\vadimzavadskyi\kolektorsdd2-ksdd2\versions\1\train\10779.png,train\10779.png,10779.png,0,normal,gt_mask_empty,test
C:\Users\al774\.cache\kagglehub\datasets\vadimzavadskyi\kolektorsdd2-ksdd2\versions\1\train\10780.png,train\10780.png,10780.png,0,normal,gt_mask_empty,train
C:\Users\al774\.cache\kagglehub\datasets\vadimzavadskyi\kolektorsdd2-ksdd2\versions\1\train\10781.png,train\10781.png,10781.png,0,normal,gt_mask_empty,train
C:\Users\al774\.cache\kagglehub\datasets\vadimzavadskyi\kolektorsdd2-ksdd2\versions\1\train\10782.png,train\10782.png,10782.png,0,normal,gt_mask_empty,train
C:\Users\al774\.cache\kagglehub\datasets\vadimzavadskyi\kolektorsdd2-ksdd2\versions\1\train\10783.png,train\10783.png,10783.png,0,normal,gt_mask_empty,test
C:\Users\al774\.cache\kagglehub\datasets\vadimzavadskyi\kolektorsdd2-ksdd2\versions\1\train\10784.png,train\10784.png,10784.png,0,normal,gt_mask_empty,train
C:\Users\al774\.cache\kagglehub\datasets\vadimzavadskyi\kolektorsdd2-ksdd2\versions\1\train\10785.png,train\10785.png,10785.png,0,normal,gt_mask_empty,train
C:\Users\al774\.cache\kagglehub\datasets\vadimzavadskyi\kolektorsdd2-ksdd2\versions\1\train\10786.png,train\10786.png,10786.png,0,normal,gt_mask_empty,train
C:\Users\al774\.cache\kagglehub\datasets\vadimzavadskyi\kolektorsdd2-ksdd2\versions\1\train\10787.png,train\10787.png,10787.png,0,normal,gt_mask_empty,train
C:\Users\al774\.cache\kagglehub\datasets\vadimzavadskyi\kolektorsdd2-ksdd2\versions\1\train\10788.png,train\10788.png,10788.png,0,normal,gt_mask_empty,train
C:\Users\al774\.cache\kagglehub\datasets\vadimzavadskyi\kolektorsdd2-ksdd2\versions\1\train\10789.png,train\10789.png,10789.png,0,normal,gt_mask_empty,val
C:\Users\al774\.cache\kagglehub\datasets\vadimzavadskyi\kolektorsdd2-ksdd2\versions\1\train\10790.png,train\10790.png,10790.png,0,normal,gt_mask_empty,train
C:\Users\al774\.cache\kagglehub\datasets\vadimzavadskyi\kolektorsdd2-ksdd2\versions\1\train\10791.png,train\10791.png,10791.png,0,normal,gt_mask_empty,val
C:\Users\al774\.cache\kagglehub\datasets\vadimzavadskyi\kolektorsdd2-ksdd2\versions\1\train\10792.png,train\10792.png,10792.png,0,normal,gt_mask_empty,train
C:\Users\al774\.cache\kagglehub\datasets\vadimzavadskyi\kolektorsdd2-ksdd2\versions\1\train\10793.png,train\10793.png,10793.png,0,normal,gt_mask_empty,train
C:\Users\al774\.cache\kagglehub\datasets\vadimzavadskyi\kolektorsdd2-ksdd2\versions\1\train\10794.png,train\10794.png,10794.png,0,normal,gt_mask_empty,train
C:\Users\al774\.cache\kagglehub\datasets\vadimzavadskyi\kolektorsdd2-ksdd2\versions\1\train\10795.png,train\10795.png,10795.png,0,normal,gt_mask_empty,train
C:\Users\al774\.cache\kagglehub\datasets\vadimzavadskyi\kolektorsdd2-ksdd2\versions\1\train\10796.png,train\10796.png,10796.png,0,normal,gt_mask_empty,train
C:\Users\al774\.cache\kagglehub\datasets\vadimzavadskyi\kolektorsdd2-ksdd2\versions\1\train\10797.png,train\10797.png,10797.png,1,defective,gt_mask_defect(max_val=255),val
C:\Users\al774\.cache\kagglehub\datasets\vadimzavadskyi\kolektorsdd2-ksdd2\versions\1\train\10798.png,train\10798.png,10798.png,0,normal,gt_mask_empty,val
C:\Users\al774\.cache\kagglehub\datasets\vadimzavadskyi\kolektorsdd2-ksdd2\versions\1\train\10799.png,train\10799.png,10799.png,0,normal,gt_mask_empty,test
C:\Users\al774\.cache\kagglehub\datasets\vadimzavadskyi\kolektorsdd2-ksdd2\versions\1\train\10800.png,train\10800.png,10800.png,0,normal,gt_mask_empty,test
C:\Users\al774\.cache\kagglehub\datasets\vadimzavadskyi\kolektorsdd2-ksdd2\versions\1\train\10801.png,train\10801.png,10801.png,0,normal,gt_mask_empty,train
C:\Users\al774\.cache\kagglehub\datasets\vadimzavadskyi\kolektorsdd2-ksdd2\versions\1\train\10802.png,train\10802.png,10802.png,0,normal,gt_mask_empty,train
C:\Users\al774\.cache\kagglehub\datasets\vadimzavadskyi\kolektorsdd2-ksdd2\versions\1\train\10803.png,train\10803.png,10803.png,0,normal,gt_mask_empty,train
C:\Users\al774\.cache\kagglehub\datasets\vadimzavadskyi\kolektorsdd2-ksdd2\versions\1\train\10804.png,train\10804.png,10804.png,0,normal,gt_mask_empty,train
C:\Users\al774\.cache\kagglehub\datasets\vadimzavadskyi\kolektorsdd2-ksdd2\versions\1\train\10805.png,train\10805.png,10805.png,0,normal,gt_mask_empty,train
C:\Users\al774\.cache\kagglehub\datasets\vadimzavadskyi\kolektorsdd2-ksdd2\versions\1\train\10806.png,train\10806.png,10806.png,0,normal,gt_mask_empty,train
C:\Users\al774\.cache\kagglehub\datasets\vadimzavadskyi\kolektorsdd2-ksdd2\versions\1\train\10807.png,train\10807.png,10807.png,0,normal,gt_mask_empty,train
C:\Users\al774\.cache\kagglehub\datasets\vadimzavadskyi\kolektorsdd2-ksdd2\versions\1\train\10808.png,train\10808.png,10808.png,1,defective,gt_mask_defect(max_val=255),train
C:\Users\al774\.cache\kagglehub\datasets\vadimzavadskyi\kolektorsdd2-ksdd2\versions\1\train\10809.png,train\10809.png,10809.png,0,normal,gt_mask_empty,train
C:\Users\al774\.cache\kagglehub\datasets\vadimzavadskyi\kolektorsdd2-ksdd2\versions\1\train\10810.png,train\10810.png,10810.png,0,normal,gt_mask_empty,train
C:\Users\al774\.cache\kagglehub\datasets\vadimzavadskyi\kolektorsdd2-ksdd2\versions\1\train\10811.png,train\10811.png,10811.png,0,normal,gt_mask_empty,train
C:\Users\al774\.cache\kagglehub\datasets\vadimzavadskyi\kolektorsdd2-ksdd2\versions\1\train\10812.png,train\10812.png,10812.png,0,normal,gt_mask_empty,train
C:\Users\al774\.cache\kagglehub\datasets\vadimzavadskyi\kolektorsdd2-ksdd2\versions\1\train\10813.png,train\10813.png,10813.png,0,normal,gt_mask_empty,test
C:\Users\al774\.cache\kagglehub\datasets\vadimzavadskyi\kolektorsdd2-ksdd2\versions\1\train\10814.png,train\10814.png,10814.png,0,normal,gt_mask_empty,train
C:\Users\al774\.cache\kagglehub\datasets\vadimzavadskyi\kolektorsdd2-ksdd2\versions\1\train\10815.png,train\10815.png,10815.png,0,normal,gt_mask_empty,val
C:\Users\al774\.cache\kagglehub\datasets\vadimzavadskyi\kolektorsdd2-ksdd2\versions\1\train\10816.png,train\10816.png,10816.png,0,normal,gt_mask_empty,train
C:\Users\al774\.cache\kagglehub\datasets\vadimzavadskyi\kolektorsdd2-ksdd2\versions\1\train\10817.png,train\10817.png,10817.png,0,normal,gt_mask_empty,train
C:\Users\al774\.cache\kagglehub\datasets\vadimzavadskyi\kolektorsdd2-ksdd2\versions\1\train\10818.png,train\10818.png,10818.png,0,normal,gt_mask_empty,train
C:\Users\al774\.cache\kagglehub\datasets\vadimzavadskyi\kolektorsdd2-ksdd2\versions\1\train\10819.png,train\10819.png,10819.png,0,normal,gt_mask_empty,train
C:\Users\al774\.cache\kagglehub\datasets\vadimzavadskyi\kolektorsdd2-ksdd2\versions\1\train\10820.png,train\10820.png,10820.png,0,normal,gt_mask_empty,train
C:\Users\al774\.cache\kagglehub\datasets\vadimzavadskyi\kolektorsdd2-ksdd2\versions\1\train\10821.png,train\10821.png,10821.png,1,defective,gt_mask_defect(max_val=255),test
C:\Users\al774\.cache\kagglehub\datasets\vadimzavadskyi\kolektorsdd2-ksdd2\versions\1\train\10822.png,train\10822.png,10822.png,0,normal,gt_mask_empty,test
C:\Users\al774\.cache\kagglehub\datasets\vadimzavadskyi\kolektorsdd2-ksdd2\versions\1\train\10823.png,train\10823.png,10823.png,0,normal,gt_mask_empty,train
C:\Users\al774\.cache\kagglehub\datasets\vadimzavadskyi\kolektorsdd2-ksdd2\versions\1\train\10824.png,train\10824.png,10824.png,0,normal,gt_mask_empty,train
C:\Users\al774\.cache\kagglehub\datasets\vadimzavadskyi\kolektorsdd2-ksdd2\versions\1\train\10825.png,train\10825.png,10825.png,0,normal,gt_mask_empty,train
C:\Users\al774\.cache\kagglehub\datasets\vadimzavadskyi\kolektorsdd2-ksdd2\versions\1\train\10826.png,train\10826.png,10826.png,0,normal,gt_mask_empty,val
C:\Users\al774\.cache\kagglehub\datasets\vadimzavadskyi\kolektorsdd2-ksdd2\versions\1\train\10827.png,train\10827.png,10827.png,0,normal,gt_mask_empty,test
C:\Users\al774\.cache\kagglehub\datasets\vadimzavadskyi\kolektorsdd2-ksdd2\versions\1\train\10828.png,train\10828.png,10828.png,0,normal,gt_mask_empty,val
C:\Users\al774\.cache\kagglehub\datasets\vadimzavadskyi\kolektorsdd2-ksdd2\versions\1\train\10829.png,train\10829.png,10829.png,0,normal,gt_mask_empty,train
C:\Users\al774\.cache\kagglehub\datasets\vadimzavadskyi\kolektorsdd2-ksdd2\versions\1\train\10830.png,train\10830.png,10830.png,0,normal,gt_mask_empty,val
C:\Users\al774\.cache\kagglehub\datasets\vadimzavadskyi\kolektorsdd2-ksdd2\versions\1\train\10831.png,train\10831.png,10831.png,0,normal,gt_mask_empty,val
C:\Users\al774\.cache\kagglehub\datasets\vadimzavadskyi\kolektorsdd2-ksdd2\versions\1\train\10832.png,train\10832.png,10832.png,0,normal,gt_mask_empty,val
C:\Users\al774\.cache\kagglehub\datasets\vadimzavadskyi\kolektorsdd2-ksdd2\versions\1\train\10833.png,train\10833.png,10833.png,0,normal,gt_mask_empty,val
C:\Users\al774\.cache\kagglehub\datasets\vadimzavadskyi\kolektorsdd2-ksdd2\versions\1\train\10834.png,train\10834.png,10834.png,0,normal,gt_mask_empty,train
C:\Users\al774\.cache\kagglehub\datasets\vadimzavadskyi\kolektorsdd2-ksdd2\versions\1\train\10835.png,train\10835.png,10835.png,0,normal,gt_mask_empty,val
C:\Users\al774\.cache\kagglehub\datasets\vadimzavadskyi\kolektorsdd2-ksdd2\versions\1\train\10836.png,train\10836.png,10836.png,0,normal,gt_mask_empty,train
C:\Users\al774\.cache\kagglehub\datasets\vadimzavadskyi\kolektorsdd2-ksdd2\versions\1\train\10837.png,train\10837.png,10837.png,0,normal,gt_mask_empty,train
C:\Users\al774\.cache\kagglehub\datasets\vadimzavadskyi\kolektorsdd2-ksdd2\versions\1\train\10838.png,train\10838.png,10838.png,0,normal,gt_mask_empty,train
C:\Users\al774\.cache\kagglehub\datasets\vadimzavadskyi\kolektorsdd2-ksdd2\versions\1\train\10839.png,train\10839.png,10839.png,0,normal,gt_mask_empty,train
C:\Users\al774\.cache\kagglehub\datasets\vadimzavadskyi\kolektorsdd2-ksdd2\versions\1\train\10840.png,train\10840.png,10840.png,0,normal,gt_mask_empty,val
C:\Users\al774\.cache\kagglehub\datasets\vadimzavadskyi\kolektorsdd2-ksdd2\versions\1\train\10841.png,train\10841.png,10841.png,0,normal,gt_mask_empty,train
C:\Users\al774\.cache\kagglehub\datasets\vadimzavadskyi\kolektorsdd2-ksdd2\versions\1\train\10842.png,train\10842.png,10842.png,0,normal,gt_mask_empty,train
C:\Users\al774\.cache\kagglehub\datasets\vadimzavadskyi\kolektorsdd2-ksdd2\versions\1\train\10843.png,train\10843.png,10843.png,0,normal,gt_mask_empty,test
C:\Users\al774\.cache\kagglehub\datasets\vadimzavadskyi\kolektorsdd2-ksdd2\versions\1\train\10844.png,train\10844.png,10844.png,1,defective,gt_mask_defect(max_val=255),train
C:\Users\al774\.cache\kagglehub\datasets\vadimzavadskyi\kolektorsdd2-ksdd2\versions\1\train\10845.png,train\10845.png,10845.png,1,defective,gt_mask_defect(max_val=255),train
C:\Users\al774\.cache\kagglehub\datasets\vadimzavadskyi\kolektorsdd2-ksdd2\versions\1\train\10846.png,train\10846.png,10846.png,1,defective,gt_mask_defect(max_val=255),val
C:\Users\al774\.cache\kagglehub\datasets\vadimzavadskyi\kolektorsdd2-ksdd2\versions\1\train\10847.png,train\10847.png,10847.png,0,normal,gt_mask_empty,train
C:\Users\al774\.cache\kagglehub\datasets\vadimzavadskyi\kolektorsdd2-ksdd2\versions\1\train\10848.png,train\10848.png,10848.png,0,normal,gt_mask_empty,val
C:\Users\al774\.cache\kagglehub\datasets\vadimzavadskyi\kolektorsdd2-ksdd2\versions\1\train\10849.png,train\10849.png,10849.png,1,defective,gt_mask_defect(max_val=255),val
C:\Users\al774\.cache\kagglehub\datasets\vadimzavadskyi\kolektorsdd2-ksdd2\versions\1\train\10850.png,train\10850.png,10850.png,0,normal,gt_mask_empty,val
C:\Users\al774\.cache\kagglehub\datasets\vadimzavadskyi\kolektorsdd2-ksdd2\versions\1\train\10851.png,train\10851.png,10851.png,0,normal,gt_mask_empty,train
C:\Users\al774\.cache\kagglehub\datasets\vadimzavadskyi\kolektorsdd2-ksdd2\versions\1\train\10852.png,train\10852.png,10852.png,0,normal,gt_mask_empty,train
C:\Users\al774\.cache\kagglehub\datasets\vadimzavadskyi\kolektorsdd2-ksdd2\versions\1\train\10853.png,train\10853.png,10853.png,0,normal,gt_mask_empty,train
C:\Users\al774\.cache\kagglehub\datasets\vadimzavadskyi\kolektorsdd2-ksdd2\versions\1\train\10854.png,train\10854.png,10854.png,0,normal,gt_mask_empty,train
C:\Users\al774\.cache\kagglehub\datasets\vadimzavadskyi\kolektorsdd2-ksdd2\versions\1\train\10855.png,train\10855.png,10855.png,0,normal,gt_mask_empty,val
C:\Users\al774\.cache\kagglehub\datasets\vadimzavadskyi\kolektorsdd2-ksdd2\versions\1\train\10856.png,train\10856.png,10856.png,0,normal,gt_mask_empty,train
C:\Users\al774\.cache\kagglehub\datasets\vadimzavadskyi\kolektorsdd2-ksdd2\versions\1\train\10857.png,train\10857.png,10857.png,0,normal,gt_mask_empty,train
C:\Users\al774\.cache\kagglehub\datasets\vadimzavadskyi\kolektorsdd2-ksdd2\versions\1\train\10858.png,train\10858.png,10858.png,0,normal,gt_mask_empty,train
C:\Users\al774\.cache\kagglehub\datasets\vadimzavadskyi\kolektorsdd2-ksdd2\versions\1\train\10859.png,train\10859.png,10859.png,0,normal,gt_mask_empty,train
C:\Users\al774\.cache\kagglehub\datasets\vadimzavadskyi\kolektorsdd2-ksdd2\versions\1\train\10860.png,train\10860.png,10860.png,0,normal,gt_mask_empty,train
C:\Users\al774\.cache\kagglehub\datasets\vadimzavadskyi\kolektorsdd2-ksdd2\versions\1\train\10861.png,train\10861.png,10861.png,0,normal,gt_mask_empty,train
C:\Users\al774\.cache\kagglehub\datasets\vadimzavadskyi\kolektorsdd2-ksdd2\versions\1\train\10862.png,train\10862.png,10862.png,0,normal,gt_mask_empty,val
C:\Users\al774\.cache\kagglehub\datasets\vadimzavadskyi\kolektorsdd2-ksdd2\versions\1\train\10863.png,train\10863.png,10863.png,0,normal,gt_mask_empty,train
C:\Users\al774\.cache\kagglehub\datasets\vadimzavadskyi\kolektorsdd2-ksdd2\versions\1\train\10864.png,train\10864.png,10864.png,0,normal,gt_mask_empty,test
C:\Users\al774\.cache\kagglehub\datasets\vadimzavadskyi\kolektorsdd2-ksdd2\versions\1\train\10865.png,train\10865.png,10865.png,0,normal,gt_mask_empty,test
C:\Users\al774\.cache\kagglehub\datasets\vadimzavadskyi\kolektorsdd2-ksdd2\versions\1\train\10866.png,train\10866.png,10866.png,0,normal,gt_mask_empty,train
C:\Users\al774\.cache\kagglehub\datasets\vadimzavadskyi\kolektorsdd2-ksdd2\versions\1\train\10867.png,train\10867.png,10867.png,0,normal,gt_mask_empty,train
C:\Users\al774\.cache\kagglehub\datasets\vadimzavadskyi\kolektorsdd2-ksdd2\versions\1\train\10868.png,train\10868.png,10868.png,0,normal,gt_mask_empty,train
C:\Users\al774\.cache\kagglehub\datasets\vadimzavadskyi\kolektorsdd2-ksdd2\versions\1\train\10869.png,train\10869.png,10869.png,1,defective,gt_mask_defect(max_val=255),train
C:\Users\al774\.cache\kagglehub\datasets\vadimzavadskyi\kolektorsdd2-ksdd2\versions\1\train\10870.png,train\10870.png,10870.png,0,normal,gt_mask_empty,test
C:\Users\al774\.cache\kagglehub\datasets\vadimzavadskyi\kolektorsdd2-ksdd2\versions\1\train\10871.png,train\10871.png,10871.png,0,normal,gt_mask_empty,train
C:\Users\al774\.cache\kagglehub\datasets\vadimzavadskyi\kolektorsdd2-ksdd2\versions\1\train\10872.png,train\10872.png,10872.png,0,normal,gt_mask_empty,train
C:\Users\al774\.cache\kagglehub\datasets\vadimzavadskyi\kolektorsdd2-ksdd2\versions\1\train\10873.png,train\10873.png,10873.png,0,normal,gt_mask_empty,train
C:\Users\al774\.cache\kagglehub\datasets\vadimzavadskyi\kolektorsdd2-ksdd2\versions\1\train\10874.png,train\10874.png,10874.png,1,defective,gt_mask_defect(max_val=255),train
C:\Users\al774\.cache\kagglehub\datasets\vadimzavadskyi\kolektorsdd2-ksdd2\versions\1\train\10875.png,train\10875.png,10875.png,0,normal,gt_mask_empty,train
C:\Users\al774\.cache\kagglehub\datasets\vadimzavadskyi\kolektorsdd2-ksdd2\versions\1\train\10876.png,train\10876.png,10876.png,0,normal,gt_mask_empty,val
C:\Users\al774\.cache\kagglehub\datasets\vadimzavadskyi\kolektorsdd2-ksdd2\versions\1\train\10877.png,train\10877.png,10877.png,0,normal,gt_mask_empty,train
C:\Users\al774\.cache\kagglehub\datasets\vadimzavadskyi\kolektorsdd2-ksdd2\versions\1\train\10878.png,train\10878.png,10878.png,0,normal,gt_mask_empty,train
C:\Users\al774\.cache\kagglehub\datasets\vadimzavadskyi\kolektorsdd2-ksdd2\versions\1\train\10879.png,train\10879.png,10879.png,0,normal,gt_mask_empty,val
C:\Users\al774\.cache\kagglehub\datasets\vadimzavadskyi\kolektorsdd2-ksdd2\versions\1\train\10880.png,train\10880.png,10880.png,0,normal,gt_mask_empty,train
C:\Users\al774\.cache\kagglehub\datasets\vadimzavadskyi\kolektorsdd2-ksdd2\versions\1\train\10881.png,train\10881.png,10881.png,0,normal,gt_mask_empty,val
C:\Users\al774\.cache\kagglehub\datasets\vadimzavadskyi\kolektorsdd2-ksdd2\versions\1\train\10882.png,train\10882.png,10882.png,0,normal,gt_mask_empty,test
C:\Users\al774\.cache\kagglehub\datasets\vadimzavadskyi\kolektorsdd2-ksdd2\versions\1\train\10883.png,train\10883.png,10883.png,0,normal,gt_mask_empty,val
C:\Users\al774\.cache\kagglehub\datasets\vadimzavadskyi\kolektorsdd2-ksdd2\versions\1\train\10884.png,train\10884.png,10884.png,0,normal,gt_mask_empty,train
C:\Users\al774\.cache\kagglehub\datasets\vadimzavadskyi\kolektorsdd2-ksdd2\versions\1\train\10885.png,train\10885.png,10885.png,0,normal,gt_mask_empty,val
C:\Users\al774\.cache\kagglehub\datasets\vadimzavadskyi\kolektorsdd2-ksdd2\versions\1\train\10886.png,train\10886.png,10886.png,0,normal,gt_mask_empty,test
C:\Users\al774\.cache\kagglehub\datasets\vadimzavadskyi\kolektorsdd2-ksdd2\versions\1\train\10887.png,train\10887.png,10887.png,0,normal,gt_mask_empty,train
C:\Users\al774\.cache\kagglehub\datasets\vadimzavadskyi\kolektorsdd2-ksdd2\versions\1\train\10888.png,train\10888.png,10888.png,0,normal,gt_mask_empty,test
C:\Users\al774\.cache\kagglehub\datasets\vadimzavadskyi\kolektorsdd2-ksdd2\versions\1\train\10889.png,train\10889.png,10889.png,0,normal,gt_mask_empty,val
C:\Users\al774\.cache\kagglehub\datasets\vadimzavadskyi\kolektorsdd2-ksdd2\versions\1\train\10890.png,train\10890.png,10890.png,0,normal,gt_mask_empty,val
C:\Users\al774\.cache\kagglehub\datasets\vadimzavadskyi\kolektorsdd2-ksdd2\versions\1\train\10891.png,train\10891.png,10891.png,0,normal,gt_mask_empty,train
C:\Users\al774\.cache\kagglehub\datasets\vadimzavadskyi\kolektorsdd2-ksdd2\versions\1\train\10892.png,train\10892.png,10892.png,0,normal,gt_mask_empty,train
C:\Users\al774\.cache\kagglehub\datasets\vadimzavadskyi\kolektorsdd2-ksdd2\versions\1\train\10893.png,train\10893.png,10893.png,1,defective,gt_mask_defect(max_val=255),test
C:\Users\al774\.cache\kagglehub\datasets\vadimzavadskyi\kolektorsdd2-ksdd2\versions\1\train\10894.png,train\10894.png,10894.png,0,normal,gt_mask_empty,train
C:\Users\al774\.cache\kagglehub\datasets\vadimzavadskyi\kolektorsdd2-ksdd2\versions\1\train\10895.png,train\10895.png,10895.png,0,normal,gt_mask_empty,train
C:\Users\al774\.cache\kagglehub\datasets\vadimzavadskyi\kolektorsdd2-ksdd2\versions\1\train\10896.png,train\10896.png,10896.png,0,normal,gt_mask_empty,train
C:\Users\al774\.cache\kagglehub\datasets\vadimzavadskyi\kolektorsdd2-ksdd2\versions\1\train\10897.png,train\10897.png,10897.png,0,normal,gt_mask_empty,test
C:\Users\al774\.cache\kagglehub\datasets\vadimzavadskyi\kolektorsdd2-ksdd2\versions\1\train\10898.png,train\10898.png,10898.png,0,normal,gt_mask_empty,train
C:\Users\al774\.cache\kagglehub\datasets\vadimzavadskyi\kolektorsdd2-ksdd2\versions\1\train\10899.png,train\10899.png,10899.png,0,normal,gt_mask_empty,val
C:\Users\al774\.cache\kagglehub\datasets\vadimzavadskyi\kolektorsdd2-ksdd2\versions\1\train\10900.png,train\10900.png,10900.png,1,defective,gt_mask_defect(max_val=255),train
C:\Users\al774\.cache\kagglehub\datasets\vadimzavadskyi\kolektorsdd2-ksdd2\versions\1\train\10901.png,train\10901.png,10901.png,0,normal,gt_mask_empty,test
C:\Users\al774\.cache\kagglehub\datasets\vadimzavadskyi\kolektorsdd2-ksdd2\versions\1\train\10902.png,train\10902.png,10902.png,0,normal,gt_mask_empty,train
C:\Users\al774\.cache\kagglehub\datasets\vadimzavadskyi\kolektorsdd2-ksdd2\versions\1\train\10903.png,train\10903.png,10903.png,0,normal,gt_mask_empty,test
C:\Users\al774\.cache\kagglehub\datasets\vadimzavadskyi\kolektorsdd2-ksdd2\versions\1\train\10904.png,train\10904.png,10904.png,0,normal,gt_mask_empty,test
C:\Users\al774\.cache\kagglehub\datasets\vadimzavadskyi\kolektorsdd2-ksdd2\versions\1\train\10905.png,train\10905.png,10905.png,1,defective,gt_mask_defect(max_val=255),test
C:\Users\al774\.cache\kagglehub\datasets\vadimzavadskyi\kolektorsdd2-ksdd2\versions\1\train\10906.png,train\10906.png,10906.png,0,normal,gt_mask_empty,train
C:\Users\al774\.cache\kagglehub\datasets\vadimzavadskyi\kolektorsdd2-ksdd2\versions\1\train\10907.png,train\10907.png,10907.png,1,defective,gt_mask_defect(max_val=255),train
C:\Users\al774\.cache\kagglehub\datasets\vadimzavadskyi\kolektorsdd2-ksdd2\versions\1\train\10908.png,train\10908.png,10908.png,0,normal,gt_mask_empty,train
C:\Users\al774\.cache\kagglehub\datasets\vadimzavadskyi\kolektorsdd2-ksdd2\versions\1\train\10909.png,train\10909.png,10909.png,0,normal,gt_mask_empty,train
C:\Users\al774\.cache\kagglehub\datasets\vadimzavadskyi\kolektorsdd2-ksdd2\versions\1\train\10910.png,train\10910.png,10910.png,0,normal,gt_mask_empty,train
C:\Users\al774\.cache\kagglehub\datasets\vadimzavadskyi\kolektorsdd2-ksdd2\versions\1\train\10911.png,train\10911.png,10911.png,0,normal,gt_mask_empty,test
C:\Users\al774\.cache\kagglehub\datasets\vadimzavadskyi\kolektorsdd2-ksdd2\versions\1\train\10912.png,train\10912.png,10912.png,0,normal,gt_mask_empty,test
C:\Users\al774\.cache\kagglehub\datasets\vadimzavadskyi\kolektorsdd2-ksdd2\versions\1\train\10913.png,train\10913.png,10913.png,0,normal,gt_mask_empty,train
C:\Users\al774\.cache\kagglehub\datasets\vadimzavadskyi\kolektorsdd2-ksdd2\versions\1\train\10914.png,train\10914.png,10914.png,0,normal,gt_mask_empty,val
C:\Users\al774\.cache\kagglehub\datasets\vadimzavadskyi\kolektorsdd2-ksdd2\versions\1\train\10915.png,train\10915.png,10915.png,0,normal,gt_mask_empty,train
C:\Users\al774\.cache\kagglehub\datasets\vadimzavadskyi\kolektorsdd2-ksdd2\versions\1\train\10916.png,train\10916.png,10916.png,0,normal,gt_mask_empty,train
C:\Users\al774\.cache\kagglehub\datasets\vadimzavadskyi\kolektorsdd2-ksdd2\versions\1\train\10917.png,train\10917.png,10917.png,0,normal,gt_mask_empty,train
C:\Users\al774\.cache\kagglehub\datasets\vadimzavadskyi\kolektorsdd2-ksdd2\versions\1\train\10918.png,train\10918.png,10918.png,0,normal,gt_mask_empty,train
C:\Users\al774\.cache\kagglehub\datasets\vadimzavadskyi\kolektorsdd2-ksdd2\versions\1\train\10919.png,train\10919.png,10919.png,0,normal,gt_mask_empty,train
C:\Users\al774\.cache\kagglehub\datasets\vadimzavadskyi\kolektorsdd2-ksdd2\versions\1\train\10920.png,train\10920.png,10920.png,0,normal,gt_mask_empty,train
C:\Users\al774\.cache\kagglehub\datasets\vadimzavadskyi\kolektorsdd2-ksdd2\versions\1\train\10921.png,train\10921.png,10921.png,0,normal,gt_mask_empty,train
C:\Users\al774\.cache\kagglehub\datasets\vadimzavadskyi\kolektorsdd2-ksdd2\versions\1\train\10922.png,train\10922.png,10922.png,0,normal,gt_mask_empty,val
C:\Users\al774\.cache\kagglehub\datasets\vadimzavadskyi\kolektorsdd2-ksdd2\versions\1\train\10923.png,train\10923.png,10923.png,0,normal,gt_mask_empty,train
C:\Users\al774\.cache\kagglehub\datasets\vadimzavadskyi\kolektorsdd2-ksdd2\versions\1\train\10924.png,train\10924.png,10924.png,0,normal,gt_mask_empty,train
C:\Users\al774\.cache\kagglehub\datasets\vadimzavadskyi\kolektorsdd2-ksdd2\versions\1\train\10925.png,train\10925.png,10925.png,0,normal,gt_mask_empty,train
C:\Users\al774\.cache\kagglehub\datasets\vadimzavadskyi\kolektorsdd2-ksdd2\versions\1\train\10926.png,train\10926.png,10926.png,0,normal,gt_mask_empty,test
C:\Users\al774\.cache\kagglehub\datasets\vadimzavadskyi\kolektorsdd2-ksdd2\versions\1\train\10927.png,train\10927.png,10927.png,0,normal,gt_mask_empty,train
C:\Users\al774\.cache\kagglehub\datasets\vadimzavadskyi\kolektorsdd2-ksdd2\versions\1\train\10928.png,train\10928.png,10928.png,0,normal,gt_mask_empty,train
C:\Users\al774\.cache\kagglehub\datasets\vadimzavadskyi\kolektorsdd2-ksdd2\versions\1\train\10929.png,train\10929.png,10929.png,0,normal,gt_mask_empty,val
C:\Users\al774\.cache\kagglehub\datasets\vadimzavadskyi\kolektorsdd2-ksdd2\versions\1\train\10930.png,train\10930.png,10930.png,0,normal,gt_mask_empty,train
C:\Users\al774\.cache\kagglehub\datasets\vadimzavadskyi\kolektorsdd2-ksdd2\versions\1\train\10931.png,train\10931.png,10931.png,0,normal,gt_mask_empty,train
C:\Users\al774\.cache\kagglehub\datasets\vadimzavadskyi\kolektorsdd2-ksdd2\versions\1\train\10932.png,train\10932.png,10932.png,0,normal,gt_mask_empty,train
C:\Users\al774\.cache\kagglehub\datasets\vadimzavadskyi\kolektorsdd2-ksdd2\versions\1\train\10933.png,train\10933.png,10933.png,0,normal,gt_mask_empty,train
C:\Users\al774\.cache\kagglehub\datasets\vadimzavadskyi\kolektorsdd2-ksdd2\versions\1\train\10934.png,train\10934.png,10934.png,0,normal,gt_mask_empty,train
C:\Users\al774\.cache\kagglehub\datasets\vadimzavadskyi\kolektorsdd2-ksdd2\versions\1\train\10935.png,train\10935.png,10935.png,0,normal,gt_mask_empty,train
C:\Users\al774\.cache\kagglehub\datasets\vadimzavadskyi\kolektorsdd2-ksdd2\versions\1\train\10936.png,train\10936.png,10936.png,0,normal,gt_mask_empty,train
C:\Users\al774\.cache\kagglehub\datasets\vadimzavadskyi\kolektorsdd2-ksdd2\versions\1\train\10937.png,train\10937.png,10937.png,0,normal,gt_mask_empty,train
C:\Users\al774\.cache\kagglehub\datasets\vadimzavadskyi\kolektorsdd2-ksdd2\versions\1\train\10938.png,train\10938.png,10938.png,0,normal,gt_mask_empty,train
C:\Users\al774\.cache\kagglehub\datasets\vadimzavadskyi\kolektorsdd2-ksdd2\versions\1\train\10939.png,train\10939.png,10939.png,0,normal,gt_mask_empty,train
C:\Users\al774\.cache\kagglehub\datasets\vadimzavadskyi\kolektorsdd2-ksdd2\versions\1\train\10940.png,train\10940.png,10940.png,0,normal,gt_mask_empty,val
C:\Users\al774\.cache\kagglehub\datasets\vadimzavadskyi\kolektorsdd2-ksdd2\versions\1\train\10941.png,train\10941.png,10941.png,0,normal,gt_mask_empty,val
C:\Users\al774\.cache\kagglehub\datasets\vadimzavadskyi\kolektorsdd2-ksdd2\versions\1\train\10942.png,train\10942.png,10942.png,0,normal,gt_mask_empty,train
C:\Users\al774\.cache\kagglehub\datasets\vadimzavadskyi\kolektorsdd2-ksdd2\versions\1\train\10943.png,train\10943.png,10943.png,0,normal,gt_mask_empty,train
C:\Users\al774\.cache\kagglehub\datasets\vadimzavadskyi\kolektorsdd2-ksdd2\versions\1\train\10944.png,train\10944.png,10944.png,0,normal,gt_mask_empty,train
C:\Users\al774\.cache\kagglehub\datasets\vadimzavadskyi\kolektorsdd2-ksdd2\versions\1\train\10945.png,train\10945.png,10945.png,0,normal,gt_mask_empty,train
C:\Users\al774\.cache\kagglehub\datasets\vadimzavadskyi\kolektorsdd2-ksdd2\versions\1\train\10946.png,train\10946.png,10946.png,0,normal,gt_mask_empty,train
C:\Users\al774\.cache\kagglehub\datasets\vadimzavadskyi\kolektorsdd2-ksdd2\versions\1\train\10947.png,train\10947.png,10947.png,0,normal,gt_mask_empty,train
C:\Users\al774\.cache\kagglehub\datasets\vadimzavadskyi\kolektorsdd2-ksdd2\versions\1\train\10948.png,train\10948.png,10948.png,0,normal,gt_mask_empty,train
C:\Users\al774\.cache\kagglehub\datasets\vadimzavadskyi\kolektorsdd2-ksdd2\versions\1\train\10949.png,train\10949.png,10949.png,0,normal,gt_mask_empty,train
C:\Users\al774\.cache\kagglehub\datasets\vadimzavadskyi\kolektorsdd2-ksdd2\versions\1\train\10950.png,train\10950.png,10950.png,0,normal,gt_mask_empty,train
C:\Users\al774\.cache\kagglehub\datasets\vadimzavadskyi\kolektorsdd2-ksdd2\versions\1\train\10951.png,train\10951.png,10951.png,1,defective,gt_mask_defect(max_val=255),train
C:\Users\al774\.cache\kagglehub\datasets\vadimzavadskyi\kolektorsdd2-ksdd2\versions\1\train\10952.png,train\10952.png,10952.png,1,defective,gt_mask_defect(max_val=255),val
C:\Users\al774\.cache\kagglehub\datasets\vadimzavadskyi\kolektorsdd2-ksdd2\versions\1\train\10953.png,train\10953.png,10953.png,0,normal,gt_mask_empty,train
C:\Users\al774\.cache\kagglehub\datasets\vadimzavadskyi\kolektorsdd2-ksdd2\versions\1\train\10954.png,train\10954.png,10954.png,0,normal,gt_mask_empty,train
C:\Users\al774\.cache\kagglehub\datasets\vadimzavadskyi\kolektorsdd2-ksdd2\versions\1\train\10955.png,train\10955.png,10955.png,0,normal,gt_mask_empty,train
C:\Users\al774\.cache\kagglehub\datasets\vadimzavadskyi\kolektorsdd2-ksdd2\versions\1\train\10956.png,train\10956.png,10956.png,0,normal,gt_mask_empty,train
C:\Users\al774\.cache\kagglehub\datasets\vadimzavadskyi\kolektorsdd2-ksdd2\versions\1\train\10957.png,train\10957.png,10957.png,0,normal,gt_mask_empty,train
C:\Users\al774\.cache\kagglehub\datasets\vadimzavadskyi\kolektorsdd2-ksdd2\versions\1\train\10958.png,train\10958.png,10958.png,0,normal,gt_mask_empty,train
C:\Users\al774\.cache\kagglehub\datasets\vadimzavadskyi\kolektorsdd2-ksdd2\versions\1\train\10959.png,train\10959.png,10959.png,0,normal,gt_mask_empty,train
C:\Users\al774\.cache\kagglehub\datasets\vadimzavadskyi\kolektorsdd2-ksdd2\versions\1\train\10960.png,train\10960.png,10960.png,0,normal,gt_mask_empty,val
C:\Users\al774\.cache\kagglehub\datasets\vadimzavadskyi\kolektorsdd2-ksdd2\versions\1\train\10961.png,train\10961.png,10961.png,0,normal,gt_mask_empty,train
C:\Users\al774\.cache\kagglehub\datasets\vadimzavadskyi\kolektorsdd2-ksdd2\versions\1\train\10962.png,train\10962.png,10962.png,0,normal,gt_mask_empty,test
C:\Users\al774\.cache\kagglehub\datasets\vadimzavadskyi\kolektorsdd2-ksdd2\versions\1\train\10963.png,train\10963.png,10963.png,0,normal,gt_mask_empty,train
C:\Users\al774\.cache\kagglehub\datasets\vadimzavadskyi\kolektorsdd2-ksdd2\versions\1\train\10964.png,train\10964.png,10964.png,0,normal,gt_mask_empty,val
C:\Users\al774\.cache\kagglehub\datasets\vadimzavadskyi\kolektorsdd2-ksdd2\versions\1\train\10965.png,train\10965.png,10965.png,0,normal,gt_mask_empty,train
C:\Users\al774\.cache\kagglehub\datasets\vadimzavadskyi\kolektorsdd2-ksdd2\versions\1\train\10966.png,train\10966.png,10966.png,0,normal,gt_mask_empty,val
C:\Users\al774\.cache\kagglehub\datasets\vadimzavadskyi\kolektorsdd2-ksdd2\versions\1\train\10967.png,train\10967.png,10967.png,0,normal,gt_mask_empty,test
C:\Users\al774\.cache\kagglehub\datasets\vadimzavadskyi\kolektorsdd2-ksdd2\versions\1\train\10968.png,train\10968.png,10968.png,0,normal,gt_mask_empty,val
C:\Users\al774\.cache\kagglehub\datasets\vadimzavadskyi\kolektorsdd2-ksdd2\versions\1\train\10969.png,train\10969.png,10969.png,0,normal,gt_mask_empty,train
C:\Users\al774\.cache\kagglehub\datasets\vadimzavadskyi\kolektorsdd2-ksdd2\versions\1\train\10970.png,train\10970.png,10970.png,0,normal,gt_mask_empty,test
C:\Users\al774\.cache\kagglehub\datasets\vadimzavadskyi\kolektorsdd2-ksdd2\versions\1\train\10971.png,train\10971.png,10971.png,0,normal,gt_mask_empty,train
C:\Users\al774\.cache\kagglehub\datasets\vadimzavadskyi\kolektorsdd2-ksdd2\versions\1\train\10972.png,train\10972.png,10972.png,0,normal,gt_mask_empty,train
C:\Users\al774\.cache\kagglehub\datasets\vadimzavadskyi\kolektorsdd2-ksdd2\versions\1\train\10973.png,train\10973.png,10973.png,0,normal,gt_mask_empty,train
C:\Users\al774\.cache\kagglehub\datasets\vadimzavadskyi\kolektorsdd2-ksdd2\versions\1\train\10974.png,train\10974.png,10974.png,0,normal,gt_mask_empty,train
C:\Users\al774\.cache\kagglehub\datasets\vadimzavadskyi\kolektorsdd2-ksdd2\versions\1\train\10975.png,train\10975.png,10975.png,0,normal,gt_mask_empty,train
C:\Users\al774\.cache\kagglehub\datasets\vadimzavadskyi\kolektorsdd2-ksdd2\versions\1\train\10976.png,train\10976.png,10976.png,0,normal,gt_mask_empty,train
C:\Users\al774\.cache\kagglehub\datasets\vadimzavadskyi\kolektorsdd2-ksdd2\versions\1\train\10977.png,train\10977.png,10977.png,0,normal,gt_mask_empty,test
C:\Users\al774\.cache\kagglehub\datasets\vadimzavadskyi\kolektorsdd2-ksdd2\versions\1\train\10978.png,train\10978.png,10978.png,0,normal,gt_mask_empty,train
C:\Users\al774\.cache\kagglehub\datasets\vadimzavadskyi\kolektorsdd2-ksdd2\versions\1\train\10979.png,train\10979.png,10979.png,0,normal,gt_mask_empty,train
C:\Users\al774\.cache\kagglehub\datasets\vadimzavadskyi\kolektorsdd2-ksdd2\versions\1\train\10980.png,train\10980.png,10980.png,0,normal,gt_mask_empty,train
C:\Users\al774\.cache\kagglehub\datasets\vadimzavadskyi\kolektorsdd2-ksdd2\versions\1\train\10981.png,train\10981.png,10981.png,0,normal,gt_mask_empty,train
C:\Users\al774\.cache\kagglehub\datasets\vadimzavadskyi\kolektorsdd2-ksdd2\versions\1\train\10982.png,train\10982.png,10982.png,0,normal,gt_mask_empty,test
C:\Users\al774\.cache\kagglehub\datasets\vadimzavadskyi\kolektorsdd2-ksdd2\versions\1\train\10983.png,train\10983.png,10983.png,0,normal,gt_mask_empty,val
C:\Users\al774\.cache\kagglehub\datasets\vadimzavadskyi\kolektorsdd2-ksdd2\versions\1\train\10984.png,train\10984.png,10984.png,0,normal,gt_mask_empty,train
C:\Users\al774\.cache\kagglehub\datasets\vadimzavadskyi\kolektorsdd2-ksdd2\versions\1\train\10985.png,train\10985.png,10985.png,0,normal,gt_mask_empty,train
C:\Users\al774\.cache\kagglehub\datasets\vadimzavadskyi\kolektorsdd2-ksdd2\versions\1\train\10986.png,train\10986.png,10986.png,0,normal,gt_mask_empty,train
C:\Users\al774\.cache\kagglehub\datasets\vadimzavadskyi\kolektorsdd2-ksdd2\versions\1\train\10987.png,train\10987.png,10987.png,0,normal,gt_mask_empty,train
C:\Users\al774\.cache\kagglehub\datasets\vadimzavadskyi\kolektorsdd2-ksdd2\versions\1\train\10988.png,train\10988.png,10988.png,0,normal,gt_mask_empty,train
C:\Users\al774\.cache\kagglehub\datasets\vadimzavadskyi\kolektorsdd2-ksdd2\versions\1\train\10989.png,train\10989.png,10989.png,0,normal,gt_mask_empty,train
C:\Users\al774\.cache\kagglehub\datasets\vadimzavadskyi\kolektorsdd2-ksdd2\versions\1\train\10990.png,train\10990.png,10990.png,0,normal,gt_mask_empty,val
C:\Users\al774\.cache\kagglehub\datasets\vadimzavadskyi\kolektorsdd2-ksdd2\versions\1\train\10991.png,train\10991.png,10991.png,0,normal,gt_mask_empty,test
C:\Users\al774\.cache\kagglehub\datasets\vadimzavadskyi\kolektorsdd2-ksdd2\versions\1\train\10992.png,train\10992.png,10992.png,0,normal,gt_mask_empty,train
C:\Users\al774\.cache\kagglehub\datasets\vadimzavadskyi\kolektorsdd2-ksdd2\versions\1\train\10993.png,train\10993.png,10993.png,0,normal,gt_mask_empty,train
C:\Users\al774\.cache\kagglehub\datasets\vadimzavadskyi\kolektorsdd2-ksdd2\versions\1\train\10994.png,train\10994.png,10994.png,0,normal,gt_mask_empty,val
C:\Users\al774\.cache\kagglehub\datasets\vadimzavadskyi\kolektorsdd2-ksdd2\versions\1\train\10995.png,train\10995.png,10995.png,0,normal,gt_mask_empty,train
C:\Users\al774\.cache\kagglehub\datasets\vadimzavadskyi\kolektorsdd2-ksdd2\versions\1\train\10996.png,train\10996.png,10996.png,0,normal,gt_mask_empty,test
C:\Users\al774\.cache\kagglehub\datasets\vadimzavadskyi\kolektorsdd2-ksdd2\versions\1\train\10997.png,train\10997.png,10997.png,0,normal,gt_mask_empty,train
C:\Users\al774\.cache\kagglehub\datasets\vadimzavadskyi\kolektorsdd2-ksdd2\versions\1\train\10998.png,train\10998.png,10998.png,0,normal,gt_mask_empty,train
C:\Users\al774\.cache\kagglehub\datasets\vadimzavadskyi\kolektorsdd2-ksdd2\versions\1\train\10999.png,train\10999.png,10999.png,0,normal,gt_mask_empty,train
C:\Users\al774\.cache\kagglehub\datasets\vadimzavadskyi\kolektorsdd2-ksdd2\versions\1\train\11000.png,train\11000.png,11000.png,0,normal,gt_mask_empty,train
C:\Users\al774\.cache\kagglehub\datasets\vadimzavadskyi\kolektorsdd2-ksdd2\versions\1\train\11001.png,train\11001.png,11001.png,0,normal,gt_mask_empty,train
C:\Users\al774\.cache\kagglehub\datasets\vadimzavadskyi\kolektorsdd2-ksdd2\versions\1\train\11002.png,train\11002.png,11002.png,1,defective,gt_mask_defect(max_val=255),test
C:\Users\al774\.cache\kagglehub\datasets\vadimzavadskyi\kolektorsdd2-ksdd2\versions\1\train\11003.png,train\11003.png,11003.png,1,defective,gt_mask_defect(max_val=255),train
C:\Users\al774\.cache\kagglehub\datasets\vadimzavadskyi\kolektorsdd2-ksdd2\versions\1\train\11004.png,train\11004.png,11004.png,0,normal,gt_mask_empty,train
C:\Users\al774\.cache\kagglehub\datasets\vadimzavadskyi\kolektorsdd2-ksdd2\versions\1\train\11005.png,train\11005.png,11005.png,0,normal,gt_mask_empty,val
C:\Users\al774\.cache\kagglehub\datasets\vadimzavadskyi\kolektorsdd2-ksdd2\versions\1\train\11006.png,train\11006.png,11006.png,0,normal,gt_mask_empty,train
C:\Users\al774\.cache\kagglehub\datasets\vadimzavadskyi\kolektorsdd2-ksdd2\versions\1\train\11007.png,train\11007.png,11007.png,0,normal,gt_mask_empty,val
C:\Users\al774\.cache\kagglehub\datasets\vadimzavadskyi\kolektorsdd2-ksdd2\versions\1\train\11008.png,train\11008.png,11008.png,0,normal,gt_mask_empty,train
C:\Users\al774\.cache\kagglehub\datasets\vadimzavadskyi\kolektorsdd2-ksdd2\versions\1\train\11009.png,train\11009.png,11009.png,0,normal,gt_mask_empty,train
C:\Users\al774\.cache\kagglehub\datasets\vadimzavadskyi\kolektorsdd2-ksdd2\versions\1\train\11010.png,train\11010.png,11010.png,0,normal,gt_mask_empty,val
C:\Users\al774\.cache\kagglehub\datasets\vadimzavadskyi\kolektorsdd2-ksdd2\versions\1\train\11011.png,train\11011.png,11011.png,0,normal,gt_mask_empty,train
C:\Users\al774\.cache\kagglehub\datasets\vadimzavadskyi\kolektorsdd2-ksdd2\versions\1\train\11012.png,train\11012.png,11012.png,1,defective,gt_mask_defect(max_val=255),train
C:\Users\al774\.cache\kagglehub\datasets\vadimzavadskyi\kolektorsdd2-ksdd2\versions\1\train\11013.png,train\11013.png,11013.png,0,normal,gt_mask_empty,train
C:\Users\al774\.cache\kagglehub\datasets\vadimzavadskyi\kolektorsdd2-ksdd2\versions\1\train\11014.png,train\11014.png,11014.png,0,normal,gt_mask_empty,test
C:\Users\al774\.cache\kagglehub\datasets\vadimzavadskyi\kolektorsdd2-ksdd2\versions\1\train\11015.png,train\11015.png,11015.png,0,normal,gt_mask_empty,train
C:\Users\al774\.cache\kagglehub\datasets\vadimzavadskyi\kolektorsdd2-ksdd2\versions\1\train\11016.png,train\11016.png,11016.png,0,normal,gt_mask_empty,train
C:\Users\al774\.cache\kagglehub\datasets\vadimzavadskyi\kolektorsdd2-ksdd2\versions\1\train\11017.png,train\11017.png,11017.png,0,normal,gt_mask_empty,train
C:\Users\al774\.cache\kagglehub\datasets\vadimzavadskyi\kolektorsdd2-ksdd2\versions\1\train\11018.png,train\11018.png,11018.png,0,normal,gt_mask_empty,val
C:\Users\al774\.cache\kagglehub\datasets\vadimzavadskyi\kolektorsdd2-ksdd2\versions\1\train\11019.png,train\11019.png,11019.png,0,normal,gt_mask_empty,train
C:\Users\al774\.cache\kagglehub\datasets\vadimzavadskyi\kolektorsdd2-ksdd2\versions\1\train\11020.png,train\11020.png,11020.png,0,normal,gt_mask_empty,train
C:\Users\al774\.cache\kagglehub\datasets\vadimzavadskyi\kolektorsdd2-ksdd2\versions\1\train\11021.png,train\11021.png,11021.png,0,normal,gt_mask_empty,train
C:\Users\al774\.cache\kagglehub\datasets\vadimzavadskyi\kolektorsdd2-ksdd2\versions\1\train\11022.png,train\11022.png,11022.png,0,normal,gt_mask_empty,val
C:\Users\al774\.cache\kagglehub\datasets\vadimzavadskyi\kolektorsdd2-ksdd2\versions\1\train\11023.png,train\11023.png,11023.png,0,normal,gt_mask_empty,train
C:\Users\al774\.cache\kagglehub\datasets\vadimzavadskyi\kolektorsdd2-ksdd2\versions\1\train\11024.png,train\11024.png,11024.png,0,normal,gt_mask_empty,train
C:\Users\al774\.cache\kagglehub\datasets\vadimzavadskyi\kolektorsdd2-ksdd2\versions\1\train\11025.png,train\11025.png,11025.png,1,defective,gt_mask_defect(max_val=255),val
C:\Users\al774\.cache\kagglehub\datasets\vadimzavadskyi\kolektorsdd2-ksdd2\versions\1\train\11026.png,train\11026.png,11026.png,0,normal,gt_mask_empty,train
C:\Users\al774\.cache\kagglehub\datasets\vadimzavadskyi\kolektorsdd2-ksdd2\versions\1\train\11027.png,train\11027.png,11027.png,0,normal,gt_mask_empty,train
C:\Users\al774\.cache\kagglehub\datasets\vadimzavadskyi\kolektorsdd2-ksdd2\versions\1\train\11028.png,train\11028.png,11028.png,0,normal,gt_mask_empty,train
C:\Users\al774\.cache\kagglehub\datasets\vadimzavadskyi\kolektorsdd2-ksdd2\versions\1\train\11029.png,train\11029.png,11029.png,0,normal,gt_mask_empty,val
C:\Users\al774\.cache\kagglehub\datasets\vadimzavadskyi\kolektorsdd2-ksdd2\versions\1\train\11030.png,train\11030.png,11030.png,0,normal,gt_mask_empty,train
C:\Users\al774\.cache\kagglehub\datasets\vadimzavadskyi\kolektorsdd2-ksdd2\versions\1\train\11031.png,train\11031.png,11031.png,0,normal,gt_mask_empty,train
C:\Users\al774\.cache\kagglehub\datasets\vadimzavadskyi\kolektorsdd2-ksdd2\versions\1\train\11032.png,train\11032.png,11032.png,0,normal,gt_mask_empty,test
C:\Users\al774\.cache\kagglehub\datasets\vadimzavadskyi\kolektorsdd2-ksdd2\versions\1\train\11033.png,train\11033.png,11033.png,0,normal,gt_mask_empty,train
C:\Users\al774\.cache\kagglehub\datasets\vadimzavadskyi\kolektorsdd2-ksdd2\versions\1\train\11034.png,train\11034.png,11034.png,0,normal,gt_mask_empty,test
C:\Users\al774\.cache\kagglehub\datasets\vadimzavadskyi\kolektorsdd2-ksdd2\versions\1\train\11035.png,train\11035.png,11035.png,0,normal,gt_mask_empty,train
C:\Users\al774\.cache\kagglehub\datasets\vadimzavadskyi\kolektorsdd2-ksdd2\versions\1\train\11036.png,train\11036.png,11036.png,0,normal,gt_mask_empty,test
C:\Users\al774\.cache\kagglehub\datasets\vadimzavadskyi\kolektorsdd2-ksdd2\versions\1\train\11037.png,train\11037.png,11037.png,0,normal,gt_mask_empty,test
C:\Users\al774\.cache\kagglehub\datasets\vadimzavadskyi\kolektorsdd2-ksdd2\versions\1\train\11038.png,train\11038.png,11038.png,0,normal,gt_mask_empty,train
C:\Users\al774\.cache\kagglehub\datasets\vadimzavadskyi\kolektorsdd2-ksdd2\versions\1\train\11039.png,train\11039.png,11039.png,0,normal,gt_mask_empty,train
C:\Users\al774\.cache\kagglehub\datasets\vadimzavadskyi\kolektorsdd2-ksdd2\versions\1\train\11040.png,train\11040.png,11040.png,1,defective,gt_mask_defect(max_val=255),train
C:\Users\al774\.cache\kagglehub\datasets\vadimzavadskyi\kolektorsdd2-ksdd2\versions\1\train\11041.png,train\11041.png,11041.png,0,normal,gt_mask_empty,test
C:\Users\al774\.cache\kagglehub\datasets\vadimzavadskyi\kolektorsdd2-ksdd2\versions\1\train\11042.png,train\11042.png,11042.png,0,normal,gt_mask_empty,val
C:\Users\al774\.cache\kagglehub\datasets\vadimzavadskyi\kolektorsdd2-ksdd2\versions\1\train\11043.png,train\11043.png,11043.png,0,normal,gt_mask_empty,train
C:\Users\al774\.cache\kagglehub\datasets\vadimzavadskyi\kolektorsdd2-ksdd2\versions\1\train\11044.png,train\11044.png,11044.png,0,normal,gt_mask_empty,train
C:\Users\al774\.cache\kagglehub\datasets\vadimzavadskyi\kolektorsdd2-ksdd2\versions\1\train\11045.png,train\11045.png,11045.png,0,normal,gt_mask_empty,train
C:\Users\al774\.cache\kagglehub\datasets\vadimzavadskyi\kolektorsdd2-ksdd2\versions\1\train\11046.png,train\11046.png,11046.png,0,normal,gt_mask_empty,train
C:\Users\al774\.cache\kagglehub\datasets\vadimzavadskyi\kolektorsdd2-ksdd2\versions\1\train\11047.png,train\11047.png,11047.png,0,normal,gt_mask_empty,train
C:\Users\al774\.cache\kagglehub\datasets\vadimzavadskyi\kolektorsdd2-ksdd2\versions\1\train\11048.png,train\11048.png,11048.png,0,normal,gt_mask_empty,train
C:\Users\al774\.cache\kagglehub\datasets\vadimzavadskyi\kolektorsdd2-ksdd2\versions\1\train\11049.png,train\11049.png,11049.png,0,normal,gt_mask_empty,train
C:\Users\al774\.cache\kagglehub\datasets\vadimzavadskyi\kolektorsdd2-ksdd2\versions\1\train\11050.png,train\11050.png,11050.png,0,normal,gt_mask_empty,val
C:\Users\al774\.cache\kagglehub\datasets\vadimzavadskyi\kolektorsdd2-ksdd2\versions\1\train\11051.png,train\11051.png,11051.png,0,normal,gt_mask_empty,train
C:\Users\al774\.cache\kagglehub\datasets\vadimzavadskyi\kolektorsdd2-ksdd2\versions\1\train\11052.png,train\11052.png,11052.png,1,defective,gt_mask_defect(max_val=255),train
C:\Users\al774\.cache\kagglehub\datasets\vadimzavadskyi\kolektorsdd2-ksdd2\versions\1\train\11053.png,train\11053.png,11053.png,0,normal,gt_mask_empty,val
C:\Users\al774\.cache\kagglehub\datasets\vadimzavadskyi\kolektorsdd2-ksdd2\versions\1\train\11054.png,train\11054.png,11054.png,0,normal,gt_mask_empty,train
C:\Users\al774\.cache\kagglehub\datasets\vadimzavadskyi\kolektorsdd2-ksdd2\versions\1\train\11055.png,train\11055.png,11055.png,0,normal,gt_mask_empty,train
C:\Users\al774\.cache\kagglehub\datasets\vadimzavadskyi\kolektorsdd2-ksdd2\versions\1\train\11056.png,train\11056.png,11056.png,0,normal,gt_mask_empty,val
C:\Users\al774\.cache\kagglehub\datasets\vadimzavadskyi\kolektorsdd2-ksdd2\versions\1\train\11057.png,train\11057.png,11057.png,0,normal,gt_mask_empty,train
C:\Users\al774\.cache\kagglehub\datasets\vadimzavadskyi\kolektorsdd2-ksdd2\versions\1\train\11058.png,train\11058.png,11058.png,0,normal,gt_mask_empty,val
C:\Users\al774\.cache\kagglehub\datasets\vadimzavadskyi\kolektorsdd2-ksdd2\versions\1\train\11059.png,train\11059.png,11059.png,0,normal,gt_mask_empty,train
C:\Users\al774\.cache\kagglehub\datasets\vadimzavadskyi\kolektorsdd2-ksdd2\versions\1\train\11060.png,train\11060.png,11060.png,0,normal,gt_mask_empty,train
C:\Users\al774\.cache\kagglehub\datasets\vadimzavadskyi\kolektorsdd2-ksdd2\versions\1\train\11061.png,train\11061.png,11061.png,1,defective,gt_mask_defect(max_val=255),val
C:\Users\al774\.cache\kagglehub\datasets\vadimzavadskyi\kolektorsdd2-ksdd2\versions\1\train\11062.png,train\11062.png,11062.png,0,normal,gt_mask_empty,train
C:\Users\al774\.cache\kagglehub\datasets\vadimzavadskyi\kolektorsdd2-ksdd2\versions\1\train\11063.png,train\11063.png,11063.png,0,normal,gt_mask_empty,train
C:\Users\al774\.cache\kagglehub\datasets\vadimzavadskyi\kolektorsdd2-ksdd2\versions\1\train\11064.png,train\11064.png,11064.png,0,normal,gt_mask_empty,val
C:\Users\al774\.cache\kagglehub\datasets\vadimzavadskyi\kolektorsdd2-ksdd2\versions\1\train\11065.png,train\11065.png,11065.png,0,normal,gt_mask_empty,train
C:\Users\al774\.cache\kagglehub\datasets\vadimzavadskyi\kolektorsdd2-ksdd2\versions\1\train\11066.png,train\11066.png,11066.png,0,normal,gt_mask_empty,train
C:\Users\al774\.cache\kagglehub\datasets\vadimzavadskyi\kolektorsdd2-ksdd2\versions\1\train\11067.png,train\11067.png,11067.png,0,normal,gt_mask_empty,test
C:\Users\al774\.cache\kagglehub\datasets\vadimzavadskyi\kolektorsdd2-ksdd2\versions\1\train\11068.png,train\11068.png,11068.png,0,normal,gt_mask_empty,test
C:\Users\al774\.cache\kagglehub\datasets\vadimzavadskyi\kolektorsdd2-ksdd2\versions\1\train\11069.png,train\11069.png,11069.png,0,normal,gt_mask_empty,val
C:\Users\al774\.cache\kagglehub\datasets\vadimzavadskyi\kolektorsdd2-ksdd2\versions\1\train\11070.png,train\11070.png,11070.png,0,normal,gt_mask_empty,train
C:\Users\al774\.cache\kagglehub\datasets\vadimzavadskyi\kolektorsdd2-ksdd2\versions\1\train\11071.png,train\11071.png,11071.png,0,normal,gt_mask_empty,test
C:\Users\al774\.cache\kagglehub\datasets\vadimzavadskyi\kolektorsdd2-ksdd2\versions\1\train\11072.png,train\11072.png,11072.png,0,normal,gt_mask_empty,val
C:\Users\al774\.cache\kagglehub\datasets\vadimzavadskyi\kolektorsdd2-ksdd2\versions\1\train\11073.png,train\11073.png,11073.png,0,normal,gt_mask_empty,train
C:\Users\al774\.cache\kagglehub\datasets\vadimzavadskyi\kolektorsdd2-ksdd2\versions\1\train\11074.png,train\11074.png,11074.png,1,defective,gt_mask_defect(max_val=255),train
C:\Users\al774\.cache\kagglehub\datasets\vadimzavadskyi\kolektorsdd2-ksdd2\versions\1\train\11075.png,train\11075.png,11075.png,0,normal,gt_mask_empty,train
C:\Users\al774\.cache\kagglehub\datasets\vadimzavadskyi\kolektorsdd2-ksdd2\versions\1\train\11076.png,train\11076.png,11076.png,0,normal,gt_mask_empty,train
C:\Users\al774\.cache\kagglehub\datasets\vadimzavadskyi\kolektorsdd2-ksdd2\versions\1\train\11077.png,train\11077.png,11077.png,0,normal,gt_mask_empty,train
C:\Users\al774\.cache\kagglehub\datasets\vadimzavadskyi\kolektorsdd2-ksdd2\versions\1\train\11078.png,train\11078.png,11078.png,0,normal,gt_mask_empty,train
C:\Users\al774\.cache\kagglehub\datasets\vadimzavadskyi\kolektorsdd2-ksdd2\versions\1\train\11079.png,train\11079.png,11079.png,0,normal,gt_mask_empty,train
C:\Users\al774\.cache\kagglehub\datasets\vadimzavadskyi\kolektorsdd2-ksdd2\versions\1\train\11080.png,train\11080.png,11080.png,0,normal,gt_mask_empty,val
C:\Users\al774\.cache\kagglehub\datasets\vadimzavadskyi\kolektorsdd2-ksdd2\versions\1\train\11081.png,train\11081.png,11081.png,0,normal,gt_mask_empty,train
C:\Users\al774\.cache\kagglehub\datasets\vadimzavadskyi\kolektorsdd2-ksdd2\versions\1\train\11082.png,train\11082.png,11082.png,0,normal,gt_mask_empty,train
C:\Users\al774\.cache\kagglehub\datasets\vadimzavadskyi\kolektorsdd2-ksdd2\versions\1\train\11083.png,train\11083.png,11083.png,0,normal,gt_mask_empty,train
C:\Users\al774\.cache\kagglehub\datasets\vadimzavadskyi\kolektorsdd2-ksdd2\versions\1\train\11084.png,train\11084.png,11084.png,0,normal,gt_mask_empty,train
C:\Users\al774\.cache\kagglehub\datasets\vadimzavadskyi\kolektorsdd2-ksdd2\versions\1\train\11085.png,train\11085.png,11085.png,0,normal,gt_mask_empty,train
C:\Users\al774\.cache\kagglehub\datasets\vadimzavadskyi\kolektorsdd2-ksdd2\versions\1\train\11086.png,train\11086.png,11086.png,0,normal,gt_mask_empty,train
C:\Users\al774\.cache\kagglehub\datasets\vadimzavadskyi\kolektorsdd2-ksdd2\versions\1\train\11087.png,train\11087.png,11087.png,0,normal,gt_mask_empty,val
C:\Users\al774\.cache\kagglehub\datasets\vadimzavadskyi\kolektorsdd2-ksdd2\versions\1\train\11088.png,train\11088.png,11088.png,1,defective,gt_mask_defect(max_val=255),val
C:\Users\al774\.cache\kagglehub\datasets\vadimzavadskyi\kolektorsdd2-ksdd2\versions\1\train\11089.png,train\11089.png,11089.png,0,normal,gt_mask_empty,train
C:\Users\al774\.cache\kagglehub\datasets\vadimzavadskyi\kolektorsdd2-ksdd2\versions\1\train\11090.png,train\11090.png,11090.png,0,normal,gt_mask_empty,train
C:\Users\al774\.cache\kagglehub\datasets\vadimzavadskyi\kolektorsdd2-ksdd2\versions\1\train\11091.png,train\11091.png,11091.png,0,normal,gt_mask_empty,train
C:\Users\al774\.cache\kagglehub\datasets\vadimzavadskyi\kolektorsdd2-ksdd2\versions\1\train\11092.png,train\11092.png,11092.png,0,normal,gt_mask_empty,train
C:\Users\al774\.cache\kagglehub\datasets\vadimzavadskyi\kolektorsdd2-ksdd2\versions\1\train\11093.png,train\11093.png,11093.png,1,defective,gt_mask_defect(max_val=255),val
C:\Users\al774\.cache\kagglehub\datasets\vadimzavadskyi\kolektorsdd2-ksdd2\versions\1\train\11094.png,train\11094.png,11094.png,1,defective,gt_mask_defect(max_val=255),train
C:\Users\al774\.cache\kagglehub\datasets\vadimzavadskyi\kolektorsdd2-ksdd2\versions\1\train\11095.png,train\11095.png,11095.png,0,normal,gt_mask_empty,val
C:\Users\al774\.cache\kagglehub\datasets\vadimzavadskyi\kolektorsdd2-ksdd2\versions\1\train\11096.png,train\11096.png,11096.png,0,normal,gt_mask_empty,train
C:\Users\al774\.cache\kagglehub\datasets\vadimzavadskyi\kolektorsdd2-ksdd2\versions\1\train\11097.png,train\11097.png,11097.png,0,normal,gt_mask_empty,train
C:\Users\al774\.cache\kagglehub\datasets\vadimzavadskyi\kolektorsdd2-ksdd2\versions\1\train\11098.png,train\11098.png,11098.png,0,normal,gt_mask_empty,train
C:\Users\al774\.cache\kagglehub\datasets\vadimzavadskyi\kolektorsdd2-ksdd2\versions\1\train\11099.png,train\11099.png,11099.png,0,normal,gt_mask_empty,train
C:\Users\al774\.cache\kagglehub\datasets\vadimzavadskyi\kolektorsdd2-ksdd2\versions\1\train\11100.png,train\11100.png,11100.png,0,normal,gt_mask_empty,train
C:\Users\al774\.cache\kagglehub\datasets\vadimzavadskyi\kolektorsdd2-ksdd2\versions\1\train\11101.png,train\11101.png,11101.png,1,defective,gt_mask_defect(max_val=255),test
C:\Users\al774\.cache\kagglehub\datasets\vadimzavadskyi\kolektorsdd2-ksdd2\versions\1\train\11102.png,train\11102.png,11102.png,0,normal,gt_mask_empty,val
C:\Users\al774\.cache\kagglehub\datasets\vadimzavadskyi\kolektorsdd2-ksdd2\versions\1\train\11103.png,train\11103.png,11103.png,0,normal,gt_mask_empty,train
C:\Users\al774\.cache\kagglehub\datasets\vadimzavadskyi\kolektorsdd2-ksdd2\versions\1\train\11104.png,train\11104.png,11104.png,0,normal,gt_mask_empty,train
C:\Users\al774\.cache\kagglehub\datasets\vadimzavadskyi\kolektorsdd2-ksdd2\versions\1\train\11105.png,train\11105.png,11105.png,0,normal,gt_mask_empty,val
C:\Users\al774\.cache\kagglehub\datasets\vadimzavadskyi\kolektorsdd2-ksdd2\versions\1\train\11106.png,train\11106.png,11106.png,0,normal,gt_mask_empty,train
C:\Users\al774\.cache\kagglehub\datasets\vadimzavadskyi\kolektorsdd2-ksdd2\versions\1\train\11107.png,train\11107.png,11107.png,0,normal,gt_mask_empty,train
C:\Users\al774\.cache\kagglehub\datasets\vadimzavadskyi\kolektorsdd2-ksdd2\versions\1\train\11108.png,train\11108.png,11108.png,0,normal,gt_mask_empty,test
C:\Users\al774\.cache\kagglehub\datasets\vadimzavadskyi\kolektorsdd2-ksdd2\versions\1\train\11109.png,train\11109.png,11109.png,0,normal,gt_mask_empty,train
C:\Users\al774\.cache\kagglehub\datasets\vadimzavadskyi\kolektorsdd2-ksdd2\versions\1\train\11110.png,train\11110.png,11110.png,0,normal,gt_mask_empty,train
C:\Users\al774\.cache\kagglehub\datasets\vadimzavadskyi\kolektorsdd2-ksdd2\versions\1\train\11111.png,train\11111.png,11111.png,0,normal,gt_mask_empty,test
C:\Users\al774\.cache\kagglehub\datasets\vadimzavadskyi\kolektorsdd2-ksdd2\versions\1\train\11112.png,train\11112.png,11112.png,0,normal,gt_mask_empty,train
C:\Users\al774\.cache\kagglehub\datasets\vadimzavadskyi\kolektorsdd2-ksdd2\versions\1\train\11113.png,train\11113.png,11113.png,0,normal,gt_mask_empty,val
C:\Users\al774\.cache\kagglehub\datasets\vadimzavadskyi\kolektorsdd2-ksdd2\versions\1\train\11114.png,train\11114.png,11114.png,0,normal,gt_mask_empty,test
C:\Users\al774\.cache\kagglehub\datasets\vadimzavadskyi\kolektorsdd2-ksdd2\versions\1\train\11115.png,train\11115.png,11115.png,0,normal,gt_mask_empty,train
C:\Users\al774\.cache\kagglehub\datasets\vadimzavadskyi\kolektorsdd2-ksdd2\versions\1\train\11116.png,train\11116.png,11116.png,0,normal,gt_mask_empty,test
C:\Users\al774\.cache\kagglehub\datasets\vadimzavadskyi\kolektorsdd2-ksdd2\versions\1\train\11117.png,train\11117.png,11117.png,0,normal,gt_mask_empty,train
C:\Users\al774\.cache\kagglehub\datasets\vadimzavadskyi\kolektorsdd2-ksdd2\versions\1\train\11118.png,train\11118.png,11118.png,0,normal,gt_mask_empty,train
C:\Users\al774\.cache\kagglehub\datasets\vadimzavadskyi\kolektorsdd2-ksdd2\versions\1\train\11119.png,train\11119.png,11119.png,0,normal,gt_mask_empty,train
C:\Users\al774\.cache\kagglehub\datasets\vadimzavadskyi\kolektorsdd2-ksdd2\versions\1\train\11120.png,train\11120.png,11120.png,0,normal,gt_mask_empty,test
C:\Users\al774\.cache\kagglehub\datasets\vadimzavadskyi\kolektorsdd2-ksdd2\versions\1\train\11121.png,train\11121.png,11121.png,0,normal,gt_mask_empty,train
C:\Users\al774\.cache\kagglehub\datasets\vadimzavadskyi\kolektorsdd2-ksdd2\versions\1\train\11122.png,train\11122.png,11122.png,0,normal,gt_mask_empty,test
C:\Users\al774\.cache\kagglehub\datasets\vadimzavadskyi\kolektorsdd2-ksdd2\versions\1\train\11123.png,train\11123.png,11123.png,0,normal,gt_mask_empty,train
C:\Users\al774\.cache\kagglehub\datasets\vadimzavadskyi\kolektorsdd2-ksdd2\versions\1\train\11124.png,train\11124.png,11124.png,0,normal,gt_mask_empty,val
C:\Users\al774\.cache\kagglehub\datasets\vadimzavadskyi\kolektorsdd2-ksdd2\versions\1\train\11125.png,train\11125.png,11125.png,0,normal,gt_mask_empty,train
C:\Users\al774\.cache\kagglehub\datasets\vadimzavadskyi\kolektorsdd2-ksdd2\versions\1\train\11126.png,train\11126.png,11126.png,0,normal,gt_mask_empty,train
C:\Users\al774\.cache\kagglehub\datasets\vadimzavadskyi\kolektorsdd2-ksdd2\versions\1\train\11127.png,train\11127.png,11127.png,0,normal,gt_mask_empty,test
C:\Users\al774\.cache\kagglehub\datasets\vadimzavadskyi\kolektorsdd2-ksdd2\versions\1\train\11128.png,train\11128.png,11128.png,0,normal,gt_mask_empty,train
C:\Users\al774\.cache\kagglehub\datasets\vadimzavadskyi\kolektorsdd2-ksdd2\versions\1\train\11129.png,train\11129.png,11129.png,0,normal,gt_mask_empty,val
C:\Users\al774\.cache\kagglehub\datasets\vadimzavadskyi\kolektorsdd2-ksdd2\versions\1\train\11130.png,train\11130.png,11130.png,0,normal,gt_mask_empty,train
C:\Users\al774\.cache\kagglehub\datasets\vadimzavadskyi\kolektorsdd2-ksdd2\versions\1\train\11131.png,train\11131.png,11131.png,0,normal,gt_mask_empty,train
C:\Users\al774\.cache\kagglehub\datasets\vadimzavadskyi\kolektorsdd2-ksdd2\versions\1\train\11132.png,train\11132.png,11132.png,0,normal,gt_mask_empty,train
C:\Users\al774\.cache\kagglehub\datasets\vadimzavadskyi\kolektorsdd2-ksdd2\versions\1\train\11133.png,train\11133.png,11133.png,0,normal,gt_mask_empty,train
C:\Users\al774\.cache\kagglehub\datasets\vadimzavadskyi\kolektorsdd2-ksdd2\versions\1\train\11134.png,train\11134.png,11134.png,0,normal,gt_mask_empty,train
C:\Users\al774\.cache\kagglehub\datasets\vadimzavadskyi\kolektorsdd2-ksdd2\versions\1\train\11135.png,train\11135.png,11135.png,1,defective,gt_mask_defect(max_val=255),train
C:\Users\al774\.cache\kagglehub\datasets\vadimzavadskyi\kolektorsdd2-ksdd2\versions\1\train\11136.png,train\11136.png,11136.png,0,normal,gt_mask_empty,train
C:\Users\al774\.cache\kagglehub\datasets\vadimzavadskyi\kolektorsdd2-ksdd2\versions\1\train\11137.png,train\11137.png,11137.png,0,normal,gt_mask_empty,train
C:\Users\al774\.cache\kagglehub\datasets\vadimzavadskyi\kolektorsdd2-ksdd2\versions\1\train\11138.png,train\11138.png,11138.png,0,normal,gt_mask_empty,train
C:\Users\al774\.cache\kagglehub\datasets\vadimzavadskyi\kolektorsdd2-ksdd2\versions\1\train\11139.png,train\11139.png,11139.png,1,defective,gt_mask_defect(max_val=255),train
C:\Users\al774\.cache\kagglehub\datasets\vadimzavadskyi\kolektorsdd2-ksdd2\versions\1\train\11140.png,train\11140.png,11140.png,0,normal,gt_mask_empty,test
C:\Users\al774\.cache\kagglehub\datasets\vadimzavadskyi\kolektorsdd2-ksdd2\versions\1\train\11141.png,train\11141.png,11141.png,0,normal,gt_mask_empty,train
C:\Users\al774\.cache\kagglehub\datasets\vadimzavadskyi\kolektorsdd2-ksdd2\versions\1\train\11142.png,train\11142.png,11142.png,0,normal,gt_mask_empty,val
C:\Users\al774\.cache\kagglehub\datasets\vadimzavadskyi\kolektorsdd2-ksdd2\versions\1\train\11143.png,train\11143.png,11143.png,0,normal,gt_mask_empty,train
C:\Users\al774\.cache\kagglehub\datasets\vadimzavadskyi\kolektorsdd2-ksdd2\versions\1\train\11144.png,train\11144.png,11144.png,0,normal,gt_mask_empty,train
C:\Users\al774\.cache\kagglehub\datasets\vadimzavadskyi\kolektorsdd2-ksdd2\versions\1\train\11145.png,train\11145.png,11145.png,0,normal,gt_mask_empty,train
C:\Users\al774\.cache\kagglehub\datasets\vadimzavadskyi\kolektorsdd2-ksdd2\versions\1\train\11146.png,train\11146.png,11146.png,0,normal,gt_mask_empty,val
C:\Users\al774\.cache\kagglehub\datasets\vadimzavadskyi\kolektorsdd2-ksdd2\versions\1\train\11147.png,train\11147.png,11147.png,0,normal,gt_mask_empty,train
C:\Users\al774\.cache\kagglehub\datasets\vadimzavadskyi\kolektorsdd2-ksdd2\versions\1\train\11148.png,train\11148.png,11148.png,0,normal,gt_mask_empty,train
C:\Users\al774\.cache\kagglehub\datasets\vadimzavadskyi\kolektorsdd2-ksdd2\versions\1\train\11149.png,train\11149.png,11149.png,0,normal,gt_mask_empty,train
C:\Users\al774\.cache\kagglehub\datasets\vadimzavadskyi\kolektorsdd2-ksdd2\versions\1\train\11150.png,train\11150.png,11150.png,0,normal,gt_mask_empty,train
C:\Users\al774\.cache\kagglehub\datasets\vadimzavadskyi\kolektorsdd2-ksdd2\versions\1\train\11151.png,train\11151.png,11151.png,0,normal,gt_mask_empty,train
C:\Users\al774\.cache\kagglehub\datasets\vadimzavadskyi\kolektorsdd2-ksdd2\versions\1\train\11152.png,train\11152.png,11152.png,0,normal,gt_mask_empty,train
C:\Users\al774\.cache\kagglehub\datasets\vadimzavadskyi\kolektorsdd2-ksdd2\versions\1\train\11153.png,train\11153.png,11153.png,0,normal,gt_mask_empty,test
C:\Users\al774\.cache\kagglehub\datasets\vadimzavadskyi\kolektorsdd2-ksdd2\versions\1\train\11154.png,train\11154.png,11154.png,0,normal,gt_mask_empty,test
C:\Users\al774\.cache\kagglehub\datasets\vadimzavadskyi\kolektorsdd2-ksdd2\versions\1\train\11155.png,train\11155.png,11155.png,0,normal,gt_mask_empty,train
C:\Users\al774\.cache\kagglehub\datasets\vadimzavadskyi\kolektorsdd2-ksdd2\versions\1\train\11156.png,train\11156.png,11156.png,0,normal,gt_mask_empty,train
C:\Users\al774\.cache\kagglehub\datasets\vadimzavadskyi\kolektorsdd2-ksdd2\versions\1\train\11157.png,train\11157.png,11157.png,0,normal,gt_mask_empty,train
C:\Users\al774\.cache\kagglehub\datasets\vadimzavadskyi\kolektorsdd2-ksdd2\versions\1\train\11158.png,train\11158.png,11158.png,0,normal,gt_mask_empty,val
C:\Users\al774\.cache\kagglehub\datasets\vadimzavadskyi\kolektorsdd2-ksdd2\versions\1\train\11159.png,train\11159.png,11159.png,0,normal,gt_mask_empty,train
C:\Users\al774\.cache\kagglehub\datasets\vadimzavadskyi\kolektorsdd2-ksdd2\versions\1\train\11160.png,train\11160.png,11160.png,0,normal,gt_mask_empty,train
C:\Users\al774\.cache\kagglehub\datasets\vadimzavadskyi\kolektorsdd2-ksdd2\versions\1\train\11161.png,train\11161.png,11161.png,0,normal,gt_mask_empty,train
C:\Users\al774\.cache\kagglehub\datasets\vadimzavadskyi\kolektorsdd2-ksdd2\versions\1\train\11162.png,train\11162.png,11162.png,0,normal,gt_mask_empty,train
C:\Users\al774\.cache\kagglehub\datasets\vadimzavadskyi\kolektorsdd2-ksdd2\versions\1\train\11163.png,train\11163.png,11163.png,0,normal,gt_mask_empty,train
C:\Users\al774\.cache\kagglehub\datasets\vadimzavadskyi\kolektorsdd2-ksdd2\versions\1\train\11164.png,train\11164.png,11164.png,0,normal,gt_mask_empty,train
C:\Users\al774\.cache\kagglehub\datasets\vadimzavadskyi\kolektorsdd2-ksdd2\versions\1\train\11165.png,train\11165.png,11165.png,0,normal,gt_mask_empty,test
C:\Users\al774\.cache\kagglehub\datasets\vadimzavadskyi\kolektorsdd2-ksdd2\versions\1\train\11166.png,train\11166.png,11166.png,0,normal,gt_mask_empty,test
C:\Users\al774\.cache\kagglehub\datasets\vadimzavadskyi\kolektorsdd2-ksdd2\versions\1\train\11167.png,train\11167.png,11167.png,0,normal,gt_mask_empty,val
C:\Users\al774\.cache\kagglehub\datasets\vadimzavadskyi\kolektorsdd2-ksdd2\versions\1\train\11168.png,train\11168.png,11168.png,0,normal,gt_mask_empty,train
C:\Users\al774\.cache\kagglehub\datasets\vadimzavadskyi\kolektorsdd2-ksdd2\versions\1\train\11169.png,train\11169.png,11169.png,1,defective,gt_mask_defect(max_val=255),train
C:\Users\al774\.cache\kagglehub\datasets\vadimzavadskyi\kolektorsdd2-ksdd2\versions\1\train\11170.png,train\11170.png,11170.png,0,normal,gt_mask_empty,test
C:\Users\al774\.cache\kagglehub\datasets\vadimzavadskyi\kolektorsdd2-ksdd2\versions\1\train\11171.png,train\11171.png,11171.png,0,normal,gt_mask_empty,train
C:\Users\al774\.cache\kagglehub\datasets\vadimzavadskyi\kolektorsdd2-ksdd2\versions\1\train\11172.png,train\11172.png,11172.png,0,normal,gt_mask_empty,train
C:\Users\al774\.cache\kagglehub\datasets\vadimzavadskyi\kolektorsdd2-ksdd2\versions\1\train\11173.png,train\11173.png,11173.png,0,normal,gt_mask_empty,train
C:\Users\al774\.cache\kagglehub\datasets\vadimzavadskyi\kolektorsdd2-ksdd2\versions\1\train\11174.png,train\11174.png,11174.png,0,normal,gt_mask_empty,train
C:\Users\al774\.cache\kagglehub\datasets\vadimzavadskyi\kolektorsdd2-ksdd2\versions\1\train\11175.png,train\11175.png,11175.png,0,normal,gt_mask_empty,train
C:\Users\al774\.cache\kagglehub\datasets\vadimzavadskyi\kolektorsdd2-ksdd2\versions\1\train\11176.png,train\11176.png,11176.png,0,normal,gt_mask_empty,train
C:\Users\al774\.cache\kagglehub\datasets\vadimzavadskyi\kolektorsdd2-ksdd2\versions\1\train\11177.png,train\11177.png,11177.png,0,normal,gt_mask_empty,train
C:\Users\al774\.cache\kagglehub\datasets\vadimzavadskyi\kolektorsdd2-ksdd2\versions\1\train\11178.png,train\11178.png,11178.png,1,defective,gt_mask_defect(max_val=255),train
C:\Users\al774\.cache\kagglehub\datasets\vadimzavadskyi\kolektorsdd2-ksdd2\versions\1\train\11179.png,train\11179.png,11179.png,0,normal,gt_mask_empty,train
C:\Users\al774\.cache\kagglehub\datasets\vadimzavadskyi\kolektorsdd2-ksdd2\versions\1\train\11180.png,train\11180.png,11180.png,0,normal,gt_mask_empty,val
C:\Users\al774\.cache\kagglehub\datasets\vadimzavadskyi\kolektorsdd2-ksdd2\versions\1\train\11181.png,train\11181.png,11181.png,0,normal,gt_mask_empty,train
C:\Users\al774\.cache\kagglehub\datasets\vadimzavadskyi\kolektorsdd2-ksdd2\versions\1\train\11182.png,train\11182.png,11182.png,0,normal,gt_mask_empty,train
C:\Users\al774\.cache\kagglehub\datasets\vadimzavadskyi\kolektorsdd2-ksdd2\versions\1\train\11183.png,train\11183.png,11183.png,0,normal,gt_mask_empty,test
C:\Users\al774\.cache\kagglehub\datasets\vadimzavadskyi\kolektorsdd2-ksdd2\versions\1\train\11184.png,train\11184.png,11184.png,0,normal,gt_mask_empty,test
C:\Users\al774\.cache\kagglehub\datasets\vadimzavadskyi\kolektorsdd2-ksdd2\versions\1\train\11185.png,train\11185.png,11185.png,0,normal,gt_mask_empty,train
C:\Users\al774\.cache\kagglehub\datasets\vadimzavadskyi\kolektorsdd2-ksdd2\versions\1\train\11186.png,train\11186.png,11186.png,0,normal,gt_mask_empty,train
C:\Users\al774\.cache\kagglehub\datasets\vadimzavadskyi\kolektorsdd2-ksdd2\versions\1\train\11187.png,train\11187.png,11187.png,1,defective,gt_mask_defect(max_val=255),train
C:\Users\al774\.cache\kagglehub\datasets\vadimzavadskyi\kolektorsdd2-ksdd2\versions\1\train\11188.png,train\11188.png,11188.png,0,normal,gt_mask_empty,train
C:\Users\al774\.cache\kagglehub\datasets\vadimzavadskyi\kolektorsdd2-ksdd2\versions\1\train\11189.png,train\11189.png,11189.png,0,normal,gt_mask_empty,train
C:\Users\al774\.cache\kagglehub\datasets\vadimzavadskyi\kolektorsdd2-ksdd2\versions\1\train\11190.png,train\11190.png,11190.png,1,defective,gt_mask_defect(max_val=255),train
C:\Users\al774\.cache\kagglehub\datasets\vadimzavadskyi\kolektorsdd2-ksdd2\versions\1\train\11191.png,train\11191.png,11191.png,0,normal,gt_mask_empty,train
C:\Users\al774\.cache\kagglehub\datasets\vadimzavadskyi\kolektorsdd2-ksdd2\versions\1\train\11192.png,train\11192.png,11192.png,0,normal,gt_mask_empty,train
C:\Users\al774\.cache\kagglehub\datasets\vadimzavadskyi\kolektorsdd2-ksdd2\versions\1\train\11193.png,train\11193.png,11193.png,0,normal,gt_mask_empty,train
C:\Users\al774\.cache\kagglehub\datasets\vadimzavadskyi\kolektorsdd2-ksdd2\versions\1\train\11194.png,train\11194.png,11194.png,0,normal,gt_mask_empty,train
C:\Users\al774\.cache\kagglehub\datasets\vadimzavadskyi\kolektorsdd2-ksdd2\versions\1\train\11195.png,train\11195.png,11195.png,1,defective,gt_mask_defect(max_val=255),train
C:\Users\al774\.cache\kagglehub\datasets\vadimzavadskyi\kolektorsdd2-ksdd2\versions\1\train\11196.png,train\11196.png,11196.png,0,normal,gt_mask_empty,test
C:\Users\al774\.cache\kagglehub\datasets\vadimzavadskyi\kolektorsdd2-ksdd2\versions\1\train\11197.png,train\11197.png,11197.png,0,normal,gt_mask_empty,val
C:\Users\al774\.cache\kagglehub\datasets\vadimzavadskyi\kolektorsdd2-ksdd2\versions\1\train\11198.png,train\11198.png,11198.png,0,normal,gt_mask_empty,train
C:\Users\al774\.cache\kagglehub\datasets\vadimzavadskyi\kolektorsdd2-ksdd2\versions\1\train\11199.png,train\11199.png,11199.png,0,normal,gt_mask_empty,train
C:\Users\al774\.cache\kagglehub\datasets\vadimzavadskyi\kolektorsdd2-ksdd2\versions\1\train\11200.png,train\11200.png,11200.png,0,normal,gt_mask_empty,train
C:\Users\al774\.cache\kagglehub\datasets\vadimzavadskyi\kolektorsdd2-ksdd2\versions\1\train\11201.png,train\11201.png,11201.png,0,normal,gt_mask_empty,train
C:\Users\al774\.cache\kagglehub\datasets\vadimzavadskyi\kolektorsdd2-ksdd2\versions\1\train\11202.png,train\11202.png,11202.png,0,normal,gt_mask_empty,test
C:\Users\al774\.cache\kagglehub\datasets\vadimzavadskyi\kolektorsdd2-ksdd2\versions\1\train\11203.png,train\11203.png,11203.png,0,normal,gt_mask_empty,test
C:\Users\al774\.cache\kagglehub\datasets\vadimzavadskyi\kolektorsdd2-ksdd2\versions\1\train\11204.png,train\11204.png,11204.png,0,normal,gt_mask_empty,val
C:\Users\al774\.cache\kagglehub\datasets\vadimzavadskyi\kolektorsdd2-ksdd2\versions\1\train\11205.png,train\11205.png,11205.png,0,normal,gt_mask_empty,train
C:\Users\al774\.cache\kagglehub\datasets\vadimzavadskyi\kolektorsdd2-ksdd2\versions\1\train\11206.png,train\11206.png,11206.png,0,normal,gt_mask_empty,train
C:\Users\al774\.cache\kagglehub\datasets\vadimzavadskyi\kolektorsdd2-ksdd2\versions\1\train\11207.png,train\11207.png,11207.png,0,normal,gt_mask_empty,train
C:\Users\al774\.cache\kagglehub\datasets\vadimzavadskyi\kolektorsdd2-ksdd2\versions\1\train\11208.png,train\11208.png,11208.png,0,normal,gt_mask_empty,train
C:\Users\al774\.cache\kagglehub\datasets\vadimzavadskyi\kolektorsdd2-ksdd2\versions\1\train\11209.png,train\11209.png,11209.png,0,normal,gt_mask_empty,val
C:\Users\al774\.cache\kagglehub\datasets\vadimzavadskyi\kolektorsdd2-ksdd2\versions\1\train\11210.png,train\11210.png,11210.png,0,normal,gt_mask_empty,val
C:\Users\al774\.cache\kagglehub\datasets\vadimzavadskyi\kolektorsdd2-ksdd2\versions\1\train\11211.png,train\11211.png,11211.png,0,normal,gt_mask_empty,train
C:\Users\al774\.cache\kagglehub\datasets\vadimzavadskyi\kolektorsdd2-ksdd2\versions\1\train\11212.png,train\11212.png,11212.png,0,normal,gt_mask_empty,val
C:\Users\al774\.cache\kagglehub\datasets\vadimzavadskyi\kolektorsdd2-ksdd2\versions\1\train\11213.png,train\11213.png,11213.png,0,normal,gt_mask_empty,train
C:\Users\al774\.cache\kagglehub\datasets\vadimzavadskyi\kolektorsdd2-ksdd2\versions\1\train\11214.png,train\11214.png,11214.png,1,defective,gt_mask_defect(max_val=255),train
C:\Users\al774\.cache\kagglehub\datasets\vadimzavadskyi\kolektorsdd2-ksdd2\versions\1\train\11215.png,train\11215.png,11215.png,0,normal,gt_mask_empty,val
C:\Users\al774\.cache\kagglehub\datasets\vadimzavadskyi\kolektorsdd2-ksdd2\versions\1\train\11216.png,train\11216.png,11216.png,0,normal,gt_mask_empty,train
C:\Users\al774\.cache\kagglehub\datasets\vadimzavadskyi\kolektorsdd2-ksdd2\versions\1\train\11217.png,train\11217.png,11217.png,0,normal,gt_mask_empty,train
C:\Users\al774\.cache\kagglehub\datasets\vadimzavadskyi\kolektorsdd2-ksdd2\versions\1\train\11218.png,train\11218.png,11218.png,0,normal,gt_mask_empty,val
C:\Users\al774\.cache\kagglehub\datasets\vadimzavadskyi\kolektorsdd2-ksdd2\versions\1\train\11219.png,train\11219.png,11219.png,0,normal,gt_mask_empty,train
C:\Users\al774\.cache\kagglehub\datasets\vadimzavadskyi\kolektorsdd2-ksdd2\versions\1\train\11220.png,train\11220.png,11220.png,0,normal,gt_mask_empty,train
C:\Users\al774\.cache\kagglehub\datasets\vadimzavadskyi\kolektorsdd2-ksdd2\versions\1\train\11221.png,train\11221.png,11221.png,0,normal,gt_mask_empty,train
C:\Users\al774\.cache\kagglehub\datasets\vadimzavadskyi\kolektorsdd2-ksdd2\versions\1\train\11222.png,train\11222.png,11222.png,0,normal,gt_mask_empty,train
C:\Users\al774\.cache\kagglehub\datasets\vadimzavadskyi\kolektorsdd2-ksdd2\versions\1\train\11223.png,train\11223.png,11223.png,0,normal,gt_mask_empty,test
C:\Users\al774\.cache\kagglehub\datasets\vadimzavadskyi\kolektorsdd2-ksdd2\versions\1\train\11224.png,train\11224.png,11224.png,0,normal,gt_mask_empty,train
C:\Users\al774\.cache\kagglehub\datasets\vadimzavadskyi\kolektorsdd2-ksdd2\versions\1\train\11225.png,train\11225.png,11225.png,0,normal,gt_mask_empty,test
C:\Users\al774\.cache\kagglehub\datasets\vadimzavadskyi\kolektorsdd2-ksdd2\versions\1\train\11226.png,train\11226.png,11226.png,0,normal,gt_mask_empty,train
C:\Users\al774\.cache\kagglehub\datasets\vadimzavadskyi\kolektorsdd2-ksdd2\versions\1\train\11227.png,train\11227.png,11227.png,0,normal,gt_mask_empty,test
C:\Users\al774\.cache\kagglehub\datasets\vadimzavadskyi\kolektorsdd2-ksdd2\versions\1\train\11228.png,train\11228.png,11228.png,1,defective,gt_mask_defect(max_val=255),train
C:\Users\al774\.cache\kagglehub\datasets\vadimzavadskyi\kolektorsdd2-ksdd2\versions\1\train\11229.png,train\11229.png,11229.png,0,normal,gt_mask_empty,train
C:\Users\al774\.cache\kagglehub\datasets\vadimzavadskyi\kolektorsdd2-ksdd2\versions\1\train\11230.png,train\11230.png,11230.png,1,defective,gt_mask_defect(max_val=255),train
C:\Users\al774\.cache\kagglehub\datasets\vadimzavadskyi\kolektorsdd2-ksdd2\versions\1\train\11231.png,train\11231.png,11231.png,0,normal,gt_mask_empty,val
C:\Users\al774\.cache\kagglehub\datasets\vadimzavadskyi\kolektorsdd2-ksdd2\versions\1\train\11232.png,train\11232.png,11232.png,0,normal,gt_mask_empty,train
C:\Users\al774\.cache\kagglehub\datasets\vadimzavadskyi\kolektorsdd2-ksdd2\versions\1\train\11233.png,train\11233.png,11233.png,0,normal,gt_mask_empty,train
C:\Users\al774\.cache\kagglehub\datasets\vadimzavadskyi\kolektorsdd2-ksdd2\versions\1\train\11234.png,train\11234.png,11234.png,0,normal,gt_mask_empty,train
C:\Users\al774\.cache\kagglehub\datasets\vadimzavadskyi\kolektorsdd2-ksdd2\versions\1\train\11235.png,train\11235.png,11235.png,0,normal,gt_mask_empty,train
C:\Users\al774\.cache\kagglehub\datasets\vadimzavadskyi\kolektorsdd2-ksdd2\versions\1\train\11236.png,train\11236.png,11236.png,0,normal,gt_mask_empty,train
C:\Users\al774\.cache\kagglehub\datasets\vadimzavadskyi\kolektorsdd2-ksdd2\versions\1\train\11237.png,train\11237.png,11237.png,0,normal,gt_mask_empty,val
C:\Users\al774\.cache\kagglehub\datasets\vadimzavadskyi\kolektorsdd2-ksdd2\versions\1\train\11238.png,train\11238.png,11238.png,0,normal,gt_mask_empty,train
C:\Users\al774\.cache\kagglehub\datasets\vadimzavadskyi\kolektorsdd2-ksdd2\versions\1\train\11239.png,train\11239.png,11239.png,0,normal,gt_mask_empty,train
C:\Users\al774\.cache\kagglehub\datasets\vadimzavadskyi\kolektorsdd2-ksdd2\versions\1\train\11240.png,train\11240.png,11240.png,0,normal,gt_mask_empty,train
C:\Users\al774\.cache\kagglehub\datasets\vadimzavadskyi\kolektorsdd2-ksdd2\versions\1\train\11241.png,train\11241.png,11241.png,0,normal,gt_mask_empty,train
C:\Users\al774\.cache\kagglehub\datasets\vadimzavadskyi\kolektorsdd2-ksdd2\versions\1\train\11242.png,train\11242.png,11242.png,1,defective,gt_mask_defect(max_val=255),train
C:\Users\al774\.cache\kagglehub\datasets\vadimzavadskyi\kolektorsdd2-ksdd2\versions\1\train\11243.png,train\11243.png,11243.png,0,normal,gt_mask_empty,train
C:\Users\al774\.cache\kagglehub\datasets\vadimzavadskyi\kolektorsdd2-ksdd2\versions\1\train\11244.png,train\11244.png,11244.png,0,normal,gt_mask_empty,train
C:\Users\al774\.cache\kagglehub\datasets\vadimzavadskyi\kolektorsdd2-ksdd2\versions\1\train\11245.png,train\11245.png,11245.png,0,normal,gt_mask_empty,train
C:\Users\al774\.cache\kagglehub\datasets\vadimzavadskyi\kolektorsdd2-ksdd2\versions\1\train\11246.png,train\11246.png,11246.png,0,normal,gt_mask_empty,train
C:\Users\al774\.cache\kagglehub\datasets\vadimzavadskyi\kolektorsdd2-ksdd2\versions\1\train\11247.png,train\11247.png,11247.png,0,normal,gt_mask_empty,train
C:\Users\al774\.cache\kagglehub\datasets\vadimzavadskyi\kolektorsdd2-ksdd2\versions\1\train\11248.png,train\11248.png,11248.png,0,normal,gt_mask_empty,train
C:\Users\al774\.cache\kagglehub\datasets\vadimzavadskyi\kolektorsdd2-ksdd2\versions\1\train\11249.png,train\11249.png,11249.png,0,normal,gt_mask_empty,test
C:\Users\al774\.cache\kagglehub\datasets\vadimzavadskyi\kolektorsdd2-ksdd2\versions\1\train\11250.png,train\11250.png,11250.png,1,defective,gt_mask_defect(max_val=255),train
C:\Users\al774\.cache\kagglehub\datasets\vadimzavadskyi\kolektorsdd2-ksdd2\versions\1\train\11251.png,train\11251.png,11251.png,0,normal,gt_mask_empty,train
C:\Users\al774\.cache\kagglehub\datasets\vadimzavadskyi\kolektorsdd2-ksdd2\versions\1\train\11252.png,train\11252.png,11252.png,0,normal,gt_mask_empty,train
C:\Users\al774\.cache\kagglehub\datasets\vadimzavadskyi\kolektorsdd2-ksdd2\versions\1\train\11253.png,train\11253.png,11253.png,0,normal,gt_mask_empty,train
C:\Users\al774\.cache\kagglehub\datasets\vadimzavadskyi\kolektorsdd2-ksdd2\versions\1\train\11254.png,train\11254.png,11254.png,0,normal,gt_mask_empty,val
C:\Users\al774\.cache\kagglehub\datasets\vadimzavadskyi\kolektorsdd2-ksdd2\versions\1\train\11255.png,train\11255.png,11255.png,0,normal,gt_mask_empty,train
C:\Users\al774\.cache\kagglehub\datasets\vadimzavadskyi\kolektorsdd2-ksdd2\versions\1\train\11256.png,train\11256.png,11256.png,0,normal,gt_mask_empty,train
C:\Users\al774\.cache\kagglehub\datasets\vadimzavadskyi\kolektorsdd2-ksdd2\versions\1\train\11257.png,train\11257.png,11257.png,0,normal,gt_mask_empty,train
C:\Users\al774\.cache\kagglehub\datasets\vadimzavadskyi\kolektorsdd2-ksdd2\versions\1\train\11258.png,train\11258.png,11258.png,1,defective,gt_mask_defect(max_val=255),train
C:\Users\al774\.cache\kagglehub\datasets\vadimzavadskyi\kolektorsdd2-ksdd2\versions\1\train\11259.png,train\11259.png,11259.png,0,normal,gt_mask_empty,train
C:\Users\al774\.cache\kagglehub\datasets\vadimzavadskyi\kolektorsdd2-ksdd2\versions\1\train\11260.png,train\11260.png,11260.png,0,normal,gt_mask_empty,test
C:\Users\al774\.cache\kagglehub\datasets\vadimzavadskyi\kolektorsdd2-ksdd2\versions\1\train\11261.png,train\11261.png,11261.png,0,normal,gt_mask_empty,val
C:\Users\al774\.cache\kagglehub\datasets\vadimzavadskyi\kolektorsdd2-ksdd2\versions\1\train\11262.png,train\11262.png,11262.png,0,normal,gt_mask_empty,train
C:\Users\al774\.cache\kagglehub\datasets\vadimzavadskyi\kolektorsdd2-ksdd2\versions\1\train\11263.png,train\11263.png,11263.png,0,normal,gt_mask_empty,train
C:\Users\al774\.cache\kagglehub\datasets\vadimzavadskyi\kolektorsdd2-ksdd2\versions\1\train\11264.png,train\11264.png,11264.png,0,normal,gt_mask_empty,train
C:\Users\al774\.cache\kagglehub\datasets\vadimzavadskyi\kolektorsdd2-ksdd2\versions\1\train\11265.png,train\11265.png,11265.png,0,normal,gt_mask_empty,train
C:\Users\al774\.cache\kagglehub\datasets\vadimzavadskyi\kolektorsdd2-ksdd2\versions\1\train\11266.png,train\11266.png,11266.png,0,normal,gt_mask_empty,train
C:\Users\al774\.cache\kagglehub\datasets\vadimzavadskyi\kolektorsdd2-ksdd2\versions\1\train\11267.png,train\11267.png,11267.png,0,normal,gt_mask_empty,train
C:\Users\al774\.cache\kagglehub\datasets\vadimzavadskyi\kolektorsdd2-ksdd2\versions\1\train\11268.png,train\11268.png,11268.png,0,normal,gt_mask_empty,train
C:\Users\al774\.cache\kagglehub\datasets\vadimzavadskyi\kolektorsdd2-ksdd2\versions\1\train\11269.png,train\11269.png,11269.png,1,defective,gt_mask_defect(max_val=255),train
C:\Users\al774\.cache\kagglehub\datasets\vadimzavadskyi\kolektorsdd2-ksdd2\versions\1\train\11270.png,train\11270.png,11270.png,0,normal,gt_mask_empty,train
C:\Users\al774\.cache\kagglehub\datasets\vadimzavadskyi\kolektorsdd2-ksdd2\versions\1\train\11271.png,train\11271.png,11271.png,0,normal,gt_mask_empty,test
C:\Users\al774\.cache\kagglehub\datasets\vadimzavadskyi\kolektorsdd2-ksdd2\versions\1\train\11272.png,train\11272.png,11272.png,0,normal,gt_mask_empty,train
C:\Users\al774\.cache\kagglehub\datasets\vadimzavadskyi\kolektorsdd2-ksdd2\versions\1\train\11273.png,train\11273.png,11273.png,0,normal,gt_mask_empty,test
C:\Users\al774\.cache\kagglehub\datasets\vadimzavadskyi\kolektorsdd2-ksdd2\versions\1\train\11274.png,train\11274.png,11274.png,0,normal,gt_mask_empty,test
C:\Users\al774\.cache\kagglehub\datasets\vadimzavadskyi\kolektorsdd2-ksdd2\versions\1\train\11275.png,train\11275.png,11275.png,0,normal,gt_mask_empty,train
C:\Users\al774\.cache\kagglehub\datasets\vadimzavadskyi\kolektorsdd2-ksdd2\versions\1\train\11276.png,train\11276.png,11276.png,0,normal,gt_mask_empty,val
C:\Users\al774\.cache\kagglehub\datasets\vadimzavadskyi\kolektorsdd2-ksdd2\versions\1\train\11277.png,train\11277.png,11277.png,0,normal,gt_mask_empty,train
C:\Users\al774\.cache\kagglehub\datasets\vadimzavadskyi\kolektorsdd2-ksdd2\versions\1\train\11278.png,train\11278.png,11278.png,0,normal,gt_mask_empty,train
C:\Users\al774\.cache\kagglehub\datasets\vadimzavadskyi\kolektorsdd2-ksdd2\versions\1\train\11279.png,train\11279.png,11279.png,0,normal,gt_mask_empty,train
C:\Users\al774\.cache\kagglehub\datasets\vadimzavadskyi\kolektorsdd2-ksdd2\versions\1\train\11280.png,train\11280.png,11280.png,0,normal,gt_mask_empty,train
C:\Users\al774\.cache\kagglehub\datasets\vadimzavadskyi\kolektorsdd2-ksdd2\versions\1\train\11281.png,train\11281.png,11281.png,0,normal,gt_mask_empty,train
C:\Users\al774\.cache\kagglehub\datasets\vadimzavadskyi\kolektorsdd2-ksdd2\versions\1\train\11282.png,train\11282.png,11282.png,1,defective,gt_mask_defect(max_val=255),train
C:\Users\al774\.cache\kagglehub\datasets\vadimzavadskyi\kolektorsdd2-ksdd2\versions\1\train\11283.png,train\11283.png,11283.png,0,normal,gt_mask_empty,test
C:\Users\al774\.cache\kagglehub\datasets\vadimzavadskyi\kolektorsdd2-ksdd2\versions\1\train\11284.png,train\11284.png,11284.png,0,normal,gt_mask_empty,val
C:\Users\al774\.cache\kagglehub\datasets\vadimzavadskyi\kolektorsdd2-ksdd2\versions\1\train\11285.png,train\11285.png,11285.png,0,normal,gt_mask_empty,test
C:\Users\al774\.cache\kagglehub\datasets\vadimzavadskyi\kolektorsdd2-ksdd2\versions\1\train\11286.png,train\11286.png,11286.png,0,normal,gt_mask_empty,train
C:\Users\al774\.cache\kagglehub\datasets\vadimzavadskyi\kolektorsdd2-ksdd2\versions\1\train\11287.png,train\11287.png,11287.png,0,normal,gt_mask_empty,train
C:\Users\al774\.cache\kagglehub\datasets\vadimzavadskyi\kolektorsdd2-ksdd2\versions\1\train\11288.png,train\11288.png,11288.png,0,normal,gt_mask_empty,train
C:\Users\al774\.cache\kagglehub\datasets\vadimzavadskyi\kolektorsdd2-ksdd2\versions\1\train\11289.png,train\11289.png,11289.png,0,normal,gt_mask_empty,train
C:\Users\al774\.cache\kagglehub\datasets\vadimzavadskyi\kolektorsdd2-ksdd2\versions\1\train\11290.png,train\11290.png,11290.png,0,normal,gt_mask_empty,train
C:\Users\al774\.cache\kagglehub\datasets\vadimzavadskyi\kolektorsdd2-ksdd2\versions\1\train\11291.png,train\11291.png,11291.png,0,normal,gt_mask_empty,val
C:\Users\al774\.cache\kagglehub\datasets\vadimzavadskyi\kolektorsdd2-ksdd2\versions\1\train\11292.png,train\11292.png,11292.png,0,normal,gt_mask_empty,test
C:\Users\al774\.cache\kagglehub\datasets\vadimzavadskyi\kolektorsdd2-ksdd2\versions\1\train\11293.png,train\11293.png,11293.png,0,normal,gt_mask_empty,train
C:\Users\al774\.cache\kagglehub\datasets\vadimzavadskyi\kolektorsdd2-ksdd2\versions\1\train\11294.png,train\11294.png,11294.png,0,normal,gt_mask_empty,train
C:\Users\al774\.cache\kagglehub\datasets\vadimzavadskyi\kolektorsdd2-ksdd2\versions\1\train\11295.png,train\11295.png,11295.png,0,normal,gt_mask_empty,train
C:\Users\al774\.cache\kagglehub\datasets\vadimzavadskyi\kolektorsdd2-ksdd2\versions\1\train\11296.png,train\11296.png,11296.png,0,normal,gt_mask_empty,test
C:\Users\al774\.cache\kagglehub\datasets\vadimzavadskyi\kolektorsdd2-ksdd2\versions\1\train\11297.png,train\11297.png,11297.png,0,normal,gt_mask_empty,val
C:\Users\al774\.cache\kagglehub\datasets\vadimzavadskyi\kolektorsdd2-ksdd2\versions\1\train\11298.png,train\11298.png,11298.png,0,normal,gt_mask_empty,test
C:\Users\al774\.cache\kagglehub\datasets\vadimzavadskyi\kolektorsdd2-ksdd2\versions\1\train\11299.png,train\11299.png,11299.png,1,defective,gt_mask_defect(max_val=255),train
C:\Users\al774\.cache\kagglehub\datasets\vadimzavadskyi\kolektorsdd2-ksdd2\versions\1\train\11300.png,train\11300.png,11300.png,0,normal,gt_mask_empty,train
C:\Users\al774\.cache\kagglehub\datasets\vadimzavadskyi\kolektorsdd2-ksdd2\versions\1\train\11301.png,train\11301.png,11301.png,0,normal,gt_mask_empty,train
C:\Users\al774\.cache\kagglehub\datasets\vadimzavadskyi\kolektorsdd2-ksdd2\versions\1\train\11302.png,train\11302.png,11302.png,0,normal,gt_mask_empty,test
C:\Users\al774\.cache\kagglehub\datasets\vadimzavadskyi\kolektorsdd2-ksdd2\versions\1\train\11303.png,train\11303.png,11303.png,0,normal,gt_mask_empty,train
C:\Users\al774\.cache\kagglehub\datasets\vadimzavadskyi\kolektorsdd2-ksdd2\versions\1\train\11304.png,train\11304.png,11304.png,0,normal,gt_mask_empty,train
C:\Users\al774\.cache\kagglehub\datasets\vadimzavadskyi\kolektorsdd2-ksdd2\versions\1\train\11305.png,train\11305.png,11305.png,0,normal,gt_mask_empty,test
C:\Users\al774\.cache\kagglehub\datasets\vadimzavadskyi\kolektorsdd2-ksdd2\versions\1\train\11306.png,train\11306.png,11306.png,0,normal,gt_mask_empty,train
C:\Users\al774\.cache\kagglehub\datasets\vadimzavadskyi\kolektorsdd2-ksdd2\versions\1\train\11307.png,train\11307.png,11307.png,0,normal,gt_mask_empty,test
C:\Users\al774\.cache\kagglehub\datasets\vadimzavadskyi\kolektorsdd2-ksdd2\versions\1\train\11308.png,train\11308.png,11308.png,0,normal,gt_mask_empty,train
C:\Users\al774\.cache\kagglehub\datasets\vadimzavadskyi\kolektorsdd2-ksdd2\versions\1\train\11309.png,train\11309.png,11309.png,0,normal,gt_mask_empty,test
C:\Users\al774\.cache\kagglehub\datasets\vadimzavadskyi\kolektorsdd2-ksdd2\versions\1\train\11310.png,train\11310.png,11310.png,0,normal,gt_mask_empty,train
C:\Users\al774\.cache\kagglehub\datasets\vadimzavadskyi\kolektorsdd2-ksdd2\versions\1\train\11311.png,train\11311.png,11311.png,0,normal,gt_mask_empty,test
C:\Users\al774\.cache\kagglehub\datasets\vadimzavadskyi\kolektorsdd2-ksdd2\versions\1\train\11312.png,train\11312.png,11312.png,0,normal,gt_mask_empty,test
C:\Users\al774\.cache\kagglehub\datasets\vadimzavadskyi\kolektorsdd2-ksdd2\versions\1\train\11313.png,train\11313.png,11313.png,0,normal,gt_mask_empty,val
C:\Users\al774\.cache\kagglehub\datasets\vadimzavadskyi\kolektorsdd2-ksdd2\versions\1\train\11314.png,train\11314.png,11314.png,0,normal,gt_mask_empty,train
C:\Users\al774\.cache\kagglehub\datasets\vadimzavadskyi\kolektorsdd2-ksdd2\versions\1\train\11315.png,train\11315.png,11315.png,1,defective,gt_mask_defect(max_val=255),train
C:\Users\al774\.cache\kagglehub\datasets\vadimzavadskyi\kolektorsdd2-ksdd2\versions\1\train\11316.png,train\11316.png,11316.png,0,normal,gt_mask_empty,train
C:\Users\al774\.cache\kagglehub\datasets\vadimzavadskyi\kolektorsdd2-ksdd2\versions\1\train\11317.png,train\11317.png,11317.png,0,normal,gt_mask_empty,train
C:\Users\al774\.cache\kagglehub\datasets\vadimzavadskyi\kolektorsdd2-ksdd2\versions\1\train\11318.png,train\11318.png,11318.png,0,normal,gt_mask_empty,train
C:\Users\al774\.cache\kagglehub\datasets\vadimzavadskyi\kolektorsdd2-ksdd2\versions\1\train\11319.png,train\11319.png,11319.png,0,normal,gt_mask_empty,test
C:\Users\al774\.cache\kagglehub\datasets\vadimzavadskyi\kolektorsdd2-ksdd2\versions\1\train\11320.png,train\11320.png,11320.png,0,normal,gt_mask_empty,test
C:\Users\al774\.cache\kagglehub\datasets\vadimzavadskyi\kolektorsdd2-ksdd2\versions\1\train\11321.png,train\11321.png,11321.png,0,normal,gt_mask_empty,train
C:\Users\al774\.cache\kagglehub\datasets\vadimzavadskyi\kolektorsdd2-ksdd2\versions\1\train\11322.png,train\11322.png,11322.png,0,normal,gt_mask_empty,train
C:\Users\al774\.cache\kagglehub\datasets\vadimzavadskyi\kolektorsdd2-ksdd2\versions\1\train\11323.png,train\11323.png,11323.png,0,normal,gt_mask_empty,val
C:\Users\al774\.cache\kagglehub\datasets\vadimzavadskyi\kolektorsdd2-ksdd2\versions\1\train\11324.png,train\11324.png,11324.png,0,normal,gt_mask_empty,train
C:\Users\al774\.cache\kagglehub\datasets\vadimzavadskyi\kolektorsdd2-ksdd2\versions\1\train\11325.png,train\11325.png,11325.png,0,normal,gt_mask_empty,train
C:\Users\al774\.cache\kagglehub\datasets\vadimzavadskyi\kolektorsdd2-ksdd2\versions\1\train\11326.png,train\11326.png,11326.png,0,normal,gt_mask_empty,test
C:\Users\al774\.cache\kagglehub\datasets\vadimzavadskyi\kolektorsdd2-ksdd2\versions\1\train\11327.png,train\11327.png,11327.png,0,normal,gt_mask_empty,train
C:\Users\al774\.cache\kagglehub\datasets\vadimzavadskyi\kolektorsdd2-ksdd2\versions\1\train\11328.png,train\11328.png,11328.png,0,normal,gt_mask_empty,train
C:\Users\al774\.cache\kagglehub\datasets\vadimzavadskyi\kolektorsdd2-ksdd2\versions\1\train\11329.png,train\11329.png,11329.png,0,normal,gt_mask_empty,train
C:\Users\al774\.cache\kagglehub\datasets\vadimzavadskyi\kolektorsdd2-ksdd2\versions\1\train\11330.png,train\11330.png,11330.png,0,normal,gt_mask_empty,train
C:\Users\al774\.cache\kagglehub\datasets\vadimzavadskyi\kolektorsdd2-ksdd2\versions\1\train\11331.png,train\11331.png,11331.png,0,normal,gt_mask_empty,train
C:\Users\al774\.cache\kagglehub\datasets\vadimzavadskyi\kolektorsdd2-ksdd2\versions\1\train\11332.png,train\11332.png,11332.png,0,normal,gt_mask_empty,val
C:\Users\al774\.cache\kagglehub\datasets\vadimzavadskyi\kolektorsdd2-ksdd2\versions\1\train\11333.png,train\11333.png,11333.png,0,normal,gt_mask_empty,train
C:\Users\al774\.cache\kagglehub\datasets\vadimzavadskyi\kolektorsdd2-ksdd2\versions\1\train\11334.png,train\11334.png,11334.png,0,normal,gt_mask_empty,train
C:\Users\al774\.cache\kagglehub\datasets\vadimzavadskyi\kolektorsdd2-ksdd2\versions\1\train\11335.png,train\11335.png,11335.png,0,normal,gt_mask_empty,train
C:\Users\al774\.cache\kagglehub\datasets\vadimzavadskyi\kolektorsdd2-ksdd2\versions\1\train\11336.png,train\11336.png,11336.png,0,normal,gt_mask_empty,train
C:\Users\al774\.cache\kagglehub\datasets\vadimzavadskyi\kolektorsdd2-ksdd2\versions\1\train\11337.png,train\11337.png,11337.png,0,normal,gt_mask_empty,train
C:\Users\al774\.cache\kagglehub\datasets\vadimzavadskyi\kolektorsdd2-ksdd2\versions\1\train\11338.png,train\11338.png,11338.png,0,normal,gt_mask_empty,val
C:\Users\al774\.cache\kagglehub\datasets\vadimzavadskyi\kolektorsdd2-ksdd2\versions\1\train\11339.png,train\11339.png,11339.png,1,defective,gt_mask_defect(max_val=255),train
C:\Users\al774\.cache\kagglehub\datasets\vadimzavadskyi\kolektorsdd2-ksdd2\versions\1\train\11340.png,train\11340.png,11340.png,0,normal,gt_mask_empty,test
C:\Users\al774\.cache\kagglehub\datasets\vadimzavadskyi\kolektorsdd2-ksdd2\versions\1\train\11341.png,train\11341.png,11341.png,0,normal,gt_mask_empty,train
C:\Users\al774\.cache\kagglehub\datasets\vadimzavadskyi\kolektorsdd2-ksdd2\versions\1\train\11342.png,train\11342.png,11342.png,0,normal,gt_mask_empty,train
C:\Users\al774\.cache\kagglehub\datasets\vadimzavadskyi\kolektorsdd2-ksdd2\versions\1\train\11343.png,train\11343.png,11343.png,0,normal,gt_mask_empty,train
C:\Users\al774\.cache\kagglehub\datasets\vadimzavadskyi\kolektorsdd2-ksdd2\versions\1\train\11344.png,train\11344.png,11344.png,0,normal,gt_mask_empty,test
C:\Users\al774\.cache\kagglehub\datasets\vadimzavadskyi\kolektorsdd2-ksdd2\versions\1\train\11345.png,train\11345.png,11345.png,0,normal,gt_mask_empty,train
C:\Users\al774\.cache\kagglehub\datasets\vadimzavadskyi\kolektorsdd2-ksdd2\versions\1\train\11346.png,train\11346.png,11346.png,0,normal,gt_mask_empty,train
C:\Users\al774\.cache\kagglehub\datasets\vadimzavadskyi\kolektorsdd2-ksdd2\versions\1\train\11347.png,train\11347.png,11347.png,0,normal,gt_mask_empty,train
C:\Users\al774\.cache\kagglehub\datasets\vadimzavadskyi\kolektorsdd2-ksdd2\versions\1\train\11348.png,train\11348.png,11348.png,0,normal,gt_mask_empty,val
C:\Users\al774\.cache\kagglehub\datasets\vadimzavadskyi\kolektorsdd2-ksdd2\versions\1\train\11349.png,train\11349.png,11349.png,0,normal,gt_mask_empty,train
C:\Users\al774\.cache\kagglehub\datasets\vadimzavadskyi\kolektorsdd2-ksdd2\versions\1\train\11350.png,train\11350.png,11350.png,1,defective,gt_mask_defect(max_val=255),train
C:\Users\al774\.cache\kagglehub\datasets\vadimzavadskyi\kolektorsdd2-ksdd2\versions\1\train\11351.png,train\11351.png,11351.png,1,defective,gt_mask_defect(max_val=255),test
C:\Users\al774\.cache\kagglehub\datasets\vadimzavadskyi\kolektorsdd2-ksdd2\versions\1\train\11352.png,train\11352.png,11352.png,0,normal,gt_mask_empty,train
C:\Users\al774\.cache\kagglehub\datasets\vadimzavadskyi\kolektorsdd2-ksdd2\versions\1\train\11353.png,train\11353.png,11353.png,0,normal,gt_mask_empty,train
C:\Users\al774\.cache\kagglehub\datasets\vadimzavadskyi\kolektorsdd2-ksdd2\versions\1\train\11354.png,train\11354.png,11354.png,0,normal,gt_mask_empty,train
C:\Users\al774\.cache\kagglehub\datasets\vadimzavadskyi\kolektorsdd2-ksdd2\versions\1\train\11355.png,train\11355.png,11355.png,0,normal,gt_mask_empty,train
C:\Users\al774\.cache\kagglehub\datasets\vadimzavadskyi\kolektorsdd2-ksdd2\versions\1\train\11356.png,train\11356.png,11356.png,0,normal,gt_mask_empty,train
C:\Users\al774\.cache\kagglehub\datasets\vadimzavadskyi\kolektorsdd2-ksdd2\versions\1\train\11357.png,train\11357.png,11357.png,0,normal,gt_mask_empty,train
C:\Users\al774\.cache\kagglehub\datasets\vadimzavadskyi\kolektorsdd2-ksdd2\versions\1\train\11358.png,train\11358.png,11358.png,0,normal,gt_mask_empty,train
C:\Users\al774\.cache\kagglehub\datasets\vadimzavadskyi\kolektorsdd2-ksdd2\versions\1\train\11359.png,train\11359.png,11359.png,0,normal,gt_mask_empty,train
C:\Users\al774\.cache\kagglehub\datasets\vadimzavadskyi\kolektorsdd2-ksdd2\versions\1\train\11360.png,train\11360.png,11360.png,1,defective,gt_mask_defect(max_val=255),test
C:\Users\al774\.cache\kagglehub\datasets\vadimzavadskyi\kolektorsdd2-ksdd2\versions\1\train\11361.png,train\11361.png,11361.png,0,normal,gt_mask_empty,train
C:\Users\al774\.cache\kagglehub\datasets\vadimzavadskyi\kolektorsdd2-ksdd2\versions\1\train\11362.png,train\11362.png,11362.png,0,normal,gt_mask_empty,train
C:\Users\al774\.cache\kagglehub\datasets\vadimzavadskyi\kolektorsdd2-ksdd2\versions\1\train\11363.png,train\11363.png,11363.png,1,defective,gt_mask_defect(max_val=255),train
C:\Users\al774\.cache\kagglehub\datasets\vadimzavadskyi\kolektorsdd2-ksdd2\versions\1\train\11364.png,train\11364.png,11364.png,1,defective,gt_mask_defect(max_val=255),train
C:\Users\al774\.cache\kagglehub\datasets\vadimzavadskyi\kolektorsdd2-ksdd2\versions\1\train\11365.png,train\11365.png,11365.png,0,normal,gt_mask_empty,train
C:\Users\al774\.cache\kagglehub\datasets\vadimzavadskyi\kolektorsdd2-ksdd2\versions\1\train\11366.png,train\11366.png,11366.png,0,normal,gt_mask_empty,test
C:\Users\al774\.cache\kagglehub\datasets\vadimzavadskyi\kolektorsdd2-ksdd2\versions\1\train\11367.png,train\11367.png,11367.png,0,normal,gt_mask_empty,train
C:\Users\al774\.cache\kagglehub\datasets\vadimzavadskyi\kolektorsdd2-ksdd2\versions\1\train\11368.png,train\11368.png,11368.png,0,normal,gt_mask_empty,train
C:\Users\al774\.cache\kagglehub\datasets\vadimzavadskyi\kolektorsdd2-ksdd2\versions\1\train\11369.png,train\11369.png,11369.png,0,normal,gt_mask_empty,val
C:\Users\al774\.cache\kagglehub\datasets\vadimzavadskyi\kolektorsdd2-ksdd2\versions\1\train\11370.png,train\11370.png,11370.png,0,normal,gt_mask_empty,train
C:\Users\al774\.cache\kagglehub\datasets\vadimzavadskyi\kolektorsdd2-ksdd2\versions\1\train\11371.png,train\11371.png,11371.png,0,normal,gt_mask_empty,train
C:\Users\al774\.cache\kagglehub\datasets\vadimzavadskyi\kolektorsdd2-ksdd2\versions\1\train\11372.png,train\11372.png,11372.png,0,normal,gt_mask_empty,test
C:\Users\al774\.cache\kagglehub\datasets\vadimzavadskyi\kolektorsdd2-ksdd2\versions\1\train\11373.png,train\11373.png,11373.png,0,normal,gt_mask_empty,train
C:\Users\al774\.cache\kagglehub\datasets\vadimzavadskyi\kolektorsdd2-ksdd2\versions\1\train\11374.png,train\11374.png,11374.png,0,normal,gt_mask_empty,train
C:\Users\al774\.cache\kagglehub\datasets\vadimzavadskyi\kolektorsdd2-ksdd2\versions\1\train\11375.png,train\11375.png,11375.png,0,normal,gt_mask_empty,train
C:\Users\al774\.cache\kagglehub\datasets\vadimzavadskyi\kolektorsdd2-ksdd2\versions\1\train\11376.png,train\11376.png,11376.png,0,normal,gt_mask_empty,train
C:\Users\al774\.cache\kagglehub\datasets\vadimzavadskyi\kolektorsdd2-ksdd2\versions\1\train\11377.png,train\11377.png,11377.png,0,normal,gt_mask_empty,test
C:\Users\al774\.cache\kagglehub\datasets\vadimzavadskyi\kolektorsdd2-ksdd2\versions\1\train\11378.png,train\11378.png,11378.png,0,normal,gt_mask_empty,train
C:\Users\al774\.cache\kagglehub\datasets\vadimzavadskyi\kolektorsdd2-ksdd2\versions\1\train\11379.png,train\11379.png,11379.png,0,normal,gt_mask_empty,val
C:\Users\al774\.cache\kagglehub\datasets\vadimzavadskyi\kolektorsdd2-ksdd2\versions\1\train\11380.png,train\11380.png,11380.png,0,normal,gt_mask_empty,train
C:\Users\al774\.cache\kagglehub\datasets\vadimzavadskyi\kolektorsdd2-ksdd2\versions\1\train\11381.png,train\11381.png,11381.png,0,normal,gt_mask_empty,train
C:\Users\al774\.cache\kagglehub\datasets\vadimzavadskyi\kolektorsdd2-ksdd2\versions\1\train\11382.png,train\11382.png,11382.png,0,normal,gt_mask_empty,train
C:\Users\al774\.cache\kagglehub\datasets\vadimzavadskyi\kolektorsdd2-ksdd2\versions\1\train\11383.png,train\11383.png,11383.png,0,normal,gt_mask_empty,val
C:\Users\al774\.cache\kagglehub\datasets\vadimzavadskyi\kolektorsdd2-ksdd2\versions\1\train\11384.png,train\11384.png,11384.png,0,normal,gt_mask_empty,train
C:\Users\al774\.cache\kagglehub\datasets\vadimzavadskyi\kolektorsdd2-ksdd2\versions\1\train\11385.png,train\11385.png,11385.png,0,normal,gt_mask_empty,test
C:\Users\al774\.cache\kagglehub\datasets\vadimzavadskyi\kolektorsdd2-ksdd2\versions\1\train\11386.png,train\11386.png,11386.png,1,defective,gt_mask_defect(max_val=255),test
C:\Users\al774\.cache\kagglehub\datasets\vadimzavadskyi\kolektorsdd2-ksdd2\versions\1\train\11387.png,train\11387.png,11387.png,0,normal,gt_mask_empty,val
C:\Users\al774\.cache\kagglehub\datasets\vadimzavadskyi\kolektorsdd2-ksdd2\versions\1\train\11388.png,train\11388.png,11388.png,1,defective,gt_mask_defect(max_val=255),test
C:\Users\al774\.cache\kagglehub\datasets\vadimzavadskyi\kolektorsdd2-ksdd2\versions\1\train\11389.png,train\11389.png,11389.png,0,normal,gt_mask_empty,test
C:\Users\al774\.cache\kagglehub\datasets\vadimzavadskyi\kolektorsdd2-ksdd2\versions\1\train\11390.png,train\11390.png,11390.png,0,normal,gt_mask_empty,train
C:\Users\al774\.cache\kagglehub\datasets\vadimzavadskyi\kolektorsdd2-ksdd2\versions\1\train\11391.png,train\11391.png,11391.png,0,normal,gt_mask_empty,val
C:\Users\al774\.cache\kagglehub\datasets\vadimzavadskyi\kolektorsdd2-ksdd2\versions\1\train\11392.png,train\11392.png,11392.png,0,normal,gt_mask_empty,test
C:\Users\al774\.cache\kagglehub\datasets\vadimzavadskyi\kolektorsdd2-ksdd2\versions\1\train\11393.png,train\11393.png,11393.png,0,normal,gt_mask_empty,train
C:\Users\al774\.cache\kagglehub\datasets\vadimzavadskyi\kolektorsdd2-ksdd2\versions\1\train\11394.png,train\11394.png,11394.png,0,normal,gt_mask_empty,train
C:\Users\al774\.cache\kagglehub\datasets\vadimzavadskyi\kolektorsdd2-ksdd2\versions\1\train\11395.png,train\11395.png,11395.png,0,normal,gt_mask_empty,train
C:\Users\al774\.cache\kagglehub\datasets\vadimzavadskyi\kolektorsdd2-ksdd2\versions\1\train\11396.png,train\11396.png,11396.png,0,normal,gt_mask_empty,test
C:\Users\al774\.cache\kagglehub\datasets\vadimzavadskyi\kolektorsdd2-ksdd2\versions\1\train\11397.png,train\11397.png,11397.png,0,normal,gt_mask_empty,train
C:\Users\al774\.cache\kagglehub\datasets\vadimzavadskyi\kolektorsdd2-ksdd2\versions\1\train\11398.png,train\11398.png,11398.png,1,defective,gt_mask_defect(max_val=255),train
C:\Users\al774\.cache\kagglehub\datasets\vadimzavadskyi\kolektorsdd2-ksdd2\versions\1\train\11399.png,train\11399.png,11399.png,0,normal,gt_mask_empty,val
C:\Users\al774\.cache\kagglehub\datasets\vadimzavadskyi\kolektorsdd2-ksdd2\versions\1\train\11400.png,train\11400.png,11400.png,0,normal,gt_mask_empty,train
C:\Users\al774\.cache\kagglehub\datasets\vadimzavadskyi\kolektorsdd2-ksdd2\versions\1\train\11401.png,train\11401.png,11401.png,0,normal,gt_mask_empty,train
C:\Users\al774\.cache\kagglehub\datasets\vadimzavadskyi\kolektorsdd2-ksdd2\versions\1\train\11402.png,train\11402.png,11402.png,0,normal,gt_mask_empty,train
C:\Users\al774\.cache\kagglehub\datasets\vadimzavadskyi\kolektorsdd2-ksdd2\versions\1\train\11403.png,train\11403.png,11403.png,0,normal,gt_mask_empty,test
C:\Users\al774\.cache\kagglehub\datasets\vadimzavadskyi\kolektorsdd2-ksdd2\versions\1\train\11404.png,train\11404.png,11404.png,1,defective,gt_mask_defect(max_val=255),train
C:\Users\al774\.cache\kagglehub\datasets\vadimzavadskyi\kolektorsdd2-ksdd2\versions\1\train\11405.png,train\11405.png,11405.png,0,normal,gt_mask_empty,train
C:\Users\al774\.cache\kagglehub\datasets\vadimzavadskyi\kolektorsdd2-ksdd2\versions\1\train\11406.png,train\11406.png,11406.png,0,normal,gt_mask_empty,val
C:\Users\al774\.cache\kagglehub\datasets\vadimzavadskyi\kolektorsdd2-ksdd2\versions\1\train\11407.png,train\11407.png,11407.png,0,normal,gt_mask_empty,train
C:\Users\al774\.cache\kagglehub\datasets\vadimzavadskyi\kolektorsdd2-ksdd2\versions\1\train\11408.png,train\11408.png,11408.png,0,normal,gt_mask_empty,val
C:\Users\al774\.cache\kagglehub\datasets\vadimzavadskyi\kolektorsdd2-ksdd2\versions\1\train\11409.png,train\11409.png,11409.png,0,normal,gt_mask_empty,train
C:\Users\al774\.cache\kagglehub\datasets\vadimzavadskyi\kolektorsdd2-ksdd2\versions\1\train\11410.png,train\11410.png,11410.png,0,normal,gt_mask_empty,train
C:\Users\al774\.cache\kagglehub\datasets\vadimzavadskyi\kolektorsdd2-ksdd2\versions\1\train\11411.png,train\11411.png,11411.png,0,normal,gt_mask_empty,train
C:\Users\al774\.cache\kagglehub\datasets\vadimzavadskyi\kolektorsdd2-ksdd2\versions\1\train\11412.png,train\11412.png,11412.png,0,normal,gt_mask_empty,train
C:\Users\al774\.cache\kagglehub\datasets\vadimzavadskyi\kolektorsdd2-ksdd2\versions\1\train\11413.png,train\11413.png,11413.png,0,normal,gt_mask_empty,val
C:\Users\al774\.cache\kagglehub\datasets\vadimzavadskyi\kolektorsdd2-ksdd2\versions\1\train\11414.png,train\11414.png,11414.png,0,normal,gt_mask_empty,train
C:\Users\al774\.cache\kagglehub\datasets\vadimzavadskyi\kolektorsdd2-ksdd2\versions\1\train\11415.png,train\11415.png,11415.png,0,normal,gt_mask_empty,train
C:\Users\al774\.cache\kagglehub\datasets\vadimzavadskyi\kolektorsdd2-ksdd2\versions\1\train\11416.png,train\11416.png,11416.png,0,normal,gt_mask_empty,train
C:\Users\al774\.cache\kagglehub\datasets\vadimzavadskyi\kolektorsdd2-ksdd2\versions\1\train\11417.png,train\11417.png,11417.png,1,defective,gt_mask_defect(max_val=255),val
C:\Users\al774\.cache\kagglehub\datasets\vadimzavadskyi\kolektorsdd2-ksdd2\versions\1\train\11418.png,train\11418.png,11418.png,0,normal,gt_mask_empty,val
C:\Users\al774\.cache\kagglehub\datasets\vadimzavadskyi\kolektorsdd2-ksdd2\versions\1\train\11419.png,train\11419.png,11419.png,0,normal,gt_mask_empty,train
C:\Users\al774\.cache\kagglehub\datasets\vadimzavadskyi\kolektorsdd2-ksdd2\versions\1\train\11420.png,train\11420.png,11420.png,0,normal,gt_mask_empty,train
C:\Users\al774\.cache\kagglehub\datasets\vadimzavadskyi\kolektorsdd2-ksdd2\versions\1\train\11421.png,train\11421.png,11421.png,0,normal,gt_mask_empty,train
C:\Users\al774\.cache\kagglehub\datasets\vadimzavadskyi\kolektorsdd2-ksdd2\versions\1\train\11422.png,train\11422.png,11422.png,0,normal,gt_mask_empty,test
C:\Users\al774\.cache\kagglehub\datasets\vadimzavadskyi\kolektorsdd2-ksdd2\versions\1\train\11423.png,train\11423.png,11423.png,0,normal,gt_mask_empty,train
C:\Users\al774\.cache\kagglehub\datasets\vadimzavadskyi\kolektorsdd2-ksdd2\versions\1\train\11424.png,train\11424.png,11424.png,0,normal,gt_mask_empty,test
C:\Users\al774\.cache\kagglehub\datasets\vadimzavadskyi\kolektorsdd2-ksdd2\versions\1\train\11425.png,train\11425.png,11425.png,0,normal,gt_mask_empty,train
C:\Users\al774\.cache\kagglehub\datasets\vadimzavadskyi\kolektorsdd2-ksdd2\versions\1\train\11426.png,train\11426.png,11426.png,0,normal,gt_mask_empty,train
C:\Users\al774\.cache\kagglehub\datasets\vadimzavadskyi\kolektorsdd2-ksdd2\versions\1\train\11427.png,train\11427.png,11427.png,0,normal,gt_mask_empty,train
C:\Users\al774\.cache\kagglehub\datasets\vadimzavadskyi\kolektorsdd2-ksdd2\versions\1\train\11428.png,train\11428.png,11428.png,0,normal,gt_mask_empty,train
C:\Users\al774\.cache\kagglehub\datasets\vadimzavadskyi\kolektorsdd2-ksdd2\versions\1\train\11429.png,train\11429.png,11429.png,0,normal,gt_mask_empty,val
C:\Users\al774\.cache\kagglehub\datasets\vadimzavadskyi\kolektorsdd2-ksdd2\versions\1\train\11430.png,train\11430.png,11430.png,1,defective,gt_mask_defect(max_val=255),train
C:\Users\al774\.cache\kagglehub\datasets\vadimzavadskyi\kolektorsdd2-ksdd2\versions\1\train\11431.png,train\11431.png,11431.png,0,normal,gt_mask_empty,train
C:\Users\al774\.cache\kagglehub\datasets\vadimzavadskyi\kolektorsdd2-ksdd2\versions\1\train\11432.png,train\11432.png,11432.png,1,defective,gt_mask_defect(max_val=255),train
C:\Users\al774\.cache\kagglehub\datasets\vadimzavadskyi\kolektorsdd2-ksdd2\versions\1\train\11433.png,train\11433.png,11433.png,0,normal,gt_mask_empty,test
C:\Users\al774\.cache\kagglehub\datasets\vadimzavadskyi\kolektorsdd2-ksdd2\versions\1\train\11434.png,train\11434.png,11434.png,0,normal,gt_mask_empty,train
C:\Users\al774\.cache\kagglehub\datasets\vadimzavadskyi\kolektorsdd2-ksdd2\versions\1\train\11435.png,train\11435.png,11435.png,0,normal,gt_mask_empty,train
C:\Users\al774\.cache\kagglehub\datasets\vadimzavadskyi\kolektorsdd2-ksdd2\versions\1\train\11436.png,train\11436.png,11436.png,0,normal,gt_mask_empty,train
C:\Users\al774\.cache\kagglehub\datasets\vadimzavadskyi\kolektorsdd2-ksdd2\versions\1\train\11437.png,train\11437.png,11437.png,0,normal,gt_mask_empty,train
C:\Users\al774\.cache\kagglehub\datasets\vadimzavadskyi\kolektorsdd2-ksdd2\versions\1\train\11438.png,train\11438.png,11438.png,0,normal,gt_mask_empty,train
C:\Users\al774\.cache\kagglehub\datasets\vadimzavadskyi\kolektorsdd2-ksdd2\versions\1\train\11439.png,train\11439.png,11439.png,0,normal,gt_mask_empty,train
C:\Users\al774\.cache\kagglehub\datasets\vadimzavadskyi\kolektorsdd2-ksdd2\versions\1\train\11440.png,train\11440.png,11440.png,0,normal,gt_mask_empty,train
C:\Users\al774\.cache\kagglehub\datasets\vadimzavadskyi\kolektorsdd2-ksdd2\versions\1\train\11441.png,train\11441.png,11441.png,0,normal,gt_mask_empty,train
C:\Users\al774\.cache\kagglehub\datasets\vadimzavadskyi\kolektorsdd2-ksdd2\versions\1\train\11442.png,train\11442.png,11442.png,0,normal,gt_mask_empty,val
C:\Users\al774\.cache\kagglehub\datasets\vadimzavadskyi\kolektorsdd2-ksdd2\versions\1\train\11443.png,train\11443.png,11443.png,0,normal,gt_mask_empty,train
C:\Users\al774\.cache\kagglehub\datasets\vadimzavadskyi\kolektorsdd2-ksdd2\versions\1\train\11444.png,train\11444.png,11444.png,1,defective,gt_mask_defect(max_val=255),train
C:\Users\al774\.cache\kagglehub\datasets\vadimzavadskyi\kolektorsdd2-ksdd2\versions\1\train\11445.png,train\11445.png,11445.png,0,normal,gt_mask_empty,val
C:\Users\al774\.cache\kagglehub\datasets\vadimzavadskyi\kolektorsdd2-ksdd2\versions\1\train\11446.png,train\11446.png,11446.png,0,normal,gt_mask_empty,train
C:\Users\al774\.cache\kagglehub\datasets\vadimzavadskyi\kolektorsdd2-ksdd2\versions\1\train\11447.png,train\11447.png,11447.png,1,defective,gt_mask_defect(max_val=255),train
C:\Users\al774\.cache\kagglehub\datasets\vadimzavadskyi\kolektorsdd2-ksdd2\versions\1\train\11448.png,train\11448.png,11448.png,0,normal,gt_mask_empty,train
C:\Users\al774\.cache\kagglehub\datasets\vadimzavadskyi\kolektorsdd2-ksdd2\versions\1\train\11449.png,train\11449.png,11449.png,0,normal,gt_mask_empty,train
C:\Users\al774\.cache\kagglehub\datasets\vadimzavadskyi\kolektorsdd2-ksdd2\versions\1\train\11450.png,train\11450.png,11450.png,0,normal,gt_mask_empty,val
C:\Users\al774\.cache\kagglehub\datasets\vadimzavadskyi\kolektorsdd2-ksdd2\versions\1\train\11451.png,train\11451.png,11451.png,0,normal,gt_mask_empty,val
C:\Users\al774\.cache\kagglehub\datasets\vadimzavadskyi\kolektorsdd2-ksdd2\versions\1\train\11452.png,train\11452.png,11452.png,0,normal,gt_mask_empty,val
C:\Users\al774\.cache\kagglehub\datasets\vadimzavadskyi\kolektorsdd2-ksdd2\versions\1\train\11453.png,train\11453.png,11453.png,0,normal,gt_mask_empty,val
C:\Users\al774\.cache\kagglehub\datasets\vadimzavadskyi\kolektorsdd2-ksdd2\versions\1\train\11454.png,train\11454.png,11454.png,0,normal,gt_mask_empty,val
C:\Users\al774\.cache\kagglehub\datasets\vadimzavadskyi\kolektorsdd2-ksdd2\versions\1\train\11455.png,train\11455.png,11455.png,0,normal,gt_mask_empty,train
C:\Users\al774\.cache\kagglehub\datasets\vadimzavadskyi\kolektorsdd2-ksdd2\versions\1\train\11456.png,train\11456.png,11456.png,0,normal,gt_mask_empty,train
C:\Users\al774\.cache\kagglehub\datasets\vadimzavadskyi\kolektorsdd2-ksdd2\versions\1\train\11457.png,train\11457.png,11457.png,0,normal,gt_mask_empty,train
C:\Users\al774\.cache\kagglehub\datasets\vadimzavadskyi\kolektorsdd2-ksdd2\versions\1\train\11458.png,train\11458.png,11458.png,1,defective,gt_mask_defect(max_val=255),train
C:\Users\al774\.cache\kagglehub\datasets\vadimzavadskyi\kolektorsdd2-ksdd2\versions\1\train\11459.png,train\11459.png,11459.png,0,normal,gt_mask_empty,val
C:\Users\al774\.cache\kagglehub\datasets\vadimzavadskyi\kolektorsdd2-ksdd2\versions\1\train\11460.png,train\11460.png,11460.png,0,normal,gt_mask_empty,val
C:\Users\al774\.cache\kagglehub\datasets\vadimzavadskyi\kolektorsdd2-ksdd2\versions\1\train\11461.png,train\11461.png,11461.png,0,normal,gt_mask_empty,val
C:\Users\al774\.cache\kagglehub\datasets\vadimzavadskyi\kolektorsdd2-ksdd2\versions\1\train\11462.png,train\11462.png,11462.png,0,normal,gt_mask_empty,train
C:\Users\al774\.cache\kagglehub\datasets\vadimzavadskyi\kolektorsdd2-ksdd2\versions\1\train\11463.png,train\11463.png,11463.png,0,normal,gt_mask_empty,train
C:\Users\al774\.cache\kagglehub\datasets\vadimzavadskyi\kolektorsdd2-ksdd2\versions\1\train\11464.png,train\11464.png,11464.png,0,normal,gt_mask_empty,train
C:\Users\al774\.cache\kagglehub\datasets\vadimzavadskyi\kolektorsdd2-ksdd2\versions\1\train\11465.png,train\11465.png,11465.png,0,normal,gt_mask_empty,train
C:\Users\al774\.cache\kagglehub\datasets\vadimzavadskyi\kolektorsdd2-ksdd2\versions\1\train\11466.png,train\11466.png,11466.png,0,normal,gt_mask_empty,train
C:\Users\al774\.cache\kagglehub\datasets\vadimzavadskyi\kolektorsdd2-ksdd2\versions\1\train\11467.png,train\11467.png,11467.png,0,normal,gt_mask_empty,train
C:\Users\al774\.cache\kagglehub\datasets\vadimzavadskyi\kolektorsdd2-ksdd2\versions\1\train\11468.png,train\11468.png,11468.png,0,normal,gt_mask_empty,test
C:\Users\al774\.cache\kagglehub\datasets\vadimzavadskyi\kolektorsdd2-ksdd2\versions\1\train\11469.png,train\11469.png,11469.png,0,normal,gt_mask_empty,train
C:\Users\al774\.cache\kagglehub\datasets\vadimzavadskyi\kolektorsdd2-ksdd2\versions\1\train\11470.png,train\11470.png,11470.png,0,normal,gt_mask_empty,train
C:\Users\al774\.cache\kagglehub\datasets\vadimzavadskyi\kolektorsdd2-ksdd2\versions\1\train\11471.png,train\11471.png,11471.png,0,normal,gt_mask_empty,val
C:\Users\al774\.cache\kagglehub\datasets\vadimzavadskyi\kolektorsdd2-ksdd2\versions\1\train\11472.png,train\11472.png,11472.png,0,normal,gt_mask_empty,train
C:\Users\al774\.cache\kagglehub\datasets\vadimzavadskyi\kolektorsdd2-ksdd2\versions\1\train\11473.png,train\11473.png,11473.png,0,normal,gt_mask_empty,train
C:\Users\al774\.cache\kagglehub\datasets\vadimzavadskyi\kolektorsdd2-ksdd2\versions\1\train\11474.png,train\11474.png,11474.png,0,normal,gt_mask_empty,test
C:\Users\al774\.cache\kagglehub\datasets\vadimzavadskyi\kolektorsdd2-ksdd2\versions\1\train\11475.png,train\11475.png,11475.png,0,normal,gt_mask_empty,train
C:\Users\al774\.cache\kagglehub\datasets\vadimzavadskyi\kolektorsdd2-ksdd2\versions\1\train\11476.png,train\11476.png,11476.png,0,normal,gt_mask_empty,train
C:\Users\al774\.cache\kagglehub\datasets\vadimzavadskyi\kolektorsdd2-ksdd2\versions\1\train\11477.png,train\11477.png,11477.png,1,defective,gt_mask_defect(max_val=255),train
C:\Users\al774\.cache\kagglehub\datasets\vadimzavadskyi\kolektorsdd2-ksdd2\versions\1\train\11478.png,train\11478.png,11478.png,0,normal,gt_mask_empty,train
C:\Users\al774\.cache\kagglehub\datasets\vadimzavadskyi\kolektorsdd2-ksdd2\versions\1\train\11479.png,train\11479.png,11479.png,0,normal,gt_mask_empty,test
C:\Users\al774\.cache\kagglehub\datasets\vadimzavadskyi\kolektorsdd2-ksdd2\versions\1\train\11480.png,train\11480.png,11480.png,0,normal,gt_mask_empty,train
C:\Users\al774\.cache\kagglehub\datasets\vadimzavadskyi\kolektorsdd2-ksdd2\versions\1\train\11481.png,train\11481.png,11481.png,1,defective,gt_mask_defect(max_val=255),train
C:\Users\al774\.cache\kagglehub\datasets\vadimzavadskyi\kolektorsdd2-ksdd2\versions\1\train\11482.png,train\11482.png,11482.png,1,defective,gt_mask_defect(max_val=255),train
C:\Users\al774\.cache\kagglehub\datasets\vadimzavadskyi\kolektorsdd2-ksdd2\versions\1\train\11483.png,train\11483.png,11483.png,0,normal,gt_mask_empty,train
C:\Users\al774\.cache\kagglehub\datasets\vadimzavadskyi\kolektorsdd2-ksdd2\versions\1\train\11484.png,train\11484.png,11484.png,0,normal,gt_mask_empty,train
C:\Users\al774\.cache\kagglehub\datasets\vadimzavadskyi\kolektorsdd2-ksdd2\versions\1\train\11485.png,train\11485.png,11485.png,0,normal,gt_mask_empty,train
C:\Users\al774\.cache\kagglehub\datasets\vadimzavadskyi\kolektorsdd2-ksdd2\versions\1\train\11486.png,train\11486.png,11486.png,0,normal,gt_mask_empty,train
C:\Users\al774\.cache\kagglehub\datasets\vadimzavadskyi\kolektorsdd2-ksdd2\versions\1\train\11487.png,train\11487.png,11487.png,0,normal,gt_mask_empty,train
C:\Users\al774\.cache\kagglehub\datasets\vadimzavadskyi\kolektorsdd2-ksdd2\versions\1\train\11488.png,train\11488.png,11488.png,0,normal,gt_mask_empty,test
C:\Users\al774\.cache\kagglehub\datasets\vadimzavadskyi\kolektorsdd2-ksdd2\versions\1\train\11489.png,train\11489.png,11489.png,0,normal,gt_mask_empty,train
C:\Users\al774\.cache\kagglehub\datasets\vadimzavadskyi\kolektorsdd2-ksdd2\versions\1\train\11490.png,train\11490.png,11490.png,0,normal,gt_mask_empty,train
C:\Users\al774\.cache\kagglehub\datasets\vadimzavadskyi\kolektorsdd2-ksdd2\versions\1\train\11491.png,train\11491.png,11491.png,0,normal,gt_mask_empty,train
C:\Users\al774\.cache\kagglehub\datasets\vadimzavadskyi\kolektorsdd2-ksdd2\versions\1\train\11492.png,train\11492.png,11492.png,0,normal,gt_mask_empty,val
C:\Users\al774\.cache\kagglehub\datasets\vadimzavadskyi\kolektorsdd2-ksdd2\versions\1\train\11493.png,train\11493.png,11493.png,0,normal,gt_mask_empty,train
C:\Users\al774\.cache\kagglehub\datasets\vadimzavadskyi\kolektorsdd2-ksdd2\versions\1\train\11494.png,train\11494.png,11494.png,0,normal,gt_mask_empty,val
C:\Users\al774\.cache\kagglehub\datasets\vadimzavadskyi\kolektorsdd2-ksdd2\versions\1\train\11495.png,train\11495.png,11495.png,0,normal,gt_mask_empty,train
C:\Users\al774\.cache\kagglehub\datasets\vadimzavadskyi\kolektorsdd2-ksdd2\versions\1\train\11496.png,train\11496.png,11496.png,0,normal,gt_mask_empty,val
C:\Users\al774\.cache\kagglehub\datasets\vadimzavadskyi\kolektorsdd2-ksdd2\versions\1\train\11497.png,train\11497.png,11497.png,0,normal,gt_mask_empty,train
C:\Users\al774\.cache\kagglehub\datasets\vadimzavadskyi\kolektorsdd2-ksdd2\versions\1\train\11498.png,train\11498.png,11498.png,0,normal,gt_mask_empty,train
C:\Users\al774\.cache\kagglehub\datasets\vadimzavadskyi\kolektorsdd2-ksdd2\versions\1\train\11499.png,train\11499.png,11499.png,0,normal,gt_mask_empty,train
C:\Users\al774\.cache\kagglehub\datasets\vadimzavadskyi\kolektorsdd2-ksdd2\versions\1\train\11500.png,train\11500.png,11500.png,1,defective,gt_mask_defect(max_val=255),val
C:\Users\al774\.cache\kagglehub\datasets\vadimzavadskyi\kolektorsdd2-ksdd2\versions\1\train\11501.png,train\11501.png,11501.png,0,normal,gt_mask_empty,train
C:\Users\al774\.cache\kagglehub\datasets\vadimzavadskyi\kolektorsdd2-ksdd2\versions\1\train\11502.png,train\11502.png,11502.png,0,normal,gt_mask_empty,train
C:\Users\al774\.cache\kagglehub\datasets\vadimzavadskyi\kolektorsdd2-ksdd2\versions\1\train\11503.png,train\11503.png,11503.png,0,normal,gt_mask_empty,val
C:\Users\al774\.cache\kagglehub\datasets\vadimzavadskyi\kolektorsdd2-ksdd2\versions\1\train\11504.png,train\11504.png,11504.png,0,normal,gt_mask_empty,train
C:\Users\al774\.cache\kagglehub\datasets\vadimzavadskyi\kolektorsdd2-ksdd2\versions\1\train\11505.png,train\11505.png,11505.png,0,normal,gt_mask_empty,train
C:\Users\al774\.cache\kagglehub\datasets\vadimzavadskyi\kolektorsdd2-ksdd2\versions\1\train\11506.png,train\11506.png,11506.png,1,defective,gt_mask_defect(max_val=255),val
C:\Users\al774\.cache\kagglehub\datasets\vadimzavadskyi\kolektorsdd2-ksdd2\versions\1\train\11507.png,train\11507.png,11507.png,0,normal,gt_mask_empty,val
C:\Users\al774\.cache\kagglehub\datasets\vadimzavadskyi\kolektorsdd2-ksdd2\versions\1\train\11508.png,train\11508.png,11508.png,0,normal,gt_mask_empty,test
C:\Users\al774\.cache\kagglehub\datasets\vadimzavadskyi\kolektorsdd2-ksdd2\versions\1\train\11509.png,train\11509.png,11509.png,0,normal,gt_mask_empty,train
C:\Users\al774\.cache\kagglehub\datasets\vadimzavadskyi\kolektorsdd2-ksdd2\versions\1\train\11510.png,train\11510.png,11510.png,0,normal,gt_mask_empty,train
C:\Users\al774\.cache\kagglehub\datasets\vadimzavadskyi\kolektorsdd2-ksdd2\versions\1\train\11511.png,train\11511.png,11511.png,0,normal,gt_mask_empty,train
C:\Users\al774\.cache\kagglehub\datasets\vadimzavadskyi\kolektorsdd2-ksdd2\versions\1\train\11512.png,train\11512.png,11512.png,1,defective,gt_mask_defect(max_val=255),train
C:\Users\al774\.cache\kagglehub\datasets\vadimzavadskyi\kolektorsdd2-ksdd2\versions\1\train\11513.png,train\11513.png,11513.png,0,normal,gt_mask_empty,test
C:\Users\al774\.cache\kagglehub\datasets\vadimzavadskyi\kolektorsdd2-ksdd2\versions\1\train\11514.png,train\11514.png,11514.png,0,normal,gt_mask_empty,train
C:\Users\al774\.cache\kagglehub\datasets\vadimzavadskyi\kolektorsdd2-ksdd2\versions\1\train\11515.png,train\11515.png,11515.png,0,normal,gt_mask_empty,val
C:\Users\al774\.cache\kagglehub\datasets\vadimzavadskyi\kolektorsdd2-ksdd2\versions\1\train\11516.png,train\11516.png,11516.png,0,normal,gt_mask_empty,train
C:\Users\al774\.cache\kagglehub\datasets\vadimzavadskyi\kolektorsdd2-ksdd2\versions\1\train\11517.png,train\11517.png,11517.png,0,normal,gt_mask_empty,train
C:\Users\al774\.cache\kagglehub\datasets\vadimzavadskyi\kolektorsdd2-ksdd2\versions\1\train\11518.png,train\11518.png,11518.png,0,normal,gt_mask_empty,train
C:\Users\al774\.cache\kagglehub\datasets\vadimzavadskyi\kolektorsdd2-ksdd2\versions\1\train\11519.png,train\11519.png,11519.png,0,normal,gt_mask_empty,train
C:\Users\al774\.cache\kagglehub\datasets\vadimzavadskyi\kolektorsdd2-ksdd2\versions\1\train\11520.png,train\11520.png,11520.png,0,normal,gt_mask_empty,train
C:\Users\al774\.cache\kagglehub\datasets\vadimzavadskyi\kolektorsdd2-ksdd2\versions\1\train\11521.png,train\11521.png,11521.png,0,normal,gt_mask_empty,train
C:\Users\al774\.cache\kagglehub\datasets\vadimzavadskyi\kolektorsdd2-ksdd2\versions\1\train\11522.png,train\11522.png,11522.png,0,normal,gt_mask_empty,train
C:\Users\al774\.cache\kagglehub\datasets\vadimzavadskyi\kolektorsdd2-ksdd2\versions\1\train\11523.png,train\11523.png,11523.png,0,normal,gt_mask_empty,val
C:\Users\al774\.cache\kagglehub\datasets\vadimzavadskyi\kolektorsdd2-ksdd2\versions\1\train\11524.png,train\11524.png,11524.png,0,normal,gt_mask_empty,val
C:\Users\al774\.cache\kagglehub\datasets\vadimzavadskyi\kolektorsdd2-ksdd2\versions\1\train\11525.png,train\11525.png,11525.png,0,normal,gt_mask_empty,val
C:\Users\al774\.cache\kagglehub\datasets\vadimzavadskyi\kolektorsdd2-ksdd2\versions\1\train\11526.png,train\11526.png,11526.png,0,normal,gt_mask_empty,train
C:\Users\al774\.cache\kagglehub\datasets\vadimzavadskyi\kolektorsdd2-ksdd2\versions\1\train\11527.png,train\11527.png,11527.png,0,normal,gt_mask_empty,test
C:\Users\al774\.cache\kagglehub\datasets\vadimzavadskyi\kolektorsdd2-ksdd2\versions\1\train\11528.png,train\11528.png,11528.png,0,normal,gt_mask_empty,train
C:\Users\al774\.cache\kagglehub\datasets\vadimzavadskyi\kolektorsdd2-ksdd2\versions\1\train\11529.png,train\11529.png,11529.png,0,normal,gt_mask_empty,train
C:\Users\al774\.cache\kagglehub\datasets\vadimzavadskyi\kolektorsdd2-ksdd2\versions\1\train\11530.png,train\11530.png,11530.png,0,normal,gt_mask_empty,train
C:\Users\al774\.cache\kagglehub\datasets\vadimzavadskyi\kolektorsdd2-ksdd2\versions\1\train\11531.png,train\11531.png,11531.png,0,normal,gt_mask_empty,train
C:\Users\al774\.cache\kagglehub\datasets\vadimzavadskyi\kolektorsdd2-ksdd2\versions\1\train\11532.png,train\11532.png,11532.png,0,normal,gt_mask_empty,test
C:\Users\al774\.cache\kagglehub\datasets\vadimzavadskyi\kolektorsdd2-ksdd2\versions\1\train\11533.png,train\11533.png,11533.png,0,normal,gt_mask_empty,train
C:\Users\al774\.cache\kagglehub\datasets\vadimzavadskyi\kolektorsdd2-ksdd2\versions\1\train\11534.png,train\11534.png,11534.png,0,normal,gt_mask_empty,train
C:\Users\al774\.cache\kagglehub\datasets\vadimzavadskyi\kolektorsdd2-ksdd2\versions\1\train\11535.png,train\11535.png,11535.png,0,normal,gt_mask_empty,train
C:\Users\al774\.cache\kagglehub\datasets\vadimzavadskyi\kolektorsdd2-ksdd2\versions\1\train\11536.png,train\11536.png,11536.png,0,normal,gt_mask_empty,train
C:\Users\al774\.cache\kagglehub\datasets\vadimzavadskyi\kolektorsdd2-ksdd2\versions\1\train\11537.png,train\11537.png,11537.png,0,normal,gt_mask_empty,val
C:\Users\al774\.cache\kagglehub\datasets\vadimzavadskyi\kolektorsdd2-ksdd2\versions\1\train\11538.png,train\11538.png,11538.png,0,normal,gt_mask_empty,test
C:\Users\al774\.cache\kagglehub\datasets\vadimzavadskyi\kolektorsdd2-ksdd2\versions\1\train\11539.png,train\11539.png,11539.png,0,normal,gt_mask_empty,train
C:\Users\al774\.cache\kagglehub\datasets\vadimzavadskyi\kolektorsdd2-ksdd2\versions\1\train\11540.png,train\11540.png,11540.png,0,normal,gt_mask_empty,val
C:\Users\al774\.cache\kagglehub\datasets\vadimzavadskyi\kolektorsdd2-ksdd2\versions\1\train\11541.png,train\11541.png,11541.png,0,normal,gt_mask_empty,train
C:\Users\al774\.cache\kagglehub\datasets\vadimzavadskyi\kolektorsdd2-ksdd2\versions\1\train\11542.png,train\11542.png,11542.png,0,normal,gt_mask_empty,train
C:\Users\al774\.cache\kagglehub\datasets\vadimzavadskyi\kolektorsdd2-ksdd2\versions\1\train\11543.png,train\11543.png,11543.png,1,defective,gt_mask_defect(max_val=255),train
C:\Users\al774\.cache\kagglehub\datasets\vadimzavadskyi\kolektorsdd2-ksdd2\versions\1\train\11544.png,train\11544.png,11544.png,0,normal,gt_mask_empty,train
C:\Users\al774\.cache\kagglehub\datasets\vadimzavadskyi\kolektorsdd2-ksdd2\versions\1\train\11545.png,train\11545.png,11545.png,0,normal,gt_mask_empty,train
C:\Users\al774\.cache\kagglehub\datasets\vadimzavadskyi\kolektorsdd2-ksdd2\versions\1\train\11546.png,train\11546.png,11546.png,0,normal,gt_mask_empty,test
C:\Users\al774\.cache\kagglehub\datasets\vadimzavadskyi\kolektorsdd2-ksdd2\versions\1\train\11547.png,train\11547.png,11547.png,0,normal,gt_mask_empty,train
C:\Users\al774\.cache\kagglehub\datasets\vadimzavadskyi\kolektorsdd2-ksdd2\versions\1\train\11548.png,train\11548.png,11548.png,0,normal,gt_mask_empty,train
C:\Users\al774\.cache\kagglehub\datasets\vadimzavadskyi\kolektorsdd2-ksdd2\versions\1\train\11549.png,train\11549.png,11549.png,1,defective,gt_mask_defect(max_val=255),train
C:\Users\al774\.cache\kagglehub\datasets\vadimzavadskyi\kolektorsdd2-ksdd2\versions\1\train\11550.png,train\11550.png,11550.png,0,normal,gt_mask_empty,train
C:\Users\al774\.cache\kagglehub\datasets\vadimzavadskyi\kolektorsdd2-ksdd2\versions\1\train\11551.png,train\11551.png,11551.png,0,normal,gt_mask_empty,train
C:\Users\al774\.cache\kagglehub\datasets\vadimzavadskyi\kolektorsdd2-ksdd2\versions\1\train\11552.png,train\11552.png,11552.png,0,normal,gt_mask_empty,train
C:\Users\al774\.cache\kagglehub\datasets\vadimzavadskyi\kolektorsdd2-ksdd2\versions\1\train\11553.png,train\11553.png,11553.png,1,defective,gt_mask_defect(max_val=255),train
C:\Users\al774\.cache\kagglehub\datasets\vadimzavadskyi\kolektorsdd2-ksdd2\versions\1\train\11554.png,train\11554.png,11554.png,0,normal,gt_mask_empty,train
C:\Users\al774\.cache\kagglehub\datasets\vadimzavadskyi\kolektorsdd2-ksdd2\versions\1\train\11555.png,train\11555.png,11555.png,0,normal,gt_mask_empty,train
C:\Users\al774\.cache\kagglehub\datasets\vadimzavadskyi\kolektorsdd2-ksdd2\versions\1\train\11556.png,train\11556.png,11556.png,0,normal,gt_mask_empty,train
C:\Users\al774\.cache\kagglehub\datasets\vadimzavadskyi\kolektorsdd2-ksdd2\versions\1\train\11557.png,train\11557.png,11557.png,0,normal,gt_mask_empty,test
C:\Users\al774\.cache\kagglehub\datasets\vadimzavadskyi\kolektorsdd2-ksdd2\versions\1\train\11558.png,train\11558.png,11558.png,0,normal,gt_mask_empty,train
C:\Users\al774\.cache\kagglehub\datasets\vadimzavadskyi\kolektorsdd2-ksdd2\versions\1\train\11559.png,train\11559.png,11559.png,0,normal,gt_mask_empty,val
C:\Users\al774\.cache\kagglehub\datasets\vadimzavadskyi\kolektorsdd2-ksdd2\versions\1\train\11560.png,train\11560.png,11560.png,0,normal,gt_mask_empty,test
C:\Users\al774\.cache\kagglehub\datasets\vadimzavadskyi\kolektorsdd2-ksdd2\versions\1\train\11561.png,train\11561.png,11561.png,0,normal,gt_mask_empty,train
C:\Users\al774\.cache\kagglehub\datasets\vadimzavadskyi\kolektorsdd2-ksdd2\versions\1\train\11562.png,train\11562.png,11562.png,0,normal,gt_mask_empty,train
C:\Users\al774\.cache\kagglehub\datasets\vadimzavadskyi\kolektorsdd2-ksdd2\versions\1\train\11563.png,train\11563.png,11563.png,0,normal,gt_mask_empty,test
C:\Users\al774\.cache\kagglehub\datasets\vadimzavadskyi\kolektorsdd2-ksdd2\versions\1\train\11564.png,train\11564.png,11564.png,0,normal,gt_mask_empty,test
C:\Users\al774\.cache\kagglehub\datasets\vadimzavadskyi\kolektorsdd2-ksdd2\versions\1\train\11565.png,train\11565.png,11565.png,0,normal,gt_mask_empty,train
C:\Users\al774\.cache\kagglehub\datasets\vadimzavadskyi\kolektorsdd2-ksdd2\versions\1\train\11566.png,train\11566.png,11566.png,0,normal,gt_mask_empty,train
C:\Users\al774\.cache\kagglehub\datasets\vadimzavadskyi\kolektorsdd2-ksdd2\versions\1\train\11567.png,train\11567.png,11567.png,0,normal,gt_mask_empty,train
C:\Users\al774\.cache\kagglehub\datasets\vadimzavadskyi\kolektorsdd2-ksdd2\versions\1\train\11568.png,train\11568.png,11568.png,1,defective,gt_mask_defect(max_val=255),test
C:\Users\al774\.cache\kagglehub\datasets\vadimzavadskyi\kolektorsdd2-ksdd2\versions\1\train\11569.png,train\11569.png,11569.png,0,normal,gt_mask_empty,val
C:\Users\al774\.cache\kagglehub\datasets\vadimzavadskyi\kolektorsdd2-ksdd2\versions\1\train\11570.png,train\11570.png,11570.png,0,normal,gt_mask_empty,test
C:\Users\al774\.cache\kagglehub\datasets\vadimzavadskyi\kolektorsdd2-ksdd2\versions\1\train\11571.png,train\11571.png,11571.png,0,normal,gt_mask_empty,train
C:\Users\al774\.cache\kagglehub\datasets\vadimzavadskyi\kolektorsdd2-ksdd2\versions\1\train\11572.png,train\11572.png,11572.png,0,normal,gt_mask_empty,train
C:\Users\al774\.cache\kagglehub\datasets\vadimzavadskyi\kolektorsdd2-ksdd2\versions\1\train\11573.png,train\11573.png,11573.png,1,defective,gt_mask_defect(max_val=255),val
C:\Users\al774\.cache\kagglehub\datasets\vadimzavadskyi\kolektorsdd2-ksdd2\versions\1\train\11574.png,train\11574.png,11574.png,1,defective,gt_mask_defect(max_val=255),test
C:\Users\al774\.cache\kagglehub\datasets\vadimzavadskyi\kolektorsdd2-ksdd2\versions\1\train\11575.png,train\11575.png,11575.png,0,normal,gt_mask_empty,train
C:\Users\al774\.cache\kagglehub\datasets\vadimzavadskyi\kolektorsdd2-ksdd2\versions\1\train\11576.png,train\11576.png,11576.png,0,normal,gt_mask_empty,val
C:\Users\al774\.cache\kagglehub\datasets\vadimzavadskyi\kolektorsdd2-ksdd2\versions\1\train\11577.png,train\11577.png,11577.png,0,normal,gt_mask_empty,val
C:\Users\al774\.cache\kagglehub\datasets\vadimzavadskyi\kolektorsdd2-ksdd2\versions\1\train\11578.png,train\11578.png,11578.png,0,normal,gt_mask_empty,train
C:\Users\al774\.cache\kagglehub\datasets\vadimzavadskyi\kolektorsdd2-ksdd2\versions\1\train\11579.png,train\11579.png,11579.png,0,normal,gt_mask_empty,test
C:\Users\al774\.cache\kagglehub\datasets\vadimzavadskyi\kolektorsdd2-ksdd2\versions\1\train\11580.png,train\11580.png,11580.png,0,normal,gt_mask_empty,train
C:\Users\al774\.cache\kagglehub\datasets\vadimzavadskyi\kolektorsdd2-ksdd2\versions\1\train\11581.png,train\11581.png,11581.png,0,normal,gt_mask_empty,train
C:\Users\al774\.cache\kagglehub\datasets\vadimzavadskyi\kolektorsdd2-ksdd2\versions\1\train\11582.png,train\11582.png,11582.png,0,normal,gt_mask_empty,train
C:\Users\al774\.cache\kagglehub\datasets\vadimzavadskyi\kolektorsdd2-ksdd2\versions\1\train\11583.png,train\11583.png,11583.png,0,normal,gt_mask_empty,test
C:\Users\al774\.cache\kagglehub\datasets\vadimzavadskyi\kolektorsdd2-ksdd2\versions\1\train\11584.png,train\11584.png,11584.png,1,defective,gt_mask_defect(max_val=255),train
C:\Users\al774\.cache\kagglehub\datasets\vadimzavadskyi\kolektorsdd2-ksdd2\versions\1\train\11585.png,train\11585.png,11585.png,1,defective,gt_mask_defect(max_val=255),train
C:\Users\al774\.cache\kagglehub\datasets\vadimzavadskyi\kolektorsdd2-ksdd2\versions\1\train\11586.png,train\11586.png,11586.png,0,normal,gt_mask_empty,train
C:\Users\al774\.cache\kagglehub\datasets\vadimzavadskyi\kolektorsdd2-ksdd2\versions\1\train\11587.png,train\11587.png,11587.png,0,normal,gt_mask_empty,train
C:\Users\al774\.cache\kagglehub\datasets\vadimzavadskyi\kolektorsdd2-ksdd2\versions\1\train\11588.png,train\11588.png,11588.png,0,normal,gt_mask_empty,train
C:\Users\al774\.cache\kagglehub\datasets\vadimzavadskyi\kolektorsdd2-ksdd2\versions\1\train\11589.png,train\11589.png,11589.png,0,normal,gt_mask_empty,train
C:\Users\al774\.cache\kagglehub\datasets\vadimzavadskyi\kolektorsdd2-ksdd2\versions\1\train\11590.png,train\11590.png,11590.png,1,defective,gt_mask_defect(max_val=255),test
C:\Users\al774\.cache\kagglehub\datasets\vadimzavadskyi\kolektorsdd2-ksdd2\versions\1\train\11591.png,train\11591.png,11591.png,0,normal,gt_mask_empty,train
C:\Users\al774\.cache\kagglehub\datasets\vadimzavadskyi\kolektorsdd2-ksdd2\versions\1\train\11592.png,train\11592.png,11592.png,0,normal,gt_mask_empty,train
C:\Users\al774\.cache\kagglehub\datasets\vadimzavadskyi\kolektorsdd2-ksdd2\versions\1\train\11593.png,train\11593.png,11593.png,0,normal,gt_mask_empty,test
C:\Users\al774\.cache\kagglehub\datasets\vadimzavadskyi\kolektorsdd2-ksdd2\versions\1\train\11594.png,train\11594.png,11594.png,0,normal,gt_mask_empty,train
C:\Users\al774\.cache\kagglehub\datasets\vadimzavadskyi\kolektorsdd2-ksdd2\versions\1\train\11595.png,train\11595.png,11595.png,0,normal,gt_mask_empty,test
C:\Users\al774\.cache\kagglehub\datasets\vadimzavadskyi\kolektorsdd2-ksdd2\versions\1\train\11596.png,train\11596.png,11596.png,0,normal,gt_mask_empty,val
C:\Users\al774\.cache\kagglehub\datasets\vadimzavadskyi\kolektorsdd2-ksdd2\versions\1\train\11597.png,train\11597.png,11597.png,0,normal,gt_mask_empty,train
C:\Users\al774\.cache\kagglehub\datasets\vadimzavadskyi\kolektorsdd2-ksdd2\versions\1\train\11598.png,train\11598.png,11598.png,0,normal,gt_mask_empty,train
C:\Users\al774\.cache\kagglehub\datasets\vadimzavadskyi\kolektorsdd2-ksdd2\versions\1\train\11599.png,train\11599.png,11599.png,0,normal,gt_mask_empty,train
C:\Users\al774\.cache\kagglehub\datasets\vadimzavadskyi\kolektorsdd2-ksdd2\versions\1\train\11600.png,train\11600.png,11600.png,0,normal,gt_mask_empty,val
C:\Users\al774\.cache\kagglehub\datasets\vadimzavadskyi\kolektorsdd2-ksdd2\versions\1\train\11601.png,train\11601.png,11601.png,1,defective,gt_mask_defect(max_val=255),train
C:\Users\al774\.cache\kagglehub\datasets\vadimzavadskyi\kolektorsdd2-ksdd2\versions\1\train\11602.png,train\11602.png,11602.png,0,normal,gt_mask_empty,train
C:\Users\al774\.cache\kagglehub\datasets\vadimzavadskyi\kolektorsdd2-ksdd2\versions\1\train\11603.png,train\11603.png,11603.png,0,normal,gt_mask_empty,train
C:\Users\al774\.cache\kagglehub\datasets\vadimzavadskyi\kolektorsdd2-ksdd2\versions\1\train\11604.png,train\11604.png,11604.png,0,normal,gt_mask_empty,train
C:\Users\al774\.cache\kagglehub\datasets\vadimzavadskyi\kolektorsdd2-ksdd2\versions\1\train\11605.png,train\11605.png,11605.png,0,normal,gt_mask_empty,val
C:\Users\al774\.cache\kagglehub\datasets\vadimzavadskyi\kolektorsdd2-ksdd2\versions\1\train\11606.png,train\11606.png,11606.png,0,normal,gt_mask_empty,test
C:\Users\al774\.cache\kagglehub\datasets\vadimzavadskyi\kolektorsdd2-ksdd2\versions\1\train\11607.png,train\11607.png,11607.png,0,normal,gt_mask_empty,train
C:\Users\al774\.cache\kagglehub\datasets\vadimzavadskyi\kolektorsdd2-ksdd2\versions\1\train\11608.png,train\11608.png,11608.png,0,normal,gt_mask_empty,val
C:\Users\al774\.cache\kagglehub\datasets\vadimzavadskyi\kolektorsdd2-ksdd2\versions\1\train\11609.png,train\11609.png,11609.png,0,normal,gt_mask_empty,train
C:\Users\al774\.cache\kagglehub\datasets\vadimzavadskyi\kolektorsdd2-ksdd2\versions\1\train\11610.png,train\11610.png,11610.png,0,normal,gt_mask_empty,train
C:\Users\al774\.cache\kagglehub\datasets\vadimzavadskyi\kolektorsdd2-ksdd2\versions\1\train\11611.png,train\11611.png,11611.png,0,normal,gt_mask_empty,train
C:\Users\al774\.cache\kagglehub\datasets\vadimzavadskyi\kolektorsdd2-ksdd2\versions\1\train\11612.png,train\11612.png,11612.png,1,defective,gt_mask_defect(max_val=255),train
C:\Users\al774\.cache\kagglehub\datasets\vadimzavadskyi\kolektorsdd2-ksdd2\versions\1\train\11613.png,train\11613.png,11613.png,0,normal,gt_mask_empty,train
C:\Users\al774\.cache\kagglehub\datasets\vadimzavadskyi\kolektorsdd2-ksdd2\versions\1\train\11614.png,train\11614.png,11614.png,0,normal,gt_mask_empty,val
C:\Users\al774\.cache\kagglehub\datasets\vadimzavadskyi\kolektorsdd2-ksdd2\versions\1\train\11615.png,train\11615.png,11615.png,0,normal,gt_mask_empty,train
C:\Users\al774\.cache\kagglehub\datasets\vadimzavadskyi\kolektorsdd2-ksdd2\versions\1\train\11616.png,train\11616.png,11616.png,1,defective,gt_mask_defect(max_val=255),train
C:\Users\al774\.cache\kagglehub\datasets\vadimzavadskyi\kolektorsdd2-ksdd2\versions\1\train\11617.png,train\11617.png,11617.png,0,normal,gt_mask_empty,train
C:\Users\al774\.cache\kagglehub\datasets\vadimzavadskyi\kolektorsdd2-ksdd2\versions\1\train\11618.png,train\11618.png,11618.png,0,normal,gt_mask_empty,train
C:\Users\al774\.cache\kagglehub\datasets\vadimzavadskyi\kolektorsdd2-ksdd2\versions\1\train\11619.png,train\11619.png,11619.png,0,normal,gt_mask_empty,train
C:\Users\al774\.cache\kagglehub\datasets\vadimzavadskyi\kolektorsdd2-ksdd2\versions\1\train\11620.png,train\11620.png,11620.png,0,normal,gt_mask_empty,train
C:\Users\al774\.cache\kagglehub\datasets\vadimzavadskyi\kolektorsdd2-ksdd2\versions\1\train\11621.png,train\11621.png,11621.png,0,normal,gt_mask_empty,train
C:\Users\al774\.cache\kagglehub\datasets\vadimzavadskyi\kolektorsdd2-ksdd2\versions\1\train\11622.png,train\11622.png,11622.png,0,normal,gt_mask_empty,train
C:\Users\al774\.cache\kagglehub\datasets\vadimzavadskyi\kolektorsdd2-ksdd2\versions\1\train\11623.png,train\11623.png,11623.png,0,normal,gt_mask_empty,train
C:\Users\al774\.cache\kagglehub\datasets\vadimzavadskyi\kolektorsdd2-ksdd2\versions\1\train\11624.png,train\11624.png,11624.png,0,normal,gt_mask_empty,val
C:\Users\al774\.cache\kagglehub\datasets\vadimzavadskyi\kolektorsdd2-ksdd2\versions\1\train\11625.png,train\11625.png,11625.png,0,normal,gt_mask_empty,train
C:\Users\al774\.cache\kagglehub\datasets\vadimzavadskyi\kolektorsdd2-ksdd2\versions\1\train\11626.png,train\11626.png,11626.png,0,normal,gt_mask_empty,train
C:\Users\al774\.cache\kagglehub\datasets\vadimzavadskyi\kolektorsdd2-ksdd2\versions\1\train\11627.png,train\11627.png,11627.png,0,normal,gt_mask_empty,train
C:\Users\al774\.cache\kagglehub\datasets\vadimzavadskyi\kolektorsdd2-ksdd2\versions\1\train\11628.png,train\11628.png,11628.png,0,normal,gt_mask_empty,train
C:\Users\al774\.cache\kagglehub\datasets\vadimzavadskyi\kolektorsdd2-ksdd2\versions\1\train\11629.png,train\11629.png,11629.png,1,defective,gt_mask_defect(max_val=255),train
C:\Users\al774\.cache\kagglehub\datasets\vadimzavadskyi\kolektorsdd2-ksdd2\versions\1\train\11630.png,train\11630.png,11630.png,0,normal,gt_mask_empty,train
C:\Users\al774\.cache\kagglehub\datasets\vadimzavadskyi\kolektorsdd2-ksdd2\versions\1\train\11631.png,train\11631.png,11631.png,0,normal,gt_mask_empty,train
C:\Users\al774\.cache\kagglehub\datasets\vadimzavadskyi\kolektorsdd2-ksdd2\versions\1\train\11632.png,train\11632.png,11632.png,1,defective,gt_mask_defect(max_val=255),train
C:\Users\al774\.cache\kagglehub\datasets\vadimzavadskyi\kolektorsdd2-ksdd2\versions\1\train\11633.png,train\11633.png,11633.png,0,normal,gt_mask_empty,train
C:\Users\al774\.cache\kagglehub\datasets\vadimzavadskyi\kolektorsdd2-ksdd2\versions\1\train\11634.png,train\11634.png,11634.png,0,normal,gt_mask_empty,train
C:\Users\al774\.cache\kagglehub\datasets\vadimzavadskyi\kolektorsdd2-ksdd2\versions\1\train\11635.png,train\11635.png,11635.png,0,normal,gt_mask_empty,test
C:\Users\al774\.cache\kagglehub\datasets\vadimzavadskyi\kolektorsdd2-ksdd2\versions\1\train\11636.png,train\11636.png,11636.png,0,normal,gt_mask_empty,train
C:\Users\al774\.cache\kagglehub\datasets\vadimzavadskyi\kolektorsdd2-ksdd2\versions\1\train\11637.png,train\11637.png,11637.png,0,normal,gt_mask_empty,val
C:\Users\al774\.cache\kagglehub\datasets\vadimzavadskyi\kolektorsdd2-ksdd2\versions\1\train\11638.png,train\11638.png,11638.png,0,normal,gt_mask_empty,train
C:\Users\al774\.cache\kagglehub\datasets\vadimzavadskyi\kolektorsdd2-ksdd2\versions\1\train\11639.png,train\11639.png,11639.png,0,normal,gt_mask_empty,train
C:\Users\al774\.cache\kagglehub\datasets\vadimzavadskyi\kolektorsdd2-ksdd2\versions\1\train\11640.png,train\11640.png,11640.png,0,normal,gt_mask_empty,train
C:\Users\al774\.cache\kagglehub\datasets\vadimzavadskyi\kolektorsdd2-ksdd2\versions\1\train\11641.png,train\11641.png,11641.png,1,defective,gt_mask_defect(max_val=255),val
C:\Users\al774\.cache\kagglehub\datasets\vadimzavadskyi\kolektorsdd2-ksdd2\versions\1\train\11642.png,train\11642.png,11642.png,1,defective,gt_mask_defect(max_val=255),train
C:\Users\al774\.cache\kagglehub\datasets\vadimzavadskyi\kolektorsdd2-ksdd2\versions\1\train\11643.png,train\11643.png,11643.png,1,defective,gt_mask_defect(max_val=255),train
C:\Users\al774\.cache\kagglehub\datasets\vadimzavadskyi\kolektorsdd2-ksdd2\versions\1\train\11644.png,train\11644.png,11644.png,0,normal,gt_mask_empty,train
C:\Users\al774\.cache\kagglehub\datasets\vadimzavadskyi\kolektorsdd2-ksdd2\versions\1\train\11645.png,train\11645.png,11645.png,0,normal,gt_mask_empty,test
C:\Users\al774\.cache\kagglehub\datasets\vadimzavadskyi\kolektorsdd2-ksdd2\versions\1\train\11646.png,train\11646.png,11646.png,0,normal,gt_mask_empty,train
C:\Users\al774\.cache\kagglehub\datasets\vadimzavadskyi\kolektorsdd2-ksdd2\versions\1\train\11647.png,train\11647.png,11647.png,0,normal,gt_mask_empty,val
C:\Users\al774\.cache\kagglehub\datasets\vadimzavadskyi\kolektorsdd2-ksdd2\versions\1\train\11648.png,train\11648.png,11648.png,0,normal,gt_mask_empty,train
C:\Users\al774\.cache\kagglehub\datasets\vadimzavadskyi\kolektorsdd2-ksdd2\versions\1\train\11649.png,train\11649.png,11649.png,0,normal,gt_mask_empty,train
C:\Users\al774\.cache\kagglehub\datasets\vadimzavadskyi\kolektorsdd2-ksdd2\versions\1\train\11650.png,train\11650.png,11650.png,0,normal,gt_mask_empty,train
C:\Users\al774\.cache\kagglehub\datasets\vadimzavadskyi\kolektorsdd2-ksdd2\versions\1\train\11651.png,train\11651.png,11651.png,0,normal,gt_mask_empty,train
C:\Users\al774\.cache\kagglehub\datasets\vadimzavadskyi\kolektorsdd2-ksdd2\versions\1\train\11652.png,train\11652.png,11652.png,0,normal,gt_mask_empty,test
C:\Users\al774\.cache\kagglehub\datasets\vadimzavadskyi\kolektorsdd2-ksdd2\versions\1\train\11653.png,train\11653.png,11653.png,0,normal,gt_mask_empty,train
C:\Users\al774\.cache\kagglehub\datasets\vadimzavadskyi\kolektorsdd2-ksdd2\versions\1\train\11654.png,train\11654.png,11654.png,0,normal,gt_mask_empty,train
C:\Users\al774\.cache\kagglehub\datasets\vadimzavadskyi\kolektorsdd2-ksdd2\versions\1\train\11655.png,train\11655.png,11655.png,0,normal,gt_mask_empty,train
C:\Users\al774\.cache\kagglehub\datasets\vadimzavadskyi\kolektorsdd2-ksdd2\versions\1\train\11656.png,train\11656.png,11656.png,0,normal,gt_mask_empty,train
C:\Users\al774\.cache\kagglehub\datasets\vadimzavadskyi\kolektorsdd2-ksdd2\versions\1\train\11657.png,train\11657.png,11657.png,0,normal,gt_mask_empty,train
C:\Users\al774\.cache\kagglehub\datasets\vadimzavadskyi\kolektorsdd2-ksdd2\versions\1\train\11658.png,train\11658.png,11658.png,1,defective,gt_mask_defect(max_val=255),test
C:\Users\al774\.cache\kagglehub\datasets\vadimzavadskyi\kolektorsdd2-ksdd2\versions\1\train\11659.png,train\11659.png,11659.png,0,normal,gt_mask_empty,train
C:\Users\al774\.cache\kagglehub\datasets\vadimzavadskyi\kolektorsdd2-ksdd2\versions\1\train\11660.png,train\11660.png,11660.png,0,normal,gt_mask_empty,test
C:\Users\al774\.cache\kagglehub\datasets\vadimzavadskyi\kolektorsdd2-ksdd2\versions\1\train\11661.png,train\11661.png,11661.png,0,normal,gt_mask_empty,train
C:\Users\al774\.cache\kagglehub\datasets\vadimzavadskyi\kolektorsdd2-ksdd2\versions\1\train\11662.png,train\11662.png,11662.png,1,defective,gt_mask_defect(max_val=255),train
C:\Users\al774\.cache\kagglehub\datasets\vadimzavadskyi\kolektorsdd2-ksdd2\versions\1\train\11663.png,train\11663.png,11663.png,0,normal,gt_mask_empty,train
C:\Users\al774\.cache\kagglehub\datasets\vadimzavadskyi\kolektorsdd2-ksdd2\versions\1\train\11664.png,train\11664.png,11664.png,0,normal,gt_mask_empty,test
C:\Users\al774\.cache\kagglehub\datasets\vadimzavadskyi\kolektorsdd2-ksdd2\versions\1\train\11665.png,train\11665.png,11665.png,0,normal,gt_mask_empty,val
C:\Users\al774\.cache\kagglehub\datasets\vadimzavadskyi\kolektorsdd2-ksdd2\versions\1\train\11666.png,train\11666.png,11666.png,0,normal,gt_mask_empty,test
C:\Users\al774\.cache\kagglehub\datasets\vadimzavadskyi\kolektorsdd2-ksdd2\versions\1\train\11667.png,train\11667.png,11667.png,0,normal,gt_mask_empty,val
C:\Users\al774\.cache\kagglehub\datasets\vadimzavadskyi\kolektorsdd2-ksdd2\versions\1\train\11668.png,train\11668.png,11668.png,0,normal,gt_mask_empty,val
C:\Users\al774\.cache\kagglehub\datasets\vadimzavadskyi\kolektorsdd2-ksdd2\versions\1\train\11669.png,train\11669.png,11669.png,1,defective,gt_mask_defect(max_val=255),val
C:\Users\al774\.cache\kagglehub\datasets\vadimzavadskyi\kolektorsdd2-ksdd2\versions\1\train\11670.png,train\11670.png,11670.png,1,defective,gt_mask_defect(max_val=255),test
C:\Users\al774\.cache\kagglehub\datasets\vadimzavadskyi\kolektorsdd2-ksdd2\versions\1\train\11671.png,train\11671.png,11671.png,0,normal,gt_mask_empty,train
C:\Users\al774\.cache\kagglehub\datasets\vadimzavadskyi\kolektorsdd2-ksdd2\versions\1\train\11672.png,train\11672.png,11672.png,0,normal,gt_mask_empty,test
C:\Users\al774\.cache\kagglehub\datasets\vadimzavadskyi\kolektorsdd2-ksdd2\versions\1\train\11673.png,train\11673.png,11673.png,0,normal,gt_mask_empty,train
C:\Users\al774\.cache\kagglehub\datasets\vadimzavadskyi\kolektorsdd2-ksdd2\versions\1\train\11674.png,train\11674.png,11674.png,0,normal,gt_mask_empty,test
C:\Users\al774\.cache\kagglehub\datasets\vadimzavadskyi\kolektorsdd2-ksdd2\versions\1\train\11675.png,train\11675.png,11675.png,0,normal,gt_mask_empty,train
C:\Users\al774\.cache\kagglehub\datasets\vadimzavadskyi\kolektorsdd2-ksdd2\versions\1\train\11676.png,train\11676.png,11676.png,0,normal,gt_mask_empty,train
C:\Users\al774\.cache\kagglehub\datasets\vadimzavadskyi\kolektorsdd2-ksdd2\versions\1\train\11677.png,train\11677.png,11677.png,0,normal,gt_mask_empty,train
C:\Users\al774\.cache\kagglehub\datasets\vadimzavadskyi\kolektorsdd2-ksdd2\versions\1\train\11678.png,train\11678.png,11678.png,0,normal,gt_mask_empty,train
C:\Users\al774\.cache\kagglehub\datasets\vadimzavadskyi\kolektorsdd2-ksdd2\versions\1\train\11679.png,train\11679.png,11679.png,0,normal,gt_mask_empty,train
C:\Users\al774\.cache\kagglehub\datasets\vadimzavadskyi\kolektorsdd2-ksdd2\versions\1\train\11680.png,train\11680.png,11680.png,0,normal,gt_mask_empty,train
C:\Users\al774\.cache\kagglehub\datasets\vadimzavadskyi\kolektorsdd2-ksdd2\versions\1\train\11681.png,train\11681.png,11681.png,0,normal,gt_mask_empty,train
C:\Users\al774\.cache\kagglehub\datasets\vadimzavadskyi\kolektorsdd2-ksdd2\versions\1\train\11682.png,train\11682.png,11682.png,0,normal,gt_mask_empty,train
C:\Users\al774\.cache\kagglehub\datasets\vadimzavadskyi\kolektorsdd2-ksdd2\versions\1\train\11683.png,train\11683.png,11683.png,0,normal,gt_mask_empty,train
C:\Users\al774\.cache\kagglehub\datasets\vadimzavadskyi\kolektorsdd2-ksdd2\versions\1\train\11684.png,train\11684.png,11684.png,0,normal,gt_mask_empty,train
C:\Users\al774\.cache\kagglehub\datasets\vadimzavadskyi\kolektorsdd2-ksdd2\versions\1\train\11685.png,train\11685.png,11685.png,0,normal,gt_mask_empty,train
C:\Users\al774\.cache\kagglehub\datasets\vadimzavadskyi\kolektorsdd2-ksdd2\versions\1\train\11686.png,train\11686.png,11686.png,0,normal,gt_mask_empty,train
C:\Users\al774\.cache\kagglehub\datasets\vadimzavadskyi\kolektorsdd2-ksdd2\versions\1\train\11687.png,train\11687.png,11687.png,0,normal,gt_mask_empty,train
C:\Users\al774\.cache\kagglehub\datasets\vadimzavadskyi\kolektorsdd2-ksdd2\versions\1\train\11688.png,train\11688.png,11688.png,0,normal,gt_mask_empty,val
C:\Users\al774\.cache\kagglehub\datasets\vadimzavadskyi\kolektorsdd2-ksdd2\versions\1\train\11689.png,train\11689.png,11689.png,0,normal,gt_mask_empty,train
C:\Users\al774\.cache\kagglehub\datasets\vadimzavadskyi\kolektorsdd2-ksdd2\versions\1\train\11690.png,train\11690.png,11690.png,0,normal,gt_mask_empty,train
C:\Users\al774\.cache\kagglehub\datasets\vadimzavadskyi\kolektorsdd2-ksdd2\versions\1\train\11691.png,train\11691.png,11691.png,0,normal,gt_mask_empty,train
C:\Users\al774\.cache\kagglehub\datasets\vadimzavadskyi\kolektorsdd2-ksdd2\versions\1\train\11692.png,train\11692.png,11692.png,0,normal,gt_mask_empty,val
C:\Users\al774\.cache\kagglehub\datasets\vadimzavadskyi\kolektorsdd2-ksdd2\versions\1\train\11693.png,train\11693.png,11693.png,0,normal,gt_mask_empty,train
C:\Users\al774\.cache\kagglehub\datasets\vadimzavadskyi\kolektorsdd2-ksdd2\versions\1\train\11694.png,train\11694.png,11694.png,0,normal,gt_mask_empty,train
C:\Users\al774\.cache\kagglehub\datasets\vadimzavadskyi\kolektorsdd2-ksdd2\versions\1\train\11695.png,train\11695.png,11695.png,1,defective,gt_mask_defect(max_val=255),train
C:\Users\al774\.cache\kagglehub\datasets\vadimzavadskyi\kolektorsdd2-ksdd2\versions\1\train\11696.png,train\11696.png,11696.png,0,normal,gt_mask_empty,train
C:\Users\al774\.cache\kagglehub\datasets\vadimzavadskyi\kolektorsdd2-ksdd2\versions\1\train\11697.png,train\11697.png,11697.png,0,normal,gt_mask_empty,train
C:\Users\al774\.cache\kagglehub\datasets\vadimzavadskyi\kolektorsdd2-ksdd2\versions\1\train\11698.png,train\11698.png,11698.png,0,normal,gt_mask_empty,test
C:\Users\al774\.cache\kagglehub\datasets\vadimzavadskyi\kolektorsdd2-ksdd2\versions\1\train\11699.png,train\11699.png,11699.png,0,normal,gt_mask_empty,train
C:\Users\al774\.cache\kagglehub\datasets\vadimzavadskyi\kolektorsdd2-ksdd2\versions\1\train\11700.png,train\11700.png,11700.png,0,normal,gt_mask_empty,train
C:\Users\al774\.cache\kagglehub\datasets\vadimzavadskyi\kolektorsdd2-ksdd2\versions\1\train\11701.png,train\11701.png,11701.png,0,normal,gt_mask_empty,train
C:\Users\al774\.cache\kagglehub\datasets\vadimzavadskyi\kolektorsdd2-ksdd2\versions\1\train\11702.png,train\11702.png,11702.png,0,normal,gt_mask_empty,train
C:\Users\al774\.cache\kagglehub\datasets\vadimzavadskyi\kolektorsdd2-ksdd2\versions\1\train\11703.png,train\11703.png,11703.png,0,normal,gt_mask_empty,train
C:\Users\al774\.cache\kagglehub\datasets\vadimzavadskyi\kolektorsdd2-ksdd2\versions\1\train\11704.png,train\11704.png,11704.png,0,normal,gt_mask_empty,train
C:\Users\al774\.cache\kagglehub\datasets\vadimzavadskyi\kolektorsdd2-ksdd2\versions\1\train\11705.png,train\11705.png,11705.png,0,normal,gt_mask_empty,train
C:\Users\al774\.cache\kagglehub\datasets\vadimzavadskyi\kolektorsdd2-ksdd2\versions\1\train\11706.png,train\11706.png,11706.png,0,normal,gt_mask_empty,train
C:\Users\al774\.cache\kagglehub\datasets\vadimzavadskyi\kolektorsdd2-ksdd2\versions\1\train\11707.png,train\11707.png,11707.png,0,normal,gt_mask_empty,train
C:\Users\al774\.cache\kagglehub\datasets\vadimzavadskyi\kolektorsdd2-ksdd2\versions\1\train\11708.png,train\11708.png,11708.png,0,normal,gt_mask_empty,train
C:\Users\al774\.cache\kagglehub\datasets\vadimzavadskyi\kolektorsdd2-ksdd2\versions\1\train\11709.png,train\11709.png,11709.png,0,normal,gt_mask_empty,val
C:\Users\al774\.cache\kagglehub\datasets\vadimzavadskyi\kolektorsdd2-ksdd2\versions\1\train\11710.png,train\11710.png,11710.png,0,normal,gt_mask_empty,train
C:\Users\al774\.cache\kagglehub\datasets\vadimzavadskyi\kolektorsdd2-ksdd2\versions\1\train\11711.png,train\11711.png,11711.png,1,defective,gt_mask_defect(max_val=255),val
C:\Users\al774\.cache\kagglehub\datasets\vadimzavadskyi\kolektorsdd2-ksdd2\versions\1\train\11712.png,train\11712.png,11712.png,0,normal,gt_mask_empty,train
C:\Users\al774\.cache\kagglehub\datasets\vadimzavadskyi\kolektorsdd2-ksdd2\versions\1\train\11713.png,train\11713.png,11713.png,1,defective,gt_mask_defect(max_val=255),test
C:\Users\al774\.cache\kagglehub\datasets\vadimzavadskyi\kolektorsdd2-ksdd2\versions\1\train\11714.png,train\11714.png,11714.png,0,normal,gt_mask_empty,test
C:\Users\al774\.cache\kagglehub\datasets\vadimzavadskyi\kolektorsdd2-ksdd2\versions\1\train\11715.png,train\11715.png,11715.png,0,normal,gt_mask_empty,train
C:\Users\al774\.cache\kagglehub\datasets\vadimzavadskyi\kolektorsdd2-ksdd2\versions\1\train\11716.png,train\11716.png,11716.png,0,normal,gt_mask_empty,val
C:\Users\al774\.cache\kagglehub\datasets\vadimzavadskyi\kolektorsdd2-ksdd2\versions\1\train\11717.png,train\11717.png,11717.png,0,normal,gt_mask_empty,val
C:\Users\al774\.cache\kagglehub\datasets\vadimzavadskyi\kolektorsdd2-ksdd2\versions\1\train\11718.png,train\11718.png,11718.png,0,normal,gt_mask_empty,train
C:\Users\al774\.cache\kagglehub\datasets\vadimzavadskyi\kolektorsdd2-ksdd2\versions\1\train\11719.png,train\11719.png,11719.png,0,normal,gt_mask_empty,val
C:\Users\al774\.cache\kagglehub\datasets\vadimzavadskyi\kolektorsdd2-ksdd2\versions\1\train\11720.png,train\11720.png,11720.png,0,normal,gt_mask_empty,train
C:\Users\al774\.cache\kagglehub\datasets\vadimzavadskyi\kolektorsdd2-ksdd2\versions\1\train\11721.png,train\11721.png,11721.png,0,normal,gt_mask_empty,train
C:\Users\al774\.cache\kagglehub\datasets\vadimzavadskyi\kolektorsdd2-ksdd2\versions\1\train\11722.png,train\11722.png,11722.png,0,normal,gt_mask_empty,train
C:\Users\al774\.cache\kagglehub\datasets\vadimzavadskyi\kolektorsdd2-ksdd2\versions\1\train\11723.png,train\11723.png,11723.png,0,normal,gt_mask_empty,train
C:\Users\al774\.cache\kagglehub\datasets\vadimzavadskyi\kolektorsdd2-ksdd2\versions\1\train\11724.png,train\11724.png,11724.png,0,normal,gt_mask_empty,train
C:\Users\al774\.cache\kagglehub\datasets\vadimzavadskyi\kolektorsdd2-ksdd2\versions\1\train\11725.png,train\11725.png,11725.png,0,normal,gt_mask_empty,train
C:\Users\al774\.cache\kagglehub\datasets\vadimzavadskyi\kolektorsdd2-ksdd2\versions\1\train\11726.png,train\11726.png,11726.png,0,normal,gt_mask_empty,train
C:\Users\al774\.cache\kagglehub\datasets\vadimzavadskyi\kolektorsdd2-ksdd2\versions\1\train\11727.png,train\11727.png,11727.png,0,normal,gt_mask_empty,test
C:\Users\al774\.cache\kagglehub\datasets\vadimzavadskyi\kolektorsdd2-ksdd2\versions\1\train\11728.png,train\11728.png,11728.png,0,normal,gt_mask_empty,test
C:\Users\al774\.cache\kagglehub\datasets\vadimzavadskyi\kolektorsdd2-ksdd2\versions\1\train\11729.png,train\11729.png,11729.png,0,normal,gt_mask_empty,train
C:\Users\al774\.cache\kagglehub\datasets\vadimzavadskyi\kolektorsdd2-ksdd2\versions\1\train\11730.png,train\11730.png,11730.png,0,normal,gt_mask_empty,train
C:\Users\al774\.cache\kagglehub\datasets\vadimzavadskyi\kolektorsdd2-ksdd2\versions\1\train\11731.png,train\11731.png,11731.png,0,normal,gt_mask_empty,train
C:\Users\al774\.cache\kagglehub\datasets\vadimzavadskyi\kolektorsdd2-ksdd2\versions\1\train\11732.png,train\11732.png,11732.png,0,normal,gt_mask_empty,train
C:\Users\al774\.cache\kagglehub\datasets\vadimzavadskyi\kolektorsdd2-ksdd2\versions\1\train\11733.png,train\11733.png,11733.png,0,normal,gt_mask_empty,test
C:\Users\al774\.cache\kagglehub\datasets\vadimzavadskyi\kolektorsdd2-ksdd2\versions\1\train\11734.png,train\11734.png,11734.png,0,normal,gt_mask_empty,val
C:\Users\al774\.cache\kagglehub\datasets\vadimzavadskyi\kolektorsdd2-ksdd2\versions\1\train\11735.png,train\11735.png,11735.png,0,normal,gt_mask_empty,train
C:\Users\al774\.cache\kagglehub\datasets\vadimzavadskyi\kolektorsdd2-ksdd2\versions\1\train\11736.png,train\11736.png,11736.png,0,normal,gt_mask_empty,train
C:\Users\al774\.cache\kagglehub\datasets\vadimzavadskyi\kolektorsdd2-ksdd2\versions\1\train\11737.png,train\11737.png,11737.png,0,normal,gt_mask_empty,train
C:\Users\al774\.cache\kagglehub\datasets\vadimzavadskyi\kolektorsdd2-ksdd2\versions\1\train\11738.png,train\11738.png,11738.png,0,normal,gt_mask_empty,test
C:\Users\al774\.cache\kagglehub\datasets\vadimzavadskyi\kolektorsdd2-ksdd2\versions\1\train\11739.png,train\11739.png,11739.png,1,defective,gt_mask_defect(max_val=255),train
C:\Users\al774\.cache\kagglehub\datasets\vadimzavadskyi\kolektorsdd2-ksdd2\versions\1\train\11740.png,train\11740.png,11740.png,0,normal,gt_mask_empty,val
C:\Users\al774\.cache\kagglehub\datasets\vadimzavadskyi\kolektorsdd2-ksdd2\versions\1\train\11741.png,train\11741.png,11741.png,0,normal,gt_mask_empty,val
C:\Users\al774\.cache\kagglehub\datasets\vadimzavadskyi\kolektorsdd2-ksdd2\versions\1\train\11742.png,train\11742.png,11742.png,0,normal,gt_mask_empty,train
C:\Users\al774\.cache\kagglehub\datasets\vadimzavadskyi\kolektorsdd2-ksdd2\versions\1\train\11743.png,train\11743.png,11743.png,0,normal,gt_mask_empty,test
C:\Users\al774\.cache\kagglehub\datasets\vadimzavadskyi\kolektorsdd2-ksdd2\versions\1\train\11744.png,train\11744.png,11744.png,0,normal,gt_mask_empty,train
C:\Users\al774\.cache\kagglehub\datasets\vadimzavadskyi\kolektorsdd2-ksdd2\versions\1\train\11745.png,train\11745.png,11745.png,0,normal,gt_mask_empty,train
C:\Users\al774\.cache\kagglehub\datasets\vadimzavadskyi\kolektorsdd2-ksdd2\versions\1\train\11746.png,train\11746.png,11746.png,1,defective,gt_mask_defect(max_val=255),train
C:\Users\al774\.cache\kagglehub\datasets\vadimzavadskyi\kolektorsdd2-ksdd2\versions\1\train\11747.png,train\11747.png,11747.png,0,normal,gt_mask_empty,test
C:\Users\al774\.cache\kagglehub\datasets\vadimzavadskyi\kolektorsdd2-ksdd2\versions\1\train\11748.png,train\11748.png,11748.png,0,normal,gt_mask_empty,train
C:\Users\al774\.cache\kagglehub\datasets\vadimzavadskyi\kolektorsdd2-ksdd2\versions\1\train\11749.png,train\11749.png,11749.png,0,normal,gt_mask_empty,train
C:\Users\al774\.cache\kagglehub\datasets\vadimzavadskyi\kolektorsdd2-ksdd2\versions\1\train\11750.png,train\11750.png,11750.png,1,defective,gt_mask_defect(max_val=255),train
C:\Users\al774\.cache\kagglehub\datasets\vadimzavadskyi\kolektorsdd2-ksdd2\versions\1\train\11751.png,train\11751.png,11751.png,0,normal,gt_mask_empty,train
C:\Users\al774\.cache\kagglehub\datasets\vadimzavadskyi\kolektorsdd2-ksdd2\versions\1\train\11752.png,train\11752.png,11752.png,0,normal,gt_mask_empty,train
C:\Users\al774\.cache\kagglehub\datasets\vadimzavadskyi\kolektorsdd2-ksdd2\versions\1\train\11753.png,train\11753.png,11753.png,0,normal,gt_mask_empty,val
C:\Users\al774\.cache\kagglehub\datasets\vadimzavadskyi\kolektorsdd2-ksdd2\versions\1\train\11754.png,train\11754.png,11754.png,0,normal,gt_mask_empty,train
C:\Users\al774\.cache\kagglehub\datasets\vadimzavadskyi\kolektorsdd2-ksdd2\versions\1\train\11755.png,train\11755.png,11755.png,1,defective,gt_mask_defect(max_val=255),test
C:\Users\al774\.cache\kagglehub\datasets\vadimzavadskyi\kolektorsdd2-ksdd2\versions\1\train\11756.png,train\11756.png,11756.png,0,normal,gt_mask_empty,test
C:\Users\al774\.cache\kagglehub\datasets\vadimzavadskyi\kolektorsdd2-ksdd2\versions\1\train\11757.png,train\11757.png,11757.png,0,normal,gt_mask_empty,train
C:\Users\al774\.cache\kagglehub\datasets\vadimzavadskyi\kolektorsdd2-ksdd2\versions\1\train\11758.png,train\11758.png,11758.png,0,normal,gt_mask_empty,train
C:\Users\al774\.cache\kagglehub\datasets\vadimzavadskyi\kolektorsdd2-ksdd2\versions\1\train\11759.png,train\11759.png,11759.png,0,normal,gt_mask_empty,train
C:\Users\al774\.cache\kagglehub\datasets\vadimzavadskyi\kolektorsdd2-ksdd2\versions\1\train\11760.png,train\11760.png,11760.png,0,normal,gt_mask_empty,train
C:\Users\al774\.cache\kagglehub\datasets\vadimzavadskyi\kolektorsdd2-ksdd2\versions\1\train\11761.png,train\11761.png,11761.png,0,normal,gt_mask_empty,train
C:\Users\al774\.cache\kagglehub\datasets\vadimzavadskyi\kolektorsdd2-ksdd2\versions\1\train\11762.png,train\11762.png,11762.png,0,normal,gt_mask_empty,train
C:\Users\al774\.cache\kagglehub\datasets\vadimzavadskyi\kolektorsdd2-ksdd2\versions\1\train\11763.png,train\11763.png,11763.png,0,normal,gt_mask_empty,train
C:\Users\al774\.cache\kagglehub\datasets\vadimzavadskyi\kolektorsdd2-ksdd2\versions\1\train\11764.png,train\11764.png,11764.png,0,normal,gt_mask_empty,train
C:\Users\al774\.cache\kagglehub\datasets\vadimzavadskyi\kolektorsdd2-ksdd2\versions\1\train\11765.png,train\11765.png,11765.png,0,normal,gt_mask_empty,train
C:\Users\al774\.cache\kagglehub\datasets\vadimzavadskyi\kolektorsdd2-ksdd2\versions\1\train\11766.png,train\11766.png,11766.png,0,normal,gt_mask_empty,train
C:\Users\al774\.cache\kagglehub\datasets\vadimzavadskyi\kolektorsdd2-ksdd2\versions\1\train\11767.png,train\11767.png,11767.png,0,normal,gt_mask_empty,test
C:\Users\al774\.cache\kagglehub\datasets\vadimzavadskyi\kolektorsdd2-ksdd2\versions\1\train\11768.png,train\11768.png,11768.png,0,normal,gt_mask_empty,train
C:\Users\al774\.cache\kagglehub\datasets\vadimzavadskyi\kolektorsdd2-ksdd2\versions\1\train\11769.png,train\11769.png,11769.png,0,normal,gt_mask_empty,train
C:\Users\al774\.cache\kagglehub\datasets\vadimzavadskyi\kolektorsdd2-ksdd2\versions\1\train\11770.png,train\11770.png,11770.png,1,defective,gt_mask_defect(max_val=255),train
C:\Users\al774\.cache\kagglehub\datasets\vadimzavadskyi\kolektorsdd2-ksdd2\versions\1\train\11771.png,train\11771.png,11771.png,0,normal,gt_mask_empty,test
C:\Users\al774\.cache\kagglehub\datasets\vadimzavadskyi\kolektorsdd2-ksdd2\versions\1\train\11772.png,train\11772.png,11772.png,0,normal,gt_mask_empty,train
C:\Users\al774\.cache\kagglehub\datasets\vadimzavadskyi\kolektorsdd2-ksdd2\versions\1\train\11773.png,train\11773.png,11773.png,0,normal,gt_mask_empty,train
C:\Users\al774\.cache\kagglehub\datasets\vadimzavadskyi\kolektorsdd2-ksdd2\versions\1\train\11774.png,train\11774.png,11774.png,0,normal,gt_mask_empty,test
C:\Users\al774\.cache\kagglehub\datasets\vadimzavadskyi\kolektorsdd2-ksdd2\versions\1\train\11775.png,train\11775.png,11775.png,1,defective,gt_mask_defect(max_val=255),train
C:\Users\al774\.cache\kagglehub\datasets\vadimzavadskyi\kolektorsdd2-ksdd2\versions\1\train\11776.png,train\11776.png,11776.png,0,normal,gt_mask_empty,train
C:\Users\al774\.cache\kagglehub\datasets\vadimzavadskyi\kolektorsdd2-ksdd2\versions\1\train\11777.png,train\11777.png,11777.png,0,normal,gt_mask_empty,train
C:\Users\al774\.cache\kagglehub\datasets\vadimzavadskyi\kolektorsdd2-ksdd2\versions\1\train\11778.png,train\11778.png,11778.png,0,normal,gt_mask_empty,train
C:\Users\al774\.cache\kagglehub\datasets\vadimzavadskyi\kolektorsdd2-ksdd2\versions\1\train\11779.png,train\11779.png,11779.png,0,normal,gt_mask_empty,test
C:\Users\al774\.cache\kagglehub\datasets\vadimzavadskyi\kolektorsdd2-ksdd2\versions\1\train\11780.png,train\11780.png,11780.png,0,normal,gt_mask_empty,train
C:\Users\al774\.cache\kagglehub\datasets\vadimzavadskyi\kolektorsdd2-ksdd2\versions\1\train\11781.png,train\11781.png,11781.png,0,normal,gt_mask_empty,test
C:\Users\al774\.cache\kagglehub\datasets\vadimzavadskyi\kolektorsdd2-ksdd2\versions\1\train\11782.png,train\11782.png,11782.png,0,normal,gt_mask_empty,val
C:\Users\al774\.cache\kagglehub\datasets\vadimzavadskyi\kolektorsdd2-ksdd2\versions\1\train\11783.png,train\11783.png,11783.png,0,normal,gt_mask_empty,train
C:\Users\al774\.cache\kagglehub\datasets\vadimzavadskyi\kolektorsdd2-ksdd2\versions\1\train\11784.png,train\11784.png,11784.png,0,normal,gt_mask_empty,val
C:\Users\al774\.cache\kagglehub\datasets\vadimzavadskyi\kolektorsdd2-ksdd2\versions\1\train\11785.png,train\11785.png,11785.png,0,normal,gt_mask_empty,test
C:\Users\al774\.cache\kagglehub\datasets\vadimzavadskyi\kolektorsdd2-ksdd2\versions\1\train\11786.png,train\11786.png,11786.png,0,normal,gt_mask_empty,train
C:\Users\al774\.cache\kagglehub\datasets\vadimzavadskyi\kolektorsdd2-ksdd2\versions\1\train\11787.png,train\11787.png,11787.png,0,normal,gt_mask_empty,test
C:\Users\al774\.cache\kagglehub\datasets\vadimzavadskyi\kolektorsdd2-ksdd2\versions\1\train\11788.png,train\11788.png,11788.png,0,normal,gt_mask_empty,train
C:\Users\al774\.cache\kagglehub\datasets\vadimzavadskyi\kolektorsdd2-ksdd2\versions\1\train\11789.png,train\11789.png,11789.png,0,normal,gt_mask_empty,train
C:\Users\al774\.cache\kagglehub\datasets\vadimzavadskyi\kolektorsdd2-ksdd2\versions\1\train\11790.png,train\11790.png,11790.png,0,normal,gt_mask_empty,test
C:\Users\al774\.cache\kagglehub\datasets\vadimzavadskyi\kolektorsdd2-ksdd2\versions\1\train\11791.png,train\11791.png,11791.png,0,normal,gt_mask_empty,train
C:\Users\al774\.cache\kagglehub\datasets\vadimzavadskyi\kolektorsdd2-ksdd2\versions\1\train\11792.png,train\11792.png,11792.png,0,normal,gt_mask_empty,train
C:\Users\al774\.cache\kagglehub\datasets\vadimzavadskyi\kolektorsdd2-ksdd2\versions\1\train\11793.png,train\11793.png,11793.png,0,normal,gt_mask_empty,val
C:\Users\al774\.cache\kagglehub\datasets\vadimzavadskyi\kolektorsdd2-ksdd2\versions\1\train\11794.png,train\11794.png,11794.png,0,normal,gt_mask_empty,train
C:\Users\al774\.cache\kagglehub\datasets\vadimzavadskyi\kolektorsdd2-ksdd2\versions\1\train\11795.png,train\11795.png,11795.png,0,normal,gt_mask_empty,train
C:\Users\al774\.cache\kagglehub\datasets\vadimzavadskyi\kolektorsdd2-ksdd2\versions\1\train\11796.png,train\11796.png,11796.png,0,normal,gt_mask_empty,train
C:\Users\al774\.cache\kagglehub\datasets\vadimzavadskyi\kolektorsdd2-ksdd2\versions\1\train\11797.png,train\11797.png,11797.png,0,normal,gt_mask_empty,train
C:\Users\al774\.cache\kagglehub\datasets\vadimzavadskyi\kolektorsdd2-ksdd2\versions\1\train\11798.png,train\11798.png,11798.png,0,normal,gt_mask_empty,test
C:\Users\al774\.cache\kagglehub\datasets\vadimzavadskyi\kolektorsdd2-ksdd2\versions\1\train\11799.png,train\11799.png,11799.png,0,normal,gt_mask_empty,train
C:\Users\al774\.cache\kagglehub\datasets\vadimzavadskyi\kolektorsdd2-ksdd2\versions\1\train\11800.png,train\11800.png,11800.png,1,defective,gt_mask_defect(max_val=255),train
C:\Users\al774\.cache\kagglehub\datasets\vadimzavadskyi\kolektorsdd2-ksdd2\versions\1\train\11801.png,train\11801.png,11801.png,0,normal,gt_mask_empty,train
C:\Users\al774\.cache\kagglehub\datasets\vadimzavadskyi\kolektorsdd2-ksdd2\versions\1\train\11802.png,train\11802.png,11802.png,0,normal,gt_mask_empty,test
C:\Users\al774\.cache\kagglehub\datasets\vadimzavadskyi\kolektorsdd2-ksdd2\versions\1\train\11803.png,train\11803.png,11803.png,0,normal,gt_mask_empty,train
C:\Users\al774\.cache\kagglehub\datasets\vadimzavadskyi\kolektorsdd2-ksdd2\versions\1\train\11804.png,train\11804.png,11804.png,1,defective,gt_mask_defect(max_val=255),train
C:\Users\al774\.cache\kagglehub\datasets\vadimzavadskyi\kolektorsdd2-ksdd2\versions\1\train\11805.png,train\11805.png,11805.png,0,normal,gt_mask_empty,train
C:\Users\al774\.cache\kagglehub\datasets\vadimzavadskyi\kolektorsdd2-ksdd2\versions\1\train\11806.png,train\11806.png,11806.png,0,normal,gt_mask_empty,train
C:\Users\al774\.cache\kagglehub\datasets\vadimzavadskyi\kolektorsdd2-ksdd2\versions\1\train\11807.png,train\11807.png,11807.png,0,normal,gt_mask_empty,train
C:\Users\al774\.cache\kagglehub\datasets\vadimzavadskyi\kolektorsdd2-ksdd2\versions\1\train\11808.png,train\11808.png,11808.png,1,defective,gt_mask_defect(max_val=255),train
C:\Users\al774\.cache\kagglehub\datasets\vadimzavadskyi\kolektorsdd2-ksdd2\versions\1\train\11809.png,train\11809.png,11809.png,0,normal,gt_mask_empty,train
C:\Users\al774\.cache\kagglehub\datasets\vadimzavadskyi\kolektorsdd2-ksdd2\versions\1\train\11810.png,train\11810.png,11810.png,1,defective,gt_mask_defect(max_val=255),test
C:\Users\al774\.cache\kagglehub\datasets\vadimzavadskyi\kolektorsdd2-ksdd2\versions\1\train\11811.png,train\11811.png,11811.png,0,normal,gt_mask_empty,train
C:\Users\al774\.cache\kagglehub\datasets\vadimzavadskyi\kolektorsdd2-ksdd2\versions\1\train\11812.png,train\11812.png,11812.png,0,normal,gt_mask_empty,test
C:\Users\al774\.cache\kagglehub\datasets\vadimzavadskyi\kolektorsdd2-ksdd2\versions\1\train\11813.png,train\11813.png,11813.png,0,normal,gt_mask_empty,train
C:\Users\al774\.cache\kagglehub\datasets\vadimzavadskyi\kolektorsdd2-ksdd2\versions\1\train\11814.png,train\11814.png,11814.png,0,normal,gt_mask_empty,val
C:\Users\al774\.cache\kagglehub\datasets\vadimzavadskyi\kolektorsdd2-ksdd2\versions\1\train\11815.png,train\11815.png,11815.png,0,normal,gt_mask_empty,test
C:\Users\al774\.cache\kagglehub\datasets\vadimzavadskyi\kolektorsdd2-ksdd2\versions\1\train\11816.png,train\11816.png,11816.png,0,normal,gt_mask_empty,train
C:\Users\al774\.cache\kagglehub\datasets\vadimzavadskyi\kolektorsdd2-ksdd2\versions\1\train\11817.png,train\11817.png,11817.png,0,normal,gt_mask_empty,train
C:\Users\al774\.cache\kagglehub\datasets\vadimzavadskyi\kolektorsdd2-ksdd2\versions\1\train\11818.png,train\11818.png,11818.png,0,normal,gt_mask_empty,val
C:\Users\al774\.cache\kagglehub\datasets\vadimzavadskyi\kolektorsdd2-ksdd2\versions\1\train\11819.png,train\11819.png,11819.png,0,normal,gt_mask_empty,train
C:\Users\al774\.cache\kagglehub\datasets\vadimzavadskyi\kolektorsdd2-ksdd2\versions\1\train\11820.png,train\11820.png,11820.png,0,normal,gt_mask_empty,test
C:\Users\al774\.cache\kagglehub\datasets\vadimzavadskyi\kolektorsdd2-ksdd2\versions\1\train\11821.png,train\11821.png,11821.png,0,normal,gt_mask_empty,val
C:\Users\al774\.cache\kagglehub\datasets\vadimzavadskyi\kolektorsdd2-ksdd2\versions\1\train\11822.png,train\11822.png,11822.png,0,normal,gt_mask_empty,train
C:\Users\al774\.cache\kagglehub\datasets\vadimzavadskyi\kolektorsdd2-ksdd2\versions\1\train\11823.png,train\11823.png,11823.png,0,normal,gt_mask_empty,train
C:\Users\al774\.cache\kagglehub\datasets\vadimzavadskyi\kolektorsdd2-ksdd2\versions\1\train\11824.png,train\11824.png,11824.png,0,normal,gt_mask_empty,train
C:\Users\al774\.cache\kagglehub\datasets\vadimzavadskyi\kolektorsdd2-ksdd2\versions\1\train\11825.png,train\11825.png,11825.png,0,normal,gt_mask_empty,train
C:\Users\al774\.cache\kagglehub\datasets\vadimzavadskyi\kolektorsdd2-ksdd2\versions\1\train\11826.png,train\11826.png,11826.png,0,normal,gt_mask_empty,test
C:\Users\al774\.cache\kagglehub\datasets\vadimzavadskyi\kolektorsdd2-ksdd2\versions\1\train\11827.png,train\11827.png,11827.png,0,normal,gt_mask_empty,train
C:\Users\al774\.cache\kagglehub\datasets\vadimzavadskyi\kolektorsdd2-ksdd2\versions\1\train\11828.png,train\11828.png,11828.png,0,normal,gt_mask_empty,train
C:\Users\al774\.cache\kagglehub\datasets\vadimzavadskyi\kolektorsdd2-ksdd2\versions\1\train\11829.png,train\11829.png,11829.png,0,normal,gt_mask_empty,train
C:\Users\al774\.cache\kagglehub\datasets\vadimzavadskyi\kolektorsdd2-ksdd2\versions\1\train\11830.png,train\11830.png,11830.png,0,normal,gt_mask_empty,train
C:\Users\al774\.cache\kagglehub\datasets\vadimzavadskyi\kolektorsdd2-ksdd2\versions\1\train\11831.png,train\11831.png,11831.png,0,normal,gt_mask_empty,test
C:\Users\al774\.cache\kagglehub\datasets\vadimzavadskyi\kolektorsdd2-ksdd2\versions\1\train\11832.png,train\11832.png,11832.png,1,defective,gt_mask_defect(max_val=255),val
C:\Users\al774\.cache\kagglehub\datasets\vadimzavadskyi\kolektorsdd2-ksdd2\versions\1\train\11833.png,train\11833.png,11833.png,0,normal,gt_mask_empty,test
C:\Users\al774\.cache\kagglehub\datasets\vadimzavadskyi\kolektorsdd2-ksdd2\versions\1\train\11834.png,train\11834.png,11834.png,0,normal,gt_mask_empty,train
C:\Users\al774\.cache\kagglehub\datasets\vadimzavadskyi\kolektorsdd2-ksdd2\versions\1\train\11835.png,train\11835.png,11835.png,0,normal,gt_mask_empty,val
C:\Users\al774\.cache\kagglehub\datasets\vadimzavadskyi\kolektorsdd2-ksdd2\versions\1\train\11836.png,train\11836.png,11836.png,1,defective,gt_mask_defect(max_val=255),val
C:\Users\al774\.cache\kagglehub\datasets\vadimzavadskyi\kolektorsdd2-ksdd2\versions\1\train\11837.png,train\11837.png,11837.png,0,normal,gt_mask_empty,train
C:\Users\al774\.cache\kagglehub\datasets\vadimzavadskyi\kolektorsdd2-ksdd2\versions\1\train\11838.png,train\11838.png,11838.png,0,normal,gt_mask_empty,train
C:\Users\al774\.cache\kagglehub\datasets\vadimzavadskyi\kolektorsdd2-ksdd2\versions\1\train\11839.png,train\11839.png,11839.png,0,normal,gt_mask_empty,train
C:\Users\al774\.cache\kagglehub\datasets\vadimzavadskyi\kolektorsdd2-ksdd2\versions\1\train\11840.png,train\11840.png,11840.png,0,normal,gt_mask_empty,val
C:\Users\al774\.cache\kagglehub\datasets\vadimzavadskyi\kolektorsdd2-ksdd2\versions\1\train\11841.png,train\11841.png,11841.png,0,normal,gt_mask_empty,train
C:\Users\al774\.cache\kagglehub\datasets\vadimzavadskyi\kolektorsdd2-ksdd2\versions\1\train\11842.png,train\11842.png,11842.png,0,normal,gt_mask_empty,train
C:\Users\al774\.cache\kagglehub\datasets\vadimzavadskyi\kolektorsdd2-ksdd2\versions\1\train\11843.png,train\11843.png,11843.png,0,normal,gt_mask_empty,train
C:\Users\al774\.cache\kagglehub\datasets\vadimzavadskyi\kolektorsdd2-ksdd2\versions\1\train\11844.png,train\11844.png,11844.png,0,normal,gt_mask_empty,train
C:\Users\al774\.cache\kagglehub\datasets\vadimzavadskyi\kolektorsdd2-ksdd2\versions\1\train\11845.png,train\11845.png,11845.png,0,normal,gt_mask_empty,train
C:\Users\al774\.cache\kagglehub\datasets\vadimzavadskyi\kolektorsdd2-ksdd2\versions\1\train\11846.png,train\11846.png,11846.png,0,normal,gt_mask_empty,test
C:\Users\al774\.cache\kagglehub\datasets\vadimzavadskyi\kolektorsdd2-ksdd2\versions\1\train\11847.png,train\11847.png,11847.png,0,normal,gt_mask_empty,train
C:\Users\al774\.cache\kagglehub\datasets\vadimzavadskyi\kolektorsdd2-ksdd2\versions\1\train\11848.png,train\11848.png,11848.png,0,normal,gt_mask_empty,val
C:\Users\al774\.cache\kagglehub\datasets\vadimzavadskyi\kolektorsdd2-ksdd2\versions\1\train\11849.png,train\11849.png,11849.png,0,normal,gt_mask_empty,train
C:\Users\al774\.cache\kagglehub\datasets\vadimzavadskyi\kolektorsdd2-ksdd2\versions\1\train\11850.png,train\11850.png,11850.png,0,normal,gt_mask_empty,train
C:\Users\al774\.cache\kagglehub\datasets\vadimzavadskyi\kolektorsdd2-ksdd2\versions\1\train\11851.png,train\11851.png,11851.png,1,defective,gt_mask_defect(max_val=255),val
C:\Users\al774\.cache\kagglehub\datasets\vadimzavadskyi\kolektorsdd2-ksdd2\versions\1\train\11852.png,train\11852.png,11852.png,0,normal,gt_mask_empty,val
C:\Users\al774\.cache\kagglehub\datasets\vadimzavadskyi\kolektorsdd2-ksdd2\versions\1\train\11853.png,train\11853.png,11853.png,0,normal,gt_mask_empty,test
C:\Users\al774\.cache\kagglehub\datasets\vadimzavadskyi\kolektorsdd2-ksdd2\versions\1\train\11854.png,train\11854.png,11854.png,0,normal,gt_mask_empty,val
C:\Users\al774\.cache\kagglehub\datasets\vadimzavadskyi\kolektorsdd2-ksdd2\versions\1\train\11855.png,train\11855.png,11855.png,0,normal,gt_mask_empty,val
C:\Users\al774\.cache\kagglehub\datasets\vadimzavadskyi\kolektorsdd2-ksdd2\versions\1\train\11856.png,train\11856.png,11856.png,0,normal,gt_mask_empty,test
C:\Users\al774\.cache\kagglehub\datasets\vadimzavadskyi\kolektorsdd2-ksdd2\versions\1\train\11857.png,train\11857.png,11857.png,0,normal,gt_mask_empty,train
C:\Users\al774\.cache\kagglehub\datasets\vadimzavadskyi\kolektorsdd2-ksdd2\versions\1\train\11858.png,train\11858.png,11858.png,1,defective,gt_mask_defect(max_val=255),train
C:\Users\al774\.cache\kagglehub\datasets\vadimzavadskyi\kolektorsdd2-ksdd2\versions\1\train\11859.png,train\11859.png,11859.png,0,normal,gt_mask_empty,train
C:\Users\al774\.cache\kagglehub\datasets\vadimzavadskyi\kolektorsdd2-ksdd2\versions\1\train\11860.png,train\11860.png,11860.png,0,normal,gt_mask_empty,train
C:\Users\al774\.cache\kagglehub\datasets\vadimzavadskyi\kolektorsdd2-ksdd2\versions\1\train\11861.png,train\11861.png,11861.png,0,normal,gt_mask_empty,train
C:\Users\al774\.cache\kagglehub\datasets\vadimzavadskyi\kolektorsdd2-ksdd2\versions\1\train\11862.png,train\11862.png,11862.png,0,normal,gt_mask_empty,train
C:\Users\al774\.cache\kagglehub\datasets\vadimzavadskyi\kolektorsdd2-ksdd2\versions\1\train\11863.png,train\11863.png,11863.png,0,normal,gt_mask_empty,test
C:\Users\al774\.cache\kagglehub\datasets\vadimzavadskyi\kolektorsdd2-ksdd2\versions\1\train\11864.png,train\11864.png,11864.png,0,normal,gt_mask_empty,test
C:\Users\al774\.cache\kagglehub\datasets\vadimzavadskyi\kolektorsdd2-ksdd2\versions\1\train\11865.png,train\11865.png,11865.png,0,normal,gt_mask_empty,val
C:\Users\al774\.cache\kagglehub\datasets\vadimzavadskyi\kolektorsdd2-ksdd2\versions\1\train\11866.png,train\11866.png,11866.png,0,normal,gt_mask_empty,test
C:\Users\al774\.cache\kagglehub\datasets\vadimzavadskyi\kolektorsdd2-ksdd2\versions\1\train\11867.png,train\11867.png,11867.png,1,defective,gt_mask_defect(max_val=255),train
C:\Users\al774\.cache\kagglehub\datasets\vadimzavadskyi\kolektorsdd2-ksdd2\versions\1\train\11868.png,train\11868.png,11868.png,0,normal,gt_mask_empty,train
C:\Users\al774\.cache\kagglehub\datasets\vadimzavadskyi\kolektorsdd2-ksdd2\versions\1\train\11869.png,train\11869.png,11869.png,0,normal,gt_mask_empty,train
C:\Users\al774\.cache\kagglehub\datasets\vadimzavadskyi\kolektorsdd2-ksdd2\versions\1\train\11870.png,train\11870.png,11870.png,1,defective,gt_mask_defect(max_val=255),train
C:\Users\al774\.cache\kagglehub\datasets\vadimzavadskyi\kolektorsdd2-ksdd2\versions\1\train\11871.png,train\11871.png,11871.png,0,normal,gt_mask_empty,test
C:\Users\al774\.cache\kagglehub\datasets\vadimzavadskyi\kolektorsdd2-ksdd2\versions\1\train\11872.png,train\11872.png,11872.png,0,normal,gt_mask_empty,val
C:\Users\al774\.cache\kagglehub\datasets\vadimzavadskyi\kolektorsdd2-ksdd2\versions\1\train\11873.png,train\11873.png,11873.png,0,normal,gt_mask_empty,train
C:\Users\al774\.cache\kagglehub\datasets\vadimzavadskyi\kolektorsdd2-ksdd2\versions\1\train\11874.png,train\11874.png,11874.png,1,defective,gt_mask_defect(max_val=255),train
C:\Users\al774\.cache\kagglehub\datasets\vadimzavadskyi\kolektorsdd2-ksdd2\versions\1\train\11875.png,train\11875.png,11875.png,0,normal,gt_mask_empty,train
C:\Users\al774\.cache\kagglehub\datasets\vadimzavadskyi\kolektorsdd2-ksdd2\versions\1\train\11876.png,train\11876.png,11876.png,0,normal,gt_mask_empty,train
C:\Users\al774\.cache\kagglehub\datasets\vadimzavadskyi\kolektorsdd2-ksdd2\versions\1\train\11877.png,train\11877.png,11877.png,0,normal,gt_mask_empty,train
C:\Users\al774\.cache\kagglehub\datasets\vadimzavadskyi\kolektorsdd2-ksdd2\versions\1\train\11878.png,train\11878.png,11878.png,0,normal,gt_mask_empty,train
C:\Users\al774\.cache\kagglehub\datasets\vadimzavadskyi\kolektorsdd2-ksdd2\versions\1\train\11879.png,train\11879.png,11879.png,0,normal,gt_mask_empty,train
C:\Users\al774\.cache\kagglehub\datasets\vadimzavadskyi\kolektorsdd2-ksdd2\versions\1\train\11880.png,train\11880.png,11880.png,0,normal,gt_mask_empty,val
C:\Users\al774\.cache\kagglehub\datasets\vadimzavadskyi\kolektorsdd2-ksdd2\versions\1\train\11881.png,train\11881.png,11881.png,0,normal,gt_mask_empty,train
C:\Users\al774\.cache\kagglehub\datasets\vadimzavadskyi\kolektorsdd2-ksdd2\versions\1\train\11882.png,train\11882.png,11882.png,0,normal,gt_mask_empty,train
C:\Users\al774\.cache\kagglehub\datasets\vadimzavadskyi\kolektorsdd2-ksdd2\versions\1\train\11883.png,train\11883.png,11883.png,0,normal,gt_mask_empty,train
C:\Users\al774\.cache\kagglehub\datasets\vadimzavadskyi\kolektorsdd2-ksdd2\versions\1\train\11884.png,train\11884.png,11884.png,1,defective,gt_mask_defect(max_val=255),test
C:\Users\al774\.cache\kagglehub\datasets\vadimzavadskyi\kolektorsdd2-ksdd2\versions\1\train\11885.png,train\11885.png,11885.png,0,normal,gt_mask_empty,train
C:\Users\al774\.cache\kagglehub\datasets\vadimzavadskyi\kolektorsdd2-ksdd2\versions\1\train\11886.png,train\11886.png,11886.png,0,normal,gt_mask_empty,train
C:\Users\al774\.cache\kagglehub\datasets\vadimzavadskyi\kolektorsdd2-ksdd2\versions\1\train\11887.png,train\11887.png,11887.png,0,normal,gt_mask_empty,val
C:\Users\al774\.cache\kagglehub\datasets\vadimzavadskyi\kolektorsdd2-ksdd2\versions\1\train\11888.png,train\11888.png,11888.png,0,normal,gt_mask_empty,train
C:\Users\al774\.cache\kagglehub\datasets\vadimzavadskyi\kolektorsdd2-ksdd2\versions\1\train\11889.png,train\11889.png,11889.png,0,normal,gt_mask_empty,val
C:\Users\al774\.cache\kagglehub\datasets\vadimzavadskyi\kolektorsdd2-ksdd2\versions\1\train\11890.png,train\11890.png,11890.png,0,normal,gt_mask_empty,train
C:\Users\al774\.cache\kagglehub\datasets\vadimzavadskyi\kolektorsdd2-ksdd2\versions\1\train\11891.png,train\11891.png,11891.png,0,normal,gt_mask_empty,test
C:\Users\al774\.cache\kagglehub\datasets\vadimzavadskyi\kolektorsdd2-ksdd2\versions\1\train\11892.png,train\11892.png,11892.png,0,normal,gt_mask_empty,test
C:\Users\al774\.cache\kagglehub\datasets\vadimzavadskyi\kolektorsdd2-ksdd2\versions\1\train\11893.png,train\11893.png,11893.png,0,normal,gt_mask_empty,train
C:\Users\al774\.cache\kagglehub\datasets\vadimzavadskyi\kolektorsdd2-ksdd2\versions\1\train\11894.png,train\11894.png,11894.png,0,normal,gt_mask_empty,train
C:\Users\al774\.cache\kagglehub\datasets\vadimzavadskyi\kolektorsdd2-ksdd2\versions\1\train\11895.png,train\11895.png,11895.png,0,normal,gt_mask_empty,train
C:\Users\al774\.cache\kagglehub\datasets\vadimzavadskyi\kolektorsdd2-ksdd2\versions\1\train\11896.png,train\11896.png,11896.png,0,normal,gt_mask_empty,train
C:\Users\al774\.cache\kagglehub\datasets\vadimzavadskyi\kolektorsdd2-ksdd2\versions\1\train\11897.png,train\11897.png,11897.png,0,normal,gt_mask_empty,train
C:\Users\al774\.cache\kagglehub\datasets\vadimzavadskyi\kolektorsdd2-ksdd2\versions\1\train\11898.png,train\11898.png,11898.png,0,normal,gt_mask_empty,val
C:\Users\al774\.cache\kagglehub\datasets\vadimzavadskyi\kolektorsdd2-ksdd2\versions\1\train\11899.png,train\11899.png,11899.png,1,defective,gt_mask_defect(max_val=255),train
C:\Users\al774\.cache\kagglehub\datasets\vadimzavadskyi\kolektorsdd2-ksdd2\versions\1\train\11900.png,train\11900.png,11900.png,0,normal,gt_mask_empty,train
C:\Users\al774\.cache\kagglehub\datasets\vadimzavadskyi\kolektorsdd2-ksdd2\versions\1\train\11901.png,train\11901.png,11901.png,0,normal,gt_mask_empty,test
C:\Users\al774\.cache\kagglehub\datasets\vadimzavadskyi\kolektorsdd2-ksdd2\versions\1\train\11902.png,train\11902.png,11902.png,0,normal,gt_mask_empty,val
C:\Users\al774\.cache\kagglehub\datasets\vadimzavadskyi\kolektorsdd2-ksdd2\versions\1\train\11903.png,train\11903.png,11903.png,0,normal,gt_mask_empty,train
C:\Users\al774\.cache\kagglehub\datasets\vadimzavadskyi\kolektorsdd2-ksdd2\versions\1\train\11904.png,train\11904.png,11904.png,0,normal,gt_mask_empty,train
C:\Users\al774\.cache\kagglehub\datasets\vadimzavadskyi\kolektorsdd2-ksdd2\versions\1\train\11905.png,train\11905.png,11905.png,1,defective,gt_mask_defect(max_val=255),train
C:\Users\al774\.cache\kagglehub\datasets\vadimzavadskyi\kolektorsdd2-ksdd2\versions\1\train\11906.png,train\11906.png,11906.png,0,normal,gt_mask_empty,test
C:\Users\al774\.cache\kagglehub\datasets\vadimzavadskyi\kolektorsdd2-ksdd2\versions\1\train\11907.png,train\11907.png,11907.png,0,normal,gt_mask_empty,val
C:\Users\al774\.cache\kagglehub\datasets\vadimzavadskyi\kolektorsdd2-ksdd2\versions\1\train\11908.png,train\11908.png,11908.png,0,normal,gt_mask_empty,test
C:\Users\al774\.cache\kagglehub\datasets\vadimzavadskyi\kolektorsdd2-ksdd2\versions\1\train\11909.png,train\11909.png,11909.png,0,normal,gt_mask_empty,train
C:\Users\al774\.cache\kagglehub\datasets\vadimzavadskyi\kolektorsdd2-ksdd2\versions\1\train\11910.png,train\11910.png,11910.png,0,normal,gt_mask_empty,train
C:\Users\al774\.cache\kagglehub\datasets\vadimzavadskyi\kolektorsdd2-ksdd2\versions\1\train\11911.png,train\11911.png,11911.png,0,normal,gt_mask_empty,test
C:\Users\al774\.cache\kagglehub\datasets\vadimzavadskyi\kolektorsdd2-ksdd2\versions\1\train\11912.png,train\11912.png,11912.png,1,defective,gt_mask_defect(max_val=255),train
C:\Users\al774\.cache\kagglehub\datasets\vadimzavadskyi\kolektorsdd2-ksdd2\versions\1\train\11913.png,train\11913.png,11913.png,0,normal,gt_mask_empty,train
C:\Users\al774\.cache\kagglehub\datasets\vadimzavadskyi\kolektorsdd2-ksdd2\versions\1\train\11914.png,train\11914.png,11914.png,0,normal,gt_mask_empty,train
C:\Users\al774\.cache\kagglehub\datasets\vadimzavadskyi\kolektorsdd2-ksdd2\versions\1\train\11915.png,train\11915.png,11915.png,0,normal,gt_mask_empty,val
C:\Users\al774\.cache\kagglehub\datasets\vadimzavadskyi\kolektorsdd2-ksdd2\versions\1\train\11916.png,train\11916.png,11916.png,0,normal,gt_mask_empty,train
C:\Users\al774\.cache\kagglehub\datasets\vadimzavadskyi\kolektorsdd2-ksdd2\versions\1\train\11917.png,train\11917.png,11917.png,1,defective,gt_mask_defect(max_val=255),train
C:\Users\al774\.cache\kagglehub\datasets\vadimzavadskyi\kolektorsdd2-ksdd2\versions\1\train\11918.png,train\11918.png,11918.png,0,normal,gt_mask_empty,val
C:\Users\al774\.cache\kagglehub\datasets\vadimzavadskyi\kolektorsdd2-ksdd2\versions\1\train\11919.png,train\11919.png,11919.png,0,normal,gt_mask_empty,test
C:\Users\al774\.cache\kagglehub\datasets\vadimzavadskyi\kolektorsdd2-ksdd2\versions\1\train\11920.png,train\11920.png,11920.png,1,defective,gt_mask_defect(max_val=255),val
C:\Users\al774\.cache\kagglehub\datasets\vadimzavadskyi\kolektorsdd2-ksdd2\versions\1\train\11921.png,train\11921.png,11921.png,0,normal,gt_mask_empty,train
C:\Users\al774\.cache\kagglehub\datasets\vadimzavadskyi\kolektorsdd2-ksdd2\versions\1\train\11922.png,train\11922.png,11922.png,0,normal,gt_mask_empty,train
C:\Users\al774\.cache\kagglehub\datasets\vadimzavadskyi\kolektorsdd2-ksdd2\versions\1\train\11923.png,train\11923.png,11923.png,1,defective,gt_mask_defect(max_val=255),train
C:\Users\al774\.cache\kagglehub\datasets\vadimzavadskyi\kolektorsdd2-ksdd2\versions\1\train\11924.png,train\11924.png,11924.png,1,defective,gt_mask_defect(max_val=255),train
C:\Users\al774\.cache\kagglehub\datasets\vadimzavadskyi\kolektorsdd2-ksdd2\versions\1\train\11925.png,train\11925.png,11925.png,0,normal,gt_mask_empty,train
C:\Users\al774\.cache\kagglehub\datasets\vadimzavadskyi\kolektorsdd2-ksdd2\versions\1\train\11926.png,train\11926.png,11926.png,0,normal,gt_mask_empty,test
C:\Users\al774\.cache\kagglehub\datasets\vadimzavadskyi\kolektorsdd2-ksdd2\versions\1\train\11927.png,train\11927.png,11927.png,1,defective,gt_mask_defect(max_val=255),test
C:\Users\al774\.cache\kagglehub\datasets\vadimzavadskyi\kolektorsdd2-ksdd2\versions\1\train\11928.png,train\11928.png,11928.png,0,normal,gt_mask_empty,train
C:\Users\al774\.cache\kagglehub\datasets\vadimzavadskyi\kolektorsdd2-ksdd2\versions\1\train\11929.png,train\11929.png,11929.png,0,normal,gt_mask_empty,train
C:\Users\al774\.cache\kagglehub\datasets\vadimzavadskyi\kolektorsdd2-ksdd2\versions\1\train\11930.png,train\11930.png,11930.png,0,normal,gt_mask_empty,train
C:\Users\al774\.cache\kagglehub\datasets\vadimzavadskyi\kolektorsdd2-ksdd2\versions\1\train\11931.png,train\11931.png,11931.png,0,normal,gt_mask_empty,train
C:\Users\al774\.cache\kagglehub\datasets\vadimzavadskyi\kolektorsdd2-ksdd2\versions\1\train\11932.png,train\11932.png,11932.png,0,normal,gt_mask_empty,train
C:\Users\al774\.cache\kagglehub\datasets\vadimzavadskyi\kolektorsdd2-ksdd2\versions\1\train\11933.png,train\11933.png,11933.png,0,normal,gt_mask_empty,train
C:\Users\al774\.cache\kagglehub\datasets\vadimzavadskyi\kolektorsdd2-ksdd2\versions\1\train\11934.png,train\11934.png,11934.png,0,normal,gt_mask_empty,train
C:\Users\al774\.cache\kagglehub\datasets\vadimzavadskyi\kolektorsdd2-ksdd2\versions\1\train\11935.png,train\11935.png,11935.png,0,normal,gt_mask_empty,val
C:\Users\al774\.cache\kagglehub\datasets\vadimzavadskyi\kolektorsdd2-ksdd2\versions\1\train\11936.png,train\11936.png,11936.png,0,normal,gt_mask_empty,train
C:\Users\al774\.cache\kagglehub\datasets\vadimzavadskyi\kolektorsdd2-ksdd2\versions\1\train\11937.png,train\11937.png,11937.png,0,normal,gt_mask_empty,train
C:\Users\al774\.cache\kagglehub\datasets\vadimzavadskyi\kolektorsdd2-ksdd2\versions\1\train\11938.png,train\11938.png,11938.png,0,normal,gt_mask_empty,train
C:\Users\al774\.cache\kagglehub\datasets\vadimzavadskyi\kolektorsdd2-ksdd2\versions\1\train\11939.png,train\11939.png,11939.png,0,normal,gt_mask_empty,train
C:\Users\al774\.cache\kagglehub\datasets\vadimzavadskyi\kolektorsdd2-ksdd2\versions\1\train\11940.png,train\11940.png,11940.png,0,normal,gt_mask_empty,train
C:\Users\al774\.cache\kagglehub\datasets\vadimzavadskyi\kolektorsdd2-ksdd2\versions\1\train\11941.png,train\11941.png,11941.png,0,normal,gt_mask_empty,train
C:\Users\al774\.cache\kagglehub\datasets\vadimzavadskyi\kolektorsdd2-ksdd2\versions\1\train\11942.png,train\11942.png,11942.png,0,normal,gt_mask_empty,train
C:\Users\al774\.cache\kagglehub\datasets\vadimzavadskyi\kolektorsdd2-ksdd2\versions\1\train\11943.png,train\11943.png,11943.png,0,normal,gt_mask_empty,train
C:\Users\al774\.cache\kagglehub\datasets\vadimzavadskyi\kolektorsdd2-ksdd2\versions\1\train\11944.png,train\11944.png,11944.png,0,normal,gt_mask_empty,train
C:\Users\al774\.cache\kagglehub\datasets\vadimzavadskyi\kolektorsdd2-ksdd2\versions\1\train\11945.png,train\11945.png,11945.png,0,normal,gt_mask_empty,train
C:\Users\al774\.cache\kagglehub\datasets\vadimzavadskyi\kolektorsdd2-ksdd2\versions\1\train\11946.png,train\11946.png,11946.png,0,normal,gt_mask_empty,train
C:\Users\al774\.cache\kagglehub\datasets\vadimzavadskyi\kolektorsdd2-ksdd2\versions\1\train\11947.png,train\11947.png,11947.png,0,normal,gt_mask_empty,train
C:\Users\al774\.cache\kagglehub\datasets\vadimzavadskyi\kolektorsdd2-ksdd2\versions\1\train\11948.png,train\11948.png,11948.png,0,normal,gt_mask_empty,train
C:\Users\al774\.cache\kagglehub\datasets\vadimzavadskyi\kolektorsdd2-ksdd2\versions\1\train\11949.png,train\11949.png,11949.png,0,normal,gt_mask_empty,train
C:\Users\al774\.cache\kagglehub\datasets\vadimzavadskyi\kolektorsdd2-ksdd2\versions\1\train\11950.png,train\11950.png,11950.png,0,normal,gt_mask_empty,val
C:\Users\al774\.cache\kagglehub\datasets\vadimzavadskyi\kolektorsdd2-ksdd2\versions\1\train\11951.png,train\11951.png,11951.png,0,normal,gt_mask_empty,train
C:\Users\al774\.cache\kagglehub\datasets\vadimzavadskyi\kolektorsdd2-ksdd2\versions\1\train\11952.png,train\11952.png,11952.png,0,normal,gt_mask_empty,train
C:\Users\al774\.cache\kagglehub\datasets\vadimzavadskyi\kolektorsdd2-ksdd2\versions\1\train\11953.png,train\11953.png,11953.png,0,normal,gt_mask_empty,train
C:\Users\al774\.cache\kagglehub\datasets\vadimzavadskyi\kolektorsdd2-ksdd2\versions\1\train\11954.png,train\11954.png,11954.png,0,normal,gt_mask_empty,train
C:\Users\al774\.cache\kagglehub\datasets\vadimzavadskyi\kolektorsdd2-ksdd2\versions\1\train\11955.png,train\11955.png,11955.png,0,normal,gt_mask_empty,train
C:\Users\al774\.cache\kagglehub\datasets\vadimzavadskyi\kolektorsdd2-ksdd2\versions\1\train\11956.png,train\11956.png,11956.png,1,defective,gt_mask_defect(max_val=255),train
C:\Users\al774\.cache\kagglehub\datasets\vadimzavadskyi\kolektorsdd2-ksdd2\versions\1\train\11957.png,train\11957.png,11957.png,1,defective,gt_mask_defect(max_val=255),train
C:\Users\al774\.cache\kagglehub\datasets\vadimzavadskyi\kolektorsdd2-ksdd2\versions\1\train\11958.png,train\11958.png,11958.png,0,normal,gt_mask_empty,train
C:\Users\al774\.cache\kagglehub\datasets\vadimzavadskyi\kolektorsdd2-ksdd2\versions\1\train\11959.png,train\11959.png,11959.png,0,normal,gt_mask_empty,train
C:\Users\al774\.cache\kagglehub\datasets\vadimzavadskyi\kolektorsdd2-ksdd2\versions\1\train\11960.png,train\11960.png,11960.png,0,normal,gt_mask_empty,train
C:\Users\al774\.cache\kagglehub\datasets\vadimzavadskyi\kolektorsdd2-ksdd2\versions\1\train\11961.png,train\11961.png,11961.png,0,normal,gt_mask_empty,train
C:\Users\al774\.cache\kagglehub\datasets\vadimzavadskyi\kolektorsdd2-ksdd2\versions\1\train\11962.png,train\11962.png,11962.png,1,defective,gt_mask_defect(max_val=255),train
C:\Users\al774\.cache\kagglehub\datasets\vadimzavadskyi\kolektorsdd2-ksdd2\versions\1\train\11963.png,train\11963.png,11963.png,0,normal,gt_mask_empty,train
C:\Users\al774\.cache\kagglehub\datasets\vadimzavadskyi\kolektorsdd2-ksdd2\versions\1\train\11964.png,train\11964.png,11964.png,0,normal,gt_mask_empty,train
C:\Users\al774\.cache\kagglehub\datasets\vadimzavadskyi\kolektorsdd2-ksdd2\versions\1\train\11965.png,train\11965.png,11965.png,0,normal,gt_mask_empty,train
C:\Users\al774\.cache\kagglehub\datasets\vadimzavadskyi\kolektorsdd2-ksdd2\versions\1\train\11966.png,train\11966.png,11966.png,0,normal,gt_mask_empty,train
C:\Users\al774\.cache\kagglehub\datasets\vadimzavadskyi\kolektorsdd2-ksdd2\versions\1\train\11967.png,train\11967.png,11967.png,0,normal,gt_mask_empty,train
C:\Users\al774\.cache\kagglehub\datasets\vadimzavadskyi\kolektorsdd2-ksdd2\versions\1\train\11968.png,train\11968.png,11968.png,0,normal,gt_mask_empty,train
C:\Users\al774\.cache\kagglehub\datasets\vadimzavadskyi\kolektorsdd2-ksdd2\versions\1\train\11969.png,train\11969.png,11969.png,1,defective,gt_mask_defect(max_val=255),train
C:\Users\al774\.cache\kagglehub\datasets\vadimzavadskyi\kolektorsdd2-ksdd2\versions\1\train\11970.png,train\11970.png,11970.png,0,normal,gt_mask_empty,val
C:\Users\al774\.cache\kagglehub\datasets\vadimzavadskyi\kolektorsdd2-ksdd2\versions\1\train\11971.png,train\11971.png,11971.png,0,normal,gt_mask_empty,train
C:\Users\al774\.cache\kagglehub\datasets\vadimzavadskyi\kolektorsdd2-ksdd2\versions\1\train\11972.png,train\11972.png,11972.png,0,normal,gt_mask_empty,test
C:\Users\al774\.cache\kagglehub\datasets\vadimzavadskyi\kolektorsdd2-ksdd2\versions\1\train\11973.png,train\11973.png,11973.png,0,normal,gt_mask_empty,train
C:\Users\al774\.cache\kagglehub\datasets\vadimzavadskyi\kolektorsdd2-ksdd2\versions\1\train\11974.png,train\11974.png,11974.png,0,normal,gt_mask_empty,test
C:\Users\al774\.cache\kagglehub\datasets\vadimzavadskyi\kolektorsdd2-ksdd2\versions\1\train\11975.png,train\11975.png,11975.png,0,normal,gt_mask_empty,train
C:\Users\al774\.cache\kagglehub\datasets\vadimzavadskyi\kolektorsdd2-ksdd2\versions\1\train\11976.png,train\11976.png,11976.png,0,normal,gt_mask_empty,val
C:\Users\al774\.cache\kagglehub\datasets\vadimzavadskyi\kolektorsdd2-ksdd2\versions\1\train\11977.png,train\11977.png,11977.png,0,normal,gt_mask_empty,train
C:\Users\al774\.cache\kagglehub\datasets\vadimzavadskyi\kolektorsdd2-ksdd2\versions\1\train\11978.png,train\11978.png,11978.png,0,normal,gt_mask_empty,train
C:\Users\al774\.cache\kagglehub\datasets\vadimzavadskyi\kolektorsdd2-ksdd2\versions\1\train\11979.png,train\11979.png,11979.png,0,normal,gt_mask_empty,train
C:\Users\al774\.cache\kagglehub\datasets\vadimzavadskyi\kolektorsdd2-ksdd2\versions\1\train\11980.png,train\11980.png,11980.png,1,defective,gt_mask_defect(max_val=255),test
C:\Users\al774\.cache\kagglehub\datasets\vadimzavadskyi\kolektorsdd2-ksdd2\versions\1\train\11981.png,train\11981.png,11981.png,0,normal,gt_mask_empty,test
C:\Users\al774\.cache\kagglehub\datasets\vadimzavadskyi\kolektorsdd2-ksdd2\versions\1\train\11982.png,train\11982.png,11982.png,0,normal,gt_mask_empty,train
C:\Users\al774\.cache\kagglehub\datasets\vadimzavadskyi\kolektorsdd2-ksdd2\versions\1\train\11983.png,train\11983.png,11983.png,0,normal,gt_mask_empty,train
C:\Users\al774\.cache\kagglehub\datasets\vadimzavadskyi\kolektorsdd2-ksdd2\versions\1\train\11984.png,train\11984.png,11984.png,0,normal,gt_mask_empty,train
C:\Users\al774\.cache\kagglehub\datasets\vadimzavadskyi\kolektorsdd2-ksdd2\versions\1\train\11985.png,train\11985.png,11985.png,0,normal,gt_mask_empty,train
C:\Users\al774\.cache\kagglehub\datasets\vadimzavadskyi\kolektorsdd2-ksdd2\versions\1\train\11986.png,train\11986.png,11986.png,1,defective,gt_mask_defect(max_val=255),train
C:\Users\al774\.cache\kagglehub\datasets\vadimzavadskyi\kolektorsdd2-ksdd2\versions\1\train\11987.png,train\11987.png,11987.png,0,normal,gt_mask_empty,train
C:\Users\al774\.cache\kagglehub\datasets\vadimzavadskyi\kolektorsdd2-ksdd2\versions\1\train\11988.png,train\11988.png,11988.png,0,normal,gt_mask_empty,train
C:\Users\al774\.cache\kagglehub\datasets\vadimzavadskyi\kolektorsdd2-ksdd2\versions\1\train\11989.png,train\11989.png,11989.png,0,normal,gt_mask_empty,train
C:\Users\al774\.cache\kagglehub\datasets\vadimzavadskyi\kolektorsdd2-ksdd2\versions\1\train\11990.png,train\11990.png,11990.png,0,normal,gt_mask_empty,val
C:\Users\al774\.cache\kagglehub\datasets\vadimzavadskyi\kolektorsdd2-ksdd2\versions\1\train\11991.png,train\11991.png,11991.png,0,normal,gt_mask_empty,test
C:\Users\al774\.cache\kagglehub\datasets\vadimzavadskyi\kolektorsdd2-ksdd2\versions\1\train\11992.png,train\11992.png,11992.png,0,normal,gt_mask_empty,train
C:\Users\al774\.cache\kagglehub\datasets\vadimzavadskyi\kolektorsdd2-ksdd2\versions\1\train\11993.png,train\11993.png,11993.png,0,normal,gt_mask_empty,train
C:\Users\al774\.cache\kagglehub\datasets\vadimzavadskyi\kolektorsdd2-ksdd2\versions\1\train\11994.png,train\11994.png,11994.png,0,normal,gt_mask_empty,train
C:\Users\al774\.cache\kagglehub\datasets\vadimzavadskyi\kolektorsdd2-ksdd2\versions\1\train\11995.png,train\11995.png,11995.png,0,normal,gt_mask_empty,train
C:\Users\al774\.cache\kagglehub\datasets\vadimzavadskyi\kolektorsdd2-ksdd2\versions\1\train\11996.png,train\11996.png,11996.png,0,normal,gt_mask_empty,test
C:\Users\al774\.cache\kagglehub\datasets\vadimzavadskyi\kolektorsdd2-ksdd2\versions\1\train\11997.png,train\11997.png,11997.png,0,normal,gt_mask_empty,train
C:\Users\al774\.cache\kagglehub\datasets\vadimzavadskyi\kolektorsdd2-ksdd2\versions\1\train\11998.png,train\11998.png,11998.png,0,normal,gt_mask_empty,train
C:\Users\al774\.cache\kagglehub\datasets\vadimzavadskyi\kolektorsdd2-ksdd2\versions\1\train\11999.png,train\11999.png,11999.png,0,normal,gt_mask_empty,test
C:\Users\al774\.cache\kagglehub\datasets\vadimzavadskyi\kolektorsdd2-ksdd2\versions\1\train\12000.png,train\12000.png,12000.png,0,normal,gt_mask_empty,train
C:\Users\al774\.cache\kagglehub\datasets\vadimzavadskyi\kolektorsdd2-ksdd2\versions\1\train\12001.png,train\12001.png,12001.png,0,normal,gt_mask_empty,train
C:\Users\al774\.cache\kagglehub\datasets\vadimzavadskyi\kolektorsdd2-ksdd2\versions\1\train\12002.png,train\12002.png,12002.png,0,normal,gt_mask_empty,test
C:\Users\al774\.cache\kagglehub\datasets\vadimzavadskyi\kolektorsdd2-ksdd2\versions\1\train\12003.png,train\12003.png,12003.png,0,normal,gt_mask_empty,train
C:\Users\al774\.cache\kagglehub\datasets\vadimzavadskyi\kolektorsdd2-ksdd2\versions\1\train\12004.png,train\12004.png,12004.png,0,normal,gt_mask_empty,train
C:\Users\al774\.cache\kagglehub\datasets\vadimzavadskyi\kolektorsdd2-ksdd2\versions\1\train\12005.png,train\12005.png,12005.png,0,normal,gt_mask_empty,test
C:\Users\al774\.cache\kagglehub\datasets\vadimzavadskyi\kolektorsdd2-ksdd2\versions\1\train\12006.png,train\12006.png,12006.png,0,normal,gt_mask_empty,test
C:\Users\al774\.cache\kagglehub\datasets\vadimzavadskyi\kolektorsdd2-ksdd2\versions\1\train\12007.png,train\12007.png,12007.png,0,normal,gt_mask_empty,train
C:\Users\al774\.cache\kagglehub\datasets\vadimzavadskyi\kolektorsdd2-ksdd2\versions\1\train\12008.png,train\12008.png,12008.png,1,defective,gt_mask_defect(max_val=255),train
C:\Users\al774\.cache\kagglehub\datasets\vadimzavadskyi\kolektorsdd2-ksdd2\versions\1\train\12009.png,train\12009.png,12009.png,0,normal,gt_mask_empty,test
C:\Users\al774\.cache\kagglehub\datasets\vadimzavadskyi\kolektorsdd2-ksdd2\versions\1\train\12010.png,train\12010.png,12010.png,0,normal,gt_mask_empty,val
C:\Users\al774\.cache\kagglehub\datasets\vadimzavadskyi\kolektorsdd2-ksdd2\versions\1\train\12011.png,train\12011.png,12011.png,0,normal,gt_mask_empty,train
C:\Users\al774\.cache\kagglehub\datasets\vadimzavadskyi\kolektorsdd2-ksdd2\versions\1\train\12012.png,train\12012.png,12012.png,0,normal,gt_mask_empty,val
C:\Users\al774\.cache\kagglehub\datasets\vadimzavadskyi\kolektorsdd2-ksdd2\versions\1\train\12013.png,train\12013.png,12013.png,0,normal,gt_mask_empty,train
C:\Users\al774\.cache\kagglehub\datasets\vadimzavadskyi\kolektorsdd2-ksdd2\versions\1\train\12014.png,train\12014.png,12014.png,0,normal,gt_mask_empty,train
C:\Users\al774\.cache\kagglehub\datasets\vadimzavadskyi\kolektorsdd2-ksdd2\versions\1\train\12015.png,train\12015.png,12015.png,0,normal,gt_mask_empty,train
C:\Users\al774\.cache\kagglehub\datasets\vadimzavadskyi\kolektorsdd2-ksdd2\versions\1\train\12016.png,train\12016.png,12016.png,0,normal,gt_mask_empty,train
C:\Users\al774\.cache\kagglehub\datasets\vadimzavadskyi\kolektorsdd2-ksdd2\versions\1\train\12017.png,train\12017.png,12017.png,0,normal,gt_mask_empty,train
C:\Users\al774\.cache\kagglehub\datasets\vadimzavadskyi\kolektorsdd2-ksdd2\versions\1\train\12018.png,train\12018.png,12018.png,0,normal,gt_mask_empty,train
C:\Users\al774\.cache\kagglehub\datasets\vadimzavadskyi\kolektorsdd2-ksdd2\versions\1\train\12019.png,train\12019.png,12019.png,0,normal,gt_mask_empty,train
C:\Users\al774\.cache\kagglehub\datasets\vadimzavadskyi\kolektorsdd2-ksdd2\versions\1\train\12020.png,train\12020.png,12020.png,0,normal,gt_mask_empty,val
C:\Users\al774\.cache\kagglehub\datasets\vadimzavadskyi\kolektorsdd2-ksdd2\versions\1\train\12021.png,train\12021.png,12021.png,0,normal,gt_mask_empty,train
C:\Users\al774\.cache\kagglehub\datasets\vadimzavadskyi\kolektorsdd2-ksdd2\versions\1\train\12022.png,train\12022.png,12022.png,0,normal,gt_mask_empty,train
C:\Users\al774\.cache\kagglehub\datasets\vadimzavadskyi\kolektorsdd2-ksdd2\versions\1\train\12023.png,train\12023.png,12023.png,0,normal,gt_mask_empty,train
C:\Users\al774\.cache\kagglehub\datasets\vadimzavadskyi\kolektorsdd2-ksdd2\versions\1\train\12024.png,train\12024.png,12024.png,0,normal,gt_mask_empty,train
C:\Users\al774\.cache\kagglehub\datasets\vadimzavadskyi\kolektorsdd2-ksdd2\versions\1\train\12025.png,train\12025.png,12025.png,0,normal,gt_mask_empty,train
C:\Users\al774\.cache\kagglehub\datasets\vadimzavadskyi\kolektorsdd2-ksdd2\versions\1\train\12026.png,train\12026.png,12026.png,1,defective,gt_mask_defect(max_val=255),train
C:\Users\al774\.cache\kagglehub\datasets\vadimzavadskyi\kolektorsdd2-ksdd2\versions\1\train\12027.png,train\12027.png,12027.png,0,normal,gt_mask_empty,train
C:\Users\al774\.cache\kagglehub\datasets\vadimzavadskyi\kolektorsdd2-ksdd2\versions\1\train\12028.png,train\12028.png,12028.png,1,defective,gt_mask_defect(max_val=255),train
C:\Users\al774\.cache\kagglehub\datasets\vadimzavadskyi\kolektorsdd2-ksdd2\versions\1\train\12029.png,train\12029.png,12029.png,0,normal,gt_mask_empty,train
C:\Users\al774\.cache\kagglehub\datasets\vadimzavadskyi\kolektorsdd2-ksdd2\versions\1\train\12030.png,train\12030.png,12030.png,0,normal,gt_mask_empty,train
C:\Users\al774\.cache\kagglehub\datasets\vadimzavadskyi\kolektorsdd2-ksdd2\versions\1\train\12031.png,train\12031.png,12031.png,0,normal,gt_mask_empty,train
C:\Users\al774\.cache\kagglehub\datasets\vadimzavadskyi\kolektorsdd2-ksdd2\versions\1\train\12032.png,train\12032.png,12032.png,0,normal,gt_mask_empty,train
C:\Users\al774\.cache\kagglehub\datasets\vadimzavadskyi\kolektorsdd2-ksdd2\versions\1\train\12033.png,train\12033.png,12033.png,0,normal,gt_mask_empty,test
C:\Users\al774\.cache\kagglehub\datasets\vadimzavadskyi\kolektorsdd2-ksdd2\versions\1\train\12034.png,train\12034.png,12034.png,0,normal,gt_mask_empty,train
C:\Users\al774\.cache\kagglehub\datasets\vadimzavadskyi\kolektorsdd2-ksdd2\versions\1\train\12035.png,train\12035.png,12035.png,0,normal,gt_mask_empty,train
C:\Users\al774\.cache\kagglehub\datasets\vadimzavadskyi\kolektorsdd2-ksdd2\versions\1\train\12036.png,train\12036.png,12036.png,0,normal,gt_mask_empty,val
C:\Users\al774\.cache\kagglehub\datasets\vadimzavadskyi\kolektorsdd2-ksdd2\versions\1\train\12037.png,train\12037.png,12037.png,0,normal,gt_mask_empty,train
C:\Users\al774\.cache\kagglehub\datasets\vadimzavadskyi\kolektorsdd2-ksdd2\versions\1\train\12038.png,train\12038.png,12038.png,0,normal,gt_mask_empty,train
C:\Users\al774\.cache\kagglehub\datasets\vadimzavadskyi\kolektorsdd2-ksdd2\versions\1\train\12039.png,train\12039.png,12039.png,0,normal,gt_mask_empty,train
C:\Users\al774\.cache\kagglehub\datasets\vadimzavadskyi\kolektorsdd2-ksdd2\versions\1\train\12040.png,train\12040.png,12040.png,0,normal,gt_mask_empty,test
C:\Users\al774\.cache\kagglehub\datasets\vadimzavadskyi\kolektorsdd2-ksdd2\versions\1\train\12041.png,train\12041.png,12041.png,1,defective,gt_mask_defect(max_val=255),train
C:\Users\al774\.cache\kagglehub\datasets\vadimzavadskyi\kolektorsdd2-ksdd2\versions\1\train\12042.png,train\12042.png,12042.png,0,normal,gt_mask_empty,train
C:\Users\al774\.cache\kagglehub\datasets\vadimzavadskyi\kolektorsdd2-ksdd2\versions\1\train\12043.png,train\12043.png,12043.png,0,normal,gt_mask_empty,val
C:\Users\al774\.cache\kagglehub\datasets\vadimzavadskyi\kolektorsdd2-ksdd2\versions\1\train\12044.png,train\12044.png,12044.png,0,normal,gt_mask_empty,train
C:\Users\al774\.cache\kagglehub\datasets\vadimzavadskyi\kolektorsdd2-ksdd2\versions\1\train\12045.png,train\12045.png,12045.png,0,normal,gt_mask_empty,train
C:\Users\al774\.cache\kagglehub\datasets\vadimzavadskyi\kolektorsdd2-ksdd2\versions\1\train\12046.png,train\12046.png,12046.png,0,normal,gt_mask_empty,train
C:\Users\al774\.cache\kagglehub\datasets\vadimzavadskyi\kolektorsdd2-ksdd2\versions\1\train\12047.png,train\12047.png,12047.png,0,normal,gt_mask_empty,train
C:\Users\al774\.cache\kagglehub\datasets\vadimzavadskyi\kolektorsdd2-ksdd2\versions\1\train\12048.png,train\12048.png,12048.png,0,normal,gt_mask_empty,train
C:\Users\al774\.cache\kagglehub\datasets\vadimzavadskyi\kolektorsdd2-ksdd2\versions\1\train\12049.png,train\12049.png,12049.png,0,normal,gt_mask_empty,test
C:\Users\al774\.cache\kagglehub\datasets\vadimzavadskyi\kolektorsdd2-ksdd2\versions\1\train\12050.png,train\12050.png,12050.png,1,defective,gt_mask_defect(max_val=255),train
C:\Users\al774\.cache\kagglehub\datasets\vadimzavadskyi\kolektorsdd2-ksdd2\versions\1\train\12051.png,train\12051.png,12051.png,0,normal,gt_mask_empty,train
C:\Users\al774\.cache\kagglehub\datasets\vadimzavadskyi\kolektorsdd2-ksdd2\versions\1\train\12052.png,train\12052.png,12052.png,0,normal,gt_mask_empty,test
C:\Users\al774\.cache\kagglehub\datasets\vadimzavadskyi\kolektorsdd2-ksdd2\versions\1\train\12053.png,train\12053.png,12053.png,0,normal,gt_mask_empty,train
C:\Users\al774\.cache\kagglehub\datasets\vadimzavadskyi\kolektorsdd2-ksdd2\versions\1\train\12054.png,train\12054.png,12054.png,0,normal,gt_mask_empty,val
C:\Users\al774\.cache\kagglehub\datasets\vadimzavadskyi\kolektorsdd2-ksdd2\versions\1\train\12055.png,train\12055.png,12055.png,0,normal,gt_mask_empty,test
C:\Users\al774\.cache\kagglehub\datasets\vadimzavadskyi\kolektorsdd2-ksdd2\versions\1\train\12056.png,train\12056.png,12056.png,1,defective,gt_mask_defect(max_val=255),train
C:\Users\al774\.cache\kagglehub\datasets\vadimzavadskyi\kolektorsdd2-ksdd2\versions\1\train\12057.png,train\12057.png,12057.png,0,normal,gt_mask_empty,train
C:\Users\al774\.cache\kagglehub\datasets\vadimzavadskyi\kolektorsdd2-ksdd2\versions\1\train\12058.png,train\12058.png,12058.png,0,normal,gt_mask_empty,train
C:\Users\al774\.cache\kagglehub\datasets\vadimzavadskyi\kolektorsdd2-ksdd2\versions\1\train\12059.png,train\12059.png,12059.png,0,normal,gt_mask_empty,train
C:\Users\al774\.cache\kagglehub\datasets\vadimzavadskyi\kolektorsdd2-ksdd2\versions\1\train\12060.png,train\12060.png,12060.png,0,normal,gt_mask_empty,train
C:\Users\al774\.cache\kagglehub\datasets\vadimzavadskyi\kolektorsdd2-ksdd2\versions\1\train\12061.png,train\12061.png,12061.png,0,normal,gt_mask_empty,train
C:\Users\al774\.cache\kagglehub\datasets\vadimzavadskyi\kolektorsdd2-ksdd2\versions\1\train\12062.png,train\12062.png,12062.png,0,normal,gt_mask_empty,train
C:\Users\al774\.cache\kagglehub\datasets\vadimzavadskyi\kolektorsdd2-ksdd2\versions\1\train\12063.png,train\12063.png,12063.png,0,normal,gt_mask_empty,train
C:\Users\al774\.cache\kagglehub\datasets\vadimzavadskyi\kolektorsdd2-ksdd2\versions\1\train\12064.png,train\12064.png,12064.png,0,normal,gt_mask_empty,train
C:\Users\al774\.cache\kagglehub\datasets\vadimzavadskyi\kolektorsdd2-ksdd2\versions\1\train\12065.png,train\12065.png,12065.png,0,normal,gt_mask_empty,train
C:\Users\al774\.cache\kagglehub\datasets\vadimzavadskyi\kolektorsdd2-ksdd2\versions\1\train\12066.png,train\12066.png,12066.png,0,normal,gt_mask_empty,train
C:\Users\al774\.cache\kagglehub\datasets\vadimzavadskyi\kolektorsdd2-ksdd2\versions\1\train\12067.png,train\12067.png,12067.png,0,normal,gt_mask_empty,test
C:\Users\al774\.cache\kagglehub\datasets\vadimzavadskyi\kolektorsdd2-ksdd2\versions\1\train\12068.png,train\12068.png,12068.png,0,normal,gt_mask_empty,train
C:\Users\al774\.cache\kagglehub\datasets\vadimzavadskyi\kolektorsdd2-ksdd2\versions\1\train\12069.png,train\12069.png,12069.png,0,normal,gt_mask_empty,val
C:\Users\al774\.cache\kagglehub\datasets\vadimzavadskyi\kolektorsdd2-ksdd2\versions\1\train\12070.png,train\12070.png,12070.png,1,defective,gt_mask_defect(max_val=255),val
C:\Users\al774\.cache\kagglehub\datasets\vadimzavadskyi\kolektorsdd2-ksdd2\versions\1\train\12071.png,train\12071.png,12071.png,1,defective,gt_mask_defect(max_val=255),test
C:\Users\al774\.cache\kagglehub\datasets\vadimzavadskyi\kolektorsdd2-ksdd2\versions\1\train\12072.png,train\12072.png,12072.png,0,normal,gt_mask_empty,train
C:\Users\al774\.cache\kagglehub\datasets\vadimzavadskyi\kolektorsdd2-ksdd2\versions\1\train\12073.png,train\12073.png,12073.png,0,normal,gt_mask_empty,train
C:\Users\al774\.cache\kagglehub\datasets\vadimzavadskyi\kolektorsdd2-ksdd2\versions\1\train\12074.png,train\12074.png,12074.png,0,normal,gt_mask_empty,train
C:\Users\al774\.cache\kagglehub\datasets\vadimzavadskyi\kolektorsdd2-ksdd2\versions\1\train\12075.png,train\12075.png,12075.png,0,normal,gt_mask_empty,train
C:\Users\al774\.cache\kagglehub\datasets\vadimzavadskyi\kolektorsdd2-ksdd2\versions\1\train\12076.png,train\12076.png,12076.png,0,normal,gt_mask_empty,train
C:\Users\al774\.cache\kagglehub\datasets\vadimzavadskyi\kolektorsdd2-ksdd2\versions\1\train\12077.png,train\12077.png,12077.png,0,normal,gt_mask_empty,train
C:\Users\al774\.cache\kagglehub\datasets\vadimzavadskyi\kolektorsdd2-ksdd2\versions\1\train\12078.png,train\12078.png,12078.png,0,normal,gt_mask_empty,test
C:\Users\al774\.cache\kagglehub\datasets\vadimzavadskyi\kolektorsdd2-ksdd2\versions\1\train\12079.png,train\12079.png,12079.png,0,normal,gt_mask_empty,train
C:\Users\al774\.cache\kagglehub\datasets\vadimzavadskyi\kolektorsdd2-ksdd2\versions\1\train\12080.png,train\12080.png,12080.png,1,defective,gt_mask_defect(max_val=255),train
C:\Users\al774\.cache\kagglehub\datasets\vadimzavadskyi\kolektorsdd2-ksdd2\versions\1\train\12081.png,train\12081.png,12081.png,1,defective,gt_mask_defect(max_val=255),val
C:\Users\al774\.cache\kagglehub\datasets\vadimzavadskyi\kolektorsdd2-ksdd2\versions\1\train\12082.png,train\12082.png,12082.png,0,normal,gt_mask_empty,train
C:\Users\al774\.cache\kagglehub\datasets\vadimzavadskyi\kolektorsdd2-ksdd2\versions\1\train\12083.png,train\12083.png,12083.png,0,normal,gt_mask_empty,test
C:\Users\al774\.cache\kagglehub\datasets\vadimzavadskyi\kolektorsdd2-ksdd2\versions\1\train\12084.png,train\12084.png,12084.png,0,normal,gt_mask_empty,train
C:\Users\al774\.cache\kagglehub\datasets\vadimzavadskyi\kolektorsdd2-ksdd2\versions\1\train\12085.png,train\12085.png,12085.png,0,normal,gt_mask_empty,train
C:\Users\al774\.cache\kagglehub\datasets\vadimzavadskyi\kolektorsdd2-ksdd2\versions\1\train\12086.png,train\12086.png,12086.png,0,normal,gt_mask_empty,val
C:\Users\al774\.cache\kagglehub\datasets\vadimzavadskyi\kolektorsdd2-ksdd2\versions\1\train\12087.png,train\12087.png,12087.png,0,normal,gt_mask_empty,train
C:\Users\al774\.cache\kagglehub\datasets\vadimzavadskyi\kolektorsdd2-ksdd2\versions\1\train\12088.png,train\12088.png,12088.png,0,normal,gt_mask_empty,test
C:\Users\al774\.cache\kagglehub\datasets\vadimzavadskyi\kolektorsdd2-ksdd2\versions\1\train\12089.png,train\12089.png,12089.png,0,normal,gt_mask_empty,train
C:\Users\al774\.cache\kagglehub\datasets\vadimzavadskyi\kolektorsdd2-ksdd2\versions\1\train\12090.png,train\12090.png,12090.png,0,normal,gt_mask_empty,val
C:\Users\al774\.cache\kagglehub\datasets\vadimzavadskyi\kolektorsdd2-ksdd2\versions\1\train\12091.png,train\12091.png,12091.png,0,normal,gt_mask_empty,train
C:\Users\al774\.cache\kagglehub\datasets\vadimzavadskyi\kolektorsdd2-ksdd2\versions\1\train\12092.png,train\12092.png,12092.png,0,normal,gt_mask_empty,val
C:\Users\al774\.cache\kagglehub\datasets\vadimzavadskyi\kolektorsdd2-ksdd2\versions\1\train\12093.png,train\12093.png,12093.png,0,normal,gt_mask_empty,test
C:\Users\al774\.cache\kagglehub\datasets\vadimzavadskyi\kolektorsdd2-ksdd2\versions\1\train\12094.png,train\12094.png,12094.png,0,normal,gt_mask_empty,train
C:\Users\al774\.cache\kagglehub\datasets\vadimzavadskyi\kolektorsdd2-ksdd2\versions\1\train\12095.png,train\12095.png,12095.png,0,normal,gt_mask_empty,train
C:\Users\al774\.cache\kagglehub\datasets\vadimzavadskyi\kolektorsdd2-ksdd2\versions\1\train\12096.png,train\12096.png,12096.png,0,normal,gt_mask_empty,train
C:\Users\al774\.cache\kagglehub\datasets\vadimzavadskyi\kolektorsdd2-ksdd2\versions\1\train\12097.png,train\12097.png,12097.png,0,normal,gt_mask_empty,train
C:\Users\al774\.cache\kagglehub\datasets\vadimzavadskyi\kolektorsdd2-ksdd2\versions\1\train\12098.png,train\12098.png,12098.png,0,normal,gt_mask_empty,train
C:\Users\al774\.cache\kagglehub\datasets\vadimzavadskyi\kolektorsdd2-ksdd2\versions\1\train\12099.png,train\12099.png,12099.png,0,normal,gt_mask_empty,test
C:\Users\al774\.cache\kagglehub\datasets\vadimzavadskyi\kolektorsdd2-ksdd2\versions\1\train\12100.png,train\12100.png,12100.png,0,normal,gt_mask_empty,train
C:\Users\al774\.cache\kagglehub\datasets\vadimzavadskyi\kolektorsdd2-ksdd2\versions\1\train\12101.png,train\12101.png,12101.png,0,normal,gt_mask_empty,train
C:\Users\al774\.cache\kagglehub\datasets\vadimzavadskyi\kolektorsdd2-ksdd2\versions\1\train\12102.png,train\12102.png,12102.png,0,normal,gt_mask_empty,train
C:\Users\al774\.cache\kagglehub\datasets\vadimzavadskyi\kolektorsdd2-ksdd2\versions\1\train\12103.png,train\12103.png,12103.png,0,normal,gt_mask_empty,val
C:\Users\al774\.cache\kagglehub\datasets\vadimzavadskyi\kolektorsdd2-ksdd2\versions\1\train\12104.png,train\12104.png,12104.png,0,normal,gt_mask_empty,train
C:\Users\al774\.cache\kagglehub\datasets\vadimzavadskyi\kolektorsdd2-ksdd2\versions\1\train\12105.png,train\12105.png,12105.png,1,defective,gt_mask_defect(max_val=255),test
C:\Users\al774\.cache\kagglehub\datasets\vadimzavadskyi\kolektorsdd2-ksdd2\versions\1\train\12106.png,train\12106.png,12106.png,0,normal,gt_mask_empty,train
C:\Users\al774\.cache\kagglehub\datasets\vadimzavadskyi\kolektorsdd2-ksdd2\versions\1\train\12107.png,train\12107.png,12107.png,0,normal,gt_mask_empty,test
C:\Users\al774\.cache\kagglehub\datasets\vadimzavadskyi\kolektorsdd2-ksdd2\versions\1\train\12108.png,train\12108.png,12108.png,0,normal,gt_mask_empty,test
C:\Users\al774\.cache\kagglehub\datasets\vadimzavadskyi\kolektorsdd2-ksdd2\versions\1\train\12109.png,train\12109.png,12109.png,1,defective,gt_mask_defect(max_val=255),train
C:\Users\al774\.cache\kagglehub\datasets\vadimzavadskyi\kolektorsdd2-ksdd2\versions\1\train\12110.png,train\12110.png,12110.png,0,normal,gt_mask_empty,test
C:\Users\al774\.cache\kagglehub\datasets\vadimzavadskyi\kolektorsdd2-ksdd2\versions\1\train\12111.png,train\12111.png,12111.png,0,normal,gt_mask_empty,train
C:\Users\al774\.cache\kagglehub\datasets\vadimzavadskyi\kolektorsdd2-ksdd2\versions\1\train\12112.png,train\12112.png,12112.png,0,normal,gt_mask_empty,test
C:\Users\al774\.cache\kagglehub\datasets\vadimzavadskyi\kolektorsdd2-ksdd2\versions\1\train\12113.png,train\12113.png,12113.png,0,normal,gt_mask_empty,train
C:\Users\al774\.cache\kagglehub\datasets\vadimzavadskyi\kolektorsdd2-ksdd2\versions\1\train\12114.png,train\12114.png,12114.png,0,normal,gt_mask_empty,val
C:\Users\al774\.cache\kagglehub\datasets\vadimzavadskyi\kolektorsdd2-ksdd2\versions\1\train\12115.png,train\12115.png,12115.png,0,normal,gt_mask_empty,train
C:\Users\al774\.cache\kagglehub\datasets\vadimzavadskyi\kolektorsdd2-ksdd2\versions\1\train\12116.png,train\12116.png,12116.png,0,normal,gt_mask_empty,train
C:\Users\al774\.cache\kagglehub\datasets\vadimzavadskyi\kolektorsdd2-ksdd2\versions\1\train\12117.png,train\12117.png,12117.png,0,normal,gt_mask_empty,test
C:\Users\al774\.cache\kagglehub\datasets\vadimzavadskyi\kolektorsdd2-ksdd2\versions\1\train\12118.png,train\12118.png,12118.png,0,normal,gt_mask_empty,test
C:\Users\al774\.cache\kagglehub\datasets\vadimzavadskyi\kolektorsdd2-ksdd2\versions\1\train\12119.png,train\12119.png,12119.png,0,normal,gt_mask_empty,train
C:\Users\al774\.cache\kagglehub\datasets\vadimzavadskyi\kolektorsdd2-ksdd2\versions\1\train\12120.png,train\12120.png,12120.png,0,normal,gt_mask_empty,train
C:\Users\al774\.cache\kagglehub\datasets\vadimzavadskyi\kolektorsdd2-ksdd2\versions\1\train\12121.png,train\12121.png,12121.png,0,normal,gt_mask_empty,train
C:\Users\al774\.cache\kagglehub\datasets\vadimzavadskyi\kolektorsdd2-ksdd2\versions\1\train\12122.png,train\12122.png,12122.png,0,normal,gt_mask_empty,train
C:\Users\al774\.cache\kagglehub\datasets\vadimzavadskyi\kolektorsdd2-ksdd2\versions\1\train\12123.png,train\12123.png,12123.png,0,normal,gt_mask_empty,train
C:\Users\al774\.cache\kagglehub\datasets\vadimzavadskyi\kolektorsdd2-ksdd2\versions\1\train\12124.png,train\12124.png,12124.png,0,normal,gt_mask_empty,test
C:\Users\al774\.cache\kagglehub\datasets\vadimzavadskyi\kolektorsdd2-ksdd2\versions\1\train\12125.png,train\12125.png,12125.png,0,normal,gt_mask_empty,train
C:\Users\al774\.cache\kagglehub\datasets\vadimzavadskyi\kolektorsdd2-ksdd2\versions\1\train\12126.png,train\12126.png,12126.png,0,normal,gt_mask_empty,train
C:\Users\al774\.cache\kagglehub\datasets\vadimzavadskyi\kolektorsdd2-ksdd2\versions\1\train\12127.png,train\12127.png,12127.png,0,normal,gt_mask_empty,train
C:\Users\al774\.cache\kagglehub\datasets\vadimzavadskyi\kolektorsdd2-ksdd2\versions\1\train\12128.png,train\12128.png,12128.png,0,normal,gt_mask_empty,val
C:\Users\al774\.cache\kagglehub\datasets\vadimzavadskyi\kolektorsdd2-ksdd2\versions\1\train\12129.png,train\12129.png,12129.png,0,normal,gt_mask_empty,train
C:\Users\al774\.cache\kagglehub\datasets\vadimzavadskyi\kolektorsdd2-ksdd2\versions\1\train\12130.png,train\12130.png,12130.png,0,normal,gt_mask_empty,train
C:\Users\al774\.cache\kagglehub\datasets\vadimzavadskyi\kolektorsdd2-ksdd2\versions\1\train\12131.png,train\12131.png,12131.png,1,defective,gt_mask_defect(max_val=255),train
C:\Users\al774\.cache\kagglehub\datasets\vadimzavadskyi\kolektorsdd2-ksdd2\versions\1\train\12132.png,train\12132.png,12132.png,0,normal,gt_mask_empty,train
C:\Users\al774\.cache\kagglehub\datasets\vadimzavadskyi\kolektorsdd2-ksdd2\versions\1\train\12133.png,train\12133.png,12133.png,0,normal,gt_mask_empty,train
C:\Users\al774\.cache\kagglehub\datasets\vadimzavadskyi\kolektorsdd2-ksdd2\versions\1\train\12134.png,train\12134.png,12134.png,0,normal,gt_mask_empty,train
C:\Users\al774\.cache\kagglehub\datasets\vadimzavadskyi\kolektorsdd2-ksdd2\versions\1\train\12135.png,train\12135.png,12135.png,0,normal,gt_mask_empty,train
C:\Users\al774\.cache\kagglehub\datasets\vadimzavadskyi\kolektorsdd2-ksdd2\versions\1\train\12136.png,train\12136.png,12136.png,0,normal,gt_mask_empty,train
C:\Users\al774\.cache\kagglehub\datasets\vadimzavadskyi\kolektorsdd2-ksdd2\versions\1\train\12137.png,train\12137.png,12137.png,0,normal,gt_mask_empty,test
C:\Users\al774\.cache\kagglehub\datasets\vadimzavadskyi\kolektorsdd2-ksdd2\versions\1\train\12138.png,train\12138.png,12138.png,0,normal,gt_mask_empty,val
C:\Users\al774\.cache\kagglehub\datasets\vadimzavadskyi\kolektorsdd2-ksdd2\versions\1\train\12139.png,train\12139.png,12139.png,0,normal,gt_mask_empty,test
C:\Users\al774\.cache\kagglehub\datasets\vadimzavadskyi\kolektorsdd2-ksdd2\versions\1\train\12140.png,train\12140.png,12140.png,0,normal,gt_mask_empty,test
C:\Users\al774\.cache\kagglehub\datasets\vadimzavadskyi\kolektorsdd2-ksdd2\versions\1\train\12141.png,train\12141.png,12141.png,1,defective,gt_mask_defect(max_val=255),train
C:\Users\al774\.cache\kagglehub\datasets\vadimzavadskyi\kolektorsdd2-ksdd2\versions\1\train\12142.png,train\12142.png,12142.png,0,normal,gt_mask_empty,train
C:\Users\al774\.cache\kagglehub\datasets\vadimzavadskyi\kolektorsdd2-ksdd2\versions\1\train\12143.png,train\12143.png,12143.png,0,normal,gt_mask_empty,train
C:\Users\al774\.cache\kagglehub\datasets\vadimzavadskyi\kolektorsdd2-ksdd2\versions\1\train\12144.png,train\12144.png,12144.png,0,normal,gt_mask_empty,val
C:\Users\al774\.cache\kagglehub\datasets\vadimzavadskyi\kolektorsdd2-ksdd2\versions\1\train\12145.png,train\12145.png,12145.png,0,normal,gt_mask_empty,train
C:\Users\al774\.cache\kagglehub\datasets\vadimzavadskyi\kolektorsdd2-ksdd2\versions\1\train\12146.png,train\12146.png,12146.png,1,defective,gt_mask_defect(max_val=255),train
C:\Users\al774\.cache\kagglehub\datasets\vadimzavadskyi\kolektorsdd2-ksdd2\versions\1\train\12147.png,train\12147.png,12147.png,0,normal,gt_mask_empty,train
C:\Users\al774\.cache\kagglehub\datasets\vadimzavadskyi\kolektorsdd2-ksdd2\versions\1\train\12148.png,train\12148.png,12148.png,0,normal,gt_mask_empty,train
C:\Users\al774\.cache\kagglehub\datasets\vadimzavadskyi\kolektorsdd2-ksdd2\versions\1\train\12149.png,train\12149.png,12149.png,0,normal,gt_mask_empty,train
C:\Users\al774\.cache\kagglehub\datasets\vadimzavadskyi\kolektorsdd2-ksdd2\versions\1\train\12150.png,train\12150.png,12150.png,0,normal,gt_mask_empty,train
C:\Users\al774\.cache\kagglehub\datasets\vadimzavadskyi\kolektorsdd2-ksdd2\versions\1\train\12151.png,train\12151.png,12151.png,0,normal,gt_mask_empty,val
C:\Users\al774\.cache\kagglehub\datasets\vadimzavadskyi\kolektorsdd2-ksdd2\versions\1\train\12152.png,train\12152.png,12152.png,0,normal,gt_mask_empty,train
C:\Users\al774\.cache\kagglehub\datasets\vadimzavadskyi\kolektorsdd2-ksdd2\versions\1\train\12153.png,train\12153.png,12153.png,0,normal,gt_mask_empty,train
C:\Users\al774\.cache\kagglehub\datasets\vadimzavadskyi\kolektorsdd2-ksdd2\versions\1\train\12154.png,train\12154.png,12154.png,0,normal,gt_mask_empty,val
C:\Users\al774\.cache\kagglehub\datasets\vadimzavadskyi\kolektorsdd2-ksdd2\versions\1\train\12155.png,train\12155.png,12155.png,0,normal,gt_mask_empty,test
C:\Users\al774\.cache\kagglehub\datasets\vadimzavadskyi\kolektorsdd2-ksdd2\versions\1\train\12156.png,train\12156.png,12156.png,0,normal,gt_mask_empty,val
C:\Users\al774\.cache\kagglehub\datasets\vadimzavadskyi\kolektorsdd2-ksdd2\versions\1\train\12157.png,train\12157.png,12157.png,0,normal,gt_mask_empty,train
C:\Users\al774\.cache\kagglehub\datasets\vadimzavadskyi\kolektorsdd2-ksdd2\versions\1\train\12158.png,train\12158.png,12158.png,0,normal,gt_mask_empty,train
C:\Users\al774\.cache\kagglehub\datasets\vadimzavadskyi\kolektorsdd2-ksdd2\versions\1\train\12159.png,train\12159.png,12159.png,0,normal,gt_mask_empty,train
C:\Users\al774\.cache\kagglehub\datasets\vadimzavadskyi\kolektorsdd2-ksdd2\versions\1\train\12160.png,train\12160.png,12160.png,1,defective,gt_mask_defect(max_val=255),train
C:\Users\al774\.cache\kagglehub\datasets\vadimzavadskyi\kolektorsdd2-ksdd2\versions\1\train\12161.png,train\12161.png,12161.png,0,normal,gt_mask_empty,train
C:\Users\al774\.cache\kagglehub\datasets\vadimzavadskyi\kolektorsdd2-ksdd2\versions\1\train\12162.png,train\12162.png,12162.png,0,normal,gt_mask_empty,train
C:\Users\al774\.cache\kagglehub\datasets\vadimzavadskyi\kolektorsdd2-ksdd2\versions\1\train\12163.png,train\12163.png,12163.png,0,normal,gt_mask_empty,train
C:\Users\al774\.cache\kagglehub\datasets\vadimzavadskyi\kolektorsdd2-ksdd2\versions\1\train\12164.png,train\12164.png,12164.png,0,normal,gt_mask_empty,train
C:\Users\al774\.cache\kagglehub\datasets\vadimzavadskyi\kolektorsdd2-ksdd2\versions\1\train\12165.png,train\12165.png,12165.png,0,normal,gt_mask_empty,val
C:\Users\al774\.cache\kagglehub\datasets\vadimzavadskyi\kolektorsdd2-ksdd2\versions\1\train\12166.png,train\12166.png,12166.png,0,normal,gt_mask_empty,train
C:\Users\al774\.cache\kagglehub\datasets\vadimzavadskyi\kolektorsdd2-ksdd2\versions\1\train\12167.png,train\12167.png,12167.png,0,normal,gt_mask_empty,train
C:\Users\al774\.cache\kagglehub\datasets\vadimzavadskyi\kolektorsdd2-ksdd2\versions\1\train\12168.png,train\12168.png,12168.png,0,normal,gt_mask_empty,train
C:\Users\al774\.cache\kagglehub\datasets\vadimzavadskyi\kolektorsdd2-ksdd2\versions\1\train\12169.png,train\12169.png,12169.png,0,normal,gt_mask_empty,val
C:\Users\al774\.cache\kagglehub\datasets\vadimzavadskyi\kolektorsdd2-ksdd2\versions\1\train\12170.png,train\12170.png,12170.png,0,normal,gt_mask_empty,train
C:\Users\al774\.cache\kagglehub\datasets\vadimzavadskyi\kolektorsdd2-ksdd2\versions\1\train\12171.png,train\12171.png,12171.png,0,normal,gt_mask_empty,train
C:\Users\al774\.cache\kagglehub\datasets\vadimzavadskyi\kolektorsdd2-ksdd2\versions\1\train\12172.png,train\12172.png,12172.png,0,normal,gt_mask_empty,val
C:\Users\al774\.cache\kagglehub\datasets\vadimzavadskyi\kolektorsdd2-ksdd2\versions\1\train\12173.png,train\12173.png,12173.png,0,normal,gt_mask_empty,val
C:\Users\al774\.cache\kagglehub\datasets\vadimzavadskyi\kolektorsdd2-ksdd2\versions\1\train\12174.png,train\12174.png,12174.png,0,normal,gt_mask_empty,val
C:\Users\al774\.cache\kagglehub\datasets\vadimzavadskyi\kolektorsdd2-ksdd2\versions\1\train\12175.png,train\12175.png,12175.png,0,normal,gt_mask_empty,train
C:\Users\al774\.cache\kagglehub\datasets\vadimzavadskyi\kolektorsdd2-ksdd2\versions\1\train\12176.png,train\12176.png,12176.png,0,normal,gt_mask_empty,train
C:\Users\al774\.cache\kagglehub\datasets\vadimzavadskyi\kolektorsdd2-ksdd2\versions\1\train\12177.png,train\12177.png,12177.png,0,normal,gt_mask_empty,train
C:\Users\al774\.cache\kagglehub\datasets\vadimzavadskyi\kolektorsdd2-ksdd2\versions\1\train\12178.png,train\12178.png,12178.png,0,normal,gt_mask_empty,train
C:\Users\al774\.cache\kagglehub\datasets\vadimzavadskyi\kolektorsdd2-ksdd2\versions\1\train\12179.png,train\12179.png,12179.png,1,defective,gt_mask_defect(max_val=255),train
C:\Users\al774\.cache\kagglehub\datasets\vadimzavadskyi\kolektorsdd2-ksdd2\versions\1\train\12180.png,train\12180.png,12180.png,0,normal,gt_mask_empty,test
C:\Users\al774\.cache\kagglehub\datasets\vadimzavadskyi\kolektorsdd2-ksdd2\versions\1\train\12181.png,train\12181.png,12181.png,0,normal,gt_mask_empty,train
C:\Users\al774\.cache\kagglehub\datasets\vadimzavadskyi\kolektorsdd2-ksdd2\versions\1\train\12182.png,train\12182.png,12182.png,0,normal,gt_mask_empty,train
C:\Users\al774\.cache\kagglehub\datasets\vadimzavadskyi\kolektorsdd2-ksdd2\versions\1\train\12183.png,train\12183.png,12183.png,0,normal,gt_mask_empty,test
C:\Users\al774\.cache\kagglehub\datasets\vadimzavadskyi\kolektorsdd2-ksdd2\versions\1\train\12184.png,train\12184.png,12184.png,0,normal,gt_mask_empty,train
C:\Users\al774\.cache\kagglehub\datasets\vadimzavadskyi\kolektorsdd2-ksdd2\versions\1\train\12185.png,train\12185.png,12185.png,0,normal,gt_mask_empty,train
C:\Users\al774\.cache\kagglehub\datasets\vadimzavadskyi\kolektorsdd2-ksdd2\versions\1\train\12186.png,train\12186.png,12186.png,0,normal,gt_mask_empty,test
C:\Users\al774\.cache\kagglehub\datasets\vadimzavadskyi\kolektorsdd2-ksdd2\versions\1\train\12187.png,train\12187.png,12187.png,0,normal,gt_mask_empty,train
C:\Users\al774\.cache\kagglehub\datasets\vadimzavadskyi\kolektorsdd2-ksdd2\versions\1\train\12188.png,train\12188.png,12188.png,0,normal,gt_mask_empty,val
C:\Users\al774\.cache\kagglehub\datasets\vadimzavadskyi\kolektorsdd2-ksdd2\versions\1\train\12189.png,train\12189.png,12189.png,0,normal,gt_mask_empty,train
C:\Users\al774\.cache\kagglehub\datasets\vadimzavadskyi\kolektorsdd2-ksdd2\versions\1\train\12190.png,train\12190.png,12190.png,0,normal,gt_mask_empty,test
C:\Users\al774\.cache\kagglehub\datasets\vadimzavadskyi\kolektorsdd2-ksdd2\versions\1\train\12191.png,train\12191.png,12191.png,1,defective,gt_mask_defect(max_val=255),train
C:\Users\al774\.cache\kagglehub\datasets\vadimzavadskyi\kolektorsdd2-ksdd2\versions\1\train\12192.png,train\12192.png,12192.png,0,normal,gt_mask_empty,val
C:\Users\al774\.cache\kagglehub\datasets\vadimzavadskyi\kolektorsdd2-ksdd2\versions\1\train\12193.png,train\12193.png,12193.png,0,normal,gt_mask_empty,val
C:\Users\al774\.cache\kagglehub\datasets\vadimzavadskyi\kolektorsdd2-ksdd2\versions\1\train\12194.png,train\12194.png,12194.png,0,normal,gt_mask_empty,train
C:\Users\al774\.cache\kagglehub\datasets\vadimzavadskyi\kolektorsdd2-ksdd2\versions\1\train\12195.png,train\12195.png,12195.png,0,normal,gt_mask_empty,train
C:\Users\al774\.cache\kagglehub\datasets\vadimzavadskyi\kolektorsdd2-ksdd2\versions\1\train\12196.png,train\12196.png,12196.png,0,normal,gt_mask_empty,train
C:\Users\al774\.cache\kagglehub\datasets\vadimzavadskyi\kolektorsdd2-ksdd2\versions\1\train\12197.png,train\12197.png,12197.png,0,normal,gt_mask_empty,val
C:\Users\al774\.cache\kagglehub\datasets\vadimzavadskyi\kolektorsdd2-ksdd2\versions\1\train\12198.png,train\12198.png,12198.png,0,normal,gt_mask_empty,train
C:\Users\al774\.cache\kagglehub\datasets\vadimzavadskyi\kolektorsdd2-ksdd2\versions\1\train\12199.png,train\12199.png,12199.png,0,normal,gt_mask_empty,train
C:\Users\al774\.cache\kagglehub\datasets\vadimzavadskyi\kolektorsdd2-ksdd2\versions\1\train\12200.png,train\12200.png,12200.png,0,normal,gt_mask_empty,train
C:\Users\al774\.cache\kagglehub\datasets\vadimzavadskyi\kolektorsdd2-ksdd2\versions\1\train\12201.png,train\12201.png,12201.png,1,defective,gt_mask_defect(max_val=255),test
C:\Users\al774\.cache\kagglehub\datasets\vadimzavadskyi\kolektorsdd2-ksdd2\versions\1\train\12202.png,train\12202.png,12202.png,0,normal,gt_mask_empty,train
C:\Users\al774\.cache\kagglehub\datasets\vadimzavadskyi\kolektorsdd2-ksdd2\versions\1\train\12203.png,train\12203.png,12203.png,0,normal,gt_mask_empty,train
C:\Users\al774\.cache\kagglehub\datasets\vadimzavadskyi\kolektorsdd2-ksdd2\versions\1\train\12204.png,train\12204.png,12204.png,0,normal,gt_mask_empty,test
C:\Users\al774\.cache\kagglehub\datasets\vadimzavadskyi\kolektorsdd2-ksdd2\versions\1\train\12205.png,train\12205.png,12205.png,0,normal,gt_mask_empty,train
C:\Users\al774\.cache\kagglehub\datasets\vadimzavadskyi\kolektorsdd2-ksdd2\versions\1\train\12206.png,train\12206.png,12206.png,0,normal,gt_mask_empty,train
C:\Users\al774\.cache\kagglehub\datasets\vadimzavadskyi\kolektorsdd2-ksdd2\versions\1\train\12207.png,train\12207.png,12207.png,0,normal,gt_mask_empty,val
C:\Users\al774\.cache\kagglehub\datasets\vadimzavadskyi\kolektorsdd2-ksdd2\versions\1\train\12208.png,train\12208.png,12208.png,0,normal,gt_mask_empty,train
C:\Users\al774\.cache\kagglehub\datasets\vadimzavadskyi\kolektorsdd2-ksdd2\versions\1\train\12209.png,train\12209.png,12209.png,0,normal,gt_mask_empty,train
C:\Users\al774\.cache\kagglehub\datasets\vadimzavadskyi\kolektorsdd2-ksdd2\versions\1\train\12210.png,train\12210.png,12210.png,1,defective,gt_mask_defect(max_val=255),train
C:\Users\al774\.cache\kagglehub\datasets\vadimzavadskyi\kolektorsdd2-ksdd2\versions\1\train\12211.png,train\12211.png,12211.png,0,normal,gt_mask_empty,train
C:\Users\al774\.cache\kagglehub\datasets\vadimzavadskyi\kolektorsdd2-ksdd2\versions\1\train\12212.png,train\12212.png,12212.png,0,normal,gt_mask_empty,train
C:\Users\al774\.cache\kagglehub\datasets\vadimzavadskyi\kolektorsdd2-ksdd2\versions\1\train\12213.png,train\12213.png,12213.png,0,normal,gt_mask_empty,train
C:\Users\al774\.cache\kagglehub\datasets\vadimzavadskyi\kolektorsdd2-ksdd2\versions\1\train\12214.png,train\12214.png,12214.png,0,normal,gt_mask_empty,train
C:\Users\al774\.cache\kagglehub\datasets\vadimzavadskyi\kolektorsdd2-ksdd2\versions\1\train\12215.png,train\12215.png,12215.png,0,normal,gt_mask_empty,val
C:\Users\al774\.cache\kagglehub\datasets\vadimzavadskyi\kolektorsdd2-ksdd2\versions\1\train\12216.png,train\12216.png,12216.png,1,defective,gt_mask_defect(max_val=255),train
C:\Users\al774\.cache\kagglehub\datasets\vadimzavadskyi\kolektorsdd2-ksdd2\versions\1\train\12217.png,train\12217.png,12217.png,0,normal,gt_mask_empty,test
C:\Users\al774\.cache\kagglehub\datasets\vadimzavadskyi\kolektorsdd2-ksdd2\versions\1\train\12218.png,train\12218.png,12218.png,0,normal,gt_mask_empty,train
C:\Users\al774\.cache\kagglehub\datasets\vadimzavadskyi\kolektorsdd2-ksdd2\versions\1\train\12219.png,train\12219.png,12219.png,0,normal,gt_mask_empty,train
C:\Users\al774\.cache\kagglehub\datasets\vadimzavadskyi\kolektorsdd2-ksdd2\versions\1\train\12220.png,train\12220.png,12220.png,0,normal,gt_mask_empty,train
C:\Users\al774\.cache\kagglehub\datasets\vadimzavadskyi\kolektorsdd2-ksdd2\versions\1\train\12221.png,train\12221.png,12221.png,0,normal,gt_mask_empty,train
C:\Users\al774\.cache\kagglehub\datasets\vadimzavadskyi\kolektorsdd2-ksdd2\versions\1\train\12222.png,train\12222.png,12222.png,0,normal,gt_mask_empty,train
C:\Users\al774\.cache\kagglehub\datasets\vadimzavadskyi\kolektorsdd2-ksdd2\versions\1\train\12223.png,train\12223.png,12223.png,0,normal,gt_mask_empty,train
C:\Users\al774\.cache\kagglehub\datasets\vadimzavadskyi\kolektorsdd2-ksdd2\versions\1\train\12224.png,train\12224.png,12224.png,0,normal,gt_mask_empty,train
C:\Users\al774\.cache\kagglehub\datasets\vadimzavadskyi\kolektorsdd2-ksdd2\versions\1\train\12225.png,train\12225.png,12225.png,0,normal,gt_mask_empty,test
C:\Users\al774\.cache\kagglehub\datasets\vadimzavadskyi\kolektorsdd2-ksdd2\versions\1\train\12226.png,train\12226.png,12226.png,0,normal,gt_mask_empty,train
C:\Users\al774\.cache\kagglehub\datasets\vadimzavadskyi\kolektorsdd2-ksdd2\versions\1\train\12227.png,train\12227.png,12227.png,0,normal,gt_mask_empty,test
C:\Users\al774\.cache\kagglehub\datasets\vadimzavadskyi\kolektorsdd2-ksdd2\versions\1\train\12228.png,train\12228.png,12228.png,0,normal,gt_mask_empty,test
C:\Users\al774\.cache\kagglehub\datasets\vadimzavadskyi\kolektorsdd2-ksdd2\versions\1\train\12229.png,train\12229.png,12229.png,0,normal,gt_mask_empty,val
C:\Users\al774\.cache\kagglehub\datasets\vadimzavadskyi\kolektorsdd2-ksdd2\versions\1\train\12230.png,train\12230.png,12230.png,0,normal,gt_mask_empty,train
C:\Users\al774\.cache\kagglehub\datasets\vadimzavadskyi\kolektorsdd2-ksdd2\versions\1\train\12231.png,train\12231.png,12231.png,0,normal,gt_mask_empty,val
C:\Users\al774\.cache\kagglehub\datasets\vadimzavadskyi\kolektorsdd2-ksdd2\versions\1\train\12232.png,train\12232.png,12232.png,0,normal,gt_mask_empty,train
C:\Users\al774\.cache\kagglehub\datasets\vadimzavadskyi\kolektorsdd2-ksdd2\versions\1\train\12233.png,train\12233.png,12233.png,1,defective,gt_mask_defect(max_val=255),train
C:\Users\al774\.cache\kagglehub\datasets\vadimzavadskyi\kolektorsdd2-ksdd2\versions\1\train\12234.png,train\12234.png,12234.png,0,normal,gt_mask_empty,test
C:\Users\al774\.cache\kagglehub\datasets\vadimzavadskyi\kolektorsdd2-ksdd2\versions\1\train\12235.png,train\12235.png,12235.png,0,normal,gt_mask_empty,train
C:\Users\al774\.cache\kagglehub\datasets\vadimzavadskyi\kolektorsdd2-ksdd2\versions\1\train\12236.png,train\12236.png,12236.png,0,normal,gt_mask_empty,train
C:\Users\al774\.cache\kagglehub\datasets\vadimzavadskyi\kolektorsdd2-ksdd2\versions\1\train\12237.png,train\12237.png,12237.png,1,defective,gt_mask_defect(max_val=255),test
C:\Users\al774\.cache\kagglehub\datasets\vadimzavadskyi\kolektorsdd2-ksdd2\versions\1\train\12238.png,train\12238.png,12238.png,0,normal,gt_mask_empty,test
C:\Users\al774\.cache\kagglehub\datasets\vadimzavadskyi\kolektorsdd2-ksdd2\versions\1\train\12239.png,train\12239.png,12239.png,0,normal,gt_mask_empty,train
C:\Users\al774\.cache\kagglehub\datasets\vadimzavadskyi\kolektorsdd2-ksdd2\versions\1\train\12240.png,train\12240.png,12240.png,0,normal,gt_mask_empty,test
C:\Users\al774\.cache\kagglehub\datasets\vadimzavadskyi\kolektorsdd2-ksdd2\versions\1\train\12241.png,train\12241.png,12241.png,0,normal,gt_mask_empty,val
C:\Users\al774\.cache\kagglehub\datasets\vadimzavadskyi\kolektorsdd2-ksdd2\versions\1\train\12242.png,train\12242.png,12242.png,0,normal,gt_mask_empty,train
C:\Users\al774\.cache\kagglehub\datasets\vadimzavadskyi\kolektorsdd2-ksdd2\versions\1\train\12243.png,train\12243.png,12243.png,0,normal,gt_mask_empty,test
C:\Users\al774\.cache\kagglehub\datasets\vadimzavadskyi\kolektorsdd2-ksdd2\versions\1\train\12244.png,train\12244.png,12244.png,1,defective,gt_mask_defect(max_val=255),train
C:\Users\al774\.cache\kagglehub\datasets\vadimzavadskyi\kolektorsdd2-ksdd2\versions\1\train\12245.png,train\12245.png,12245.png,1,defective,gt_mask_defect(max_val=255),val
C:\Users\al774\.cache\kagglehub\datasets\vadimzavadskyi\kolektorsdd2-ksdd2\versions\1\train\12246.png,train\12246.png,12246.png,0,normal,gt_mask_empty,val
C:\Users\al774\.cache\kagglehub\datasets\vadimzavadskyi\kolektorsdd2-ksdd2\versions\1\train\12247.png,train\12247.png,12247.png,0,normal,gt_mask_empty,train
C:\Users\al774\.cache\kagglehub\datasets\vadimzavadskyi\kolektorsdd2-ksdd2\versions\1\train\12248.png,train\12248.png,12248.png,0,normal,gt_mask_empty,train
C:\Users\al774\.cache\kagglehub\datasets\vadimzavadskyi\kolektorsdd2-ksdd2\versions\1\train\12249.png,train\12249.png,12249.png,0,normal,gt_mask_empty,train
C:\Users\al774\.cache\kagglehub\datasets\vadimzavadskyi\kolektorsdd2-ksdd2\versions\1\train\12250.png,train\12250.png,12250.png,0,normal,gt_mask_empty,train
C:\Users\al774\.cache\kagglehub\datasets\vadimzavadskyi\kolektorsdd2-ksdd2\versions\1\train\12251.png,train\12251.png,12251.png,0,normal,gt_mask_empty,train
C:\Users\al774\.cache\kagglehub\datasets\vadimzavadskyi\kolektorsdd2-ksdd2\versions\1\train\12252.png,train\12252.png,12252.png,0,normal,gt_mask_empty,train
C:\Users\al774\.cache\kagglehub\datasets\vadimzavadskyi\kolektorsdd2-ksdd2\versions\1\train\12253.png,train\12253.png,12253.png,0,normal,gt_mask_empty,val
C:\Users\al774\.cache\kagglehub\datasets\vadimzavadskyi\kolektorsdd2-ksdd2\versions\1\train\12254.png,train\12254.png,12254.png,0,normal,gt_mask_empty,test
C:\Users\al774\.cache\kagglehub\datasets\vadimzavadskyi\kolektorsdd2-ksdd2\versions\1\train\12255.png,train\12255.png,12255.png,1,defective,gt_mask_defect(max_val=255),train
C:\Users\al774\.cache\kagglehub\datasets\vadimzavadskyi\kolektorsdd2-ksdd2\versions\1\train\12256.png,train\12256.png,12256.png,0,normal,gt_mask_empty,val
C:\Users\al774\.cache\kagglehub\datasets\vadimzavadskyi\kolektorsdd2-ksdd2\versions\1\train\12257.png,train\12257.png,12257.png,0,normal,gt_mask_empty,train
C:\Users\al774\.cache\kagglehub\datasets\vadimzavadskyi\kolektorsdd2-ksdd2\versions\1\train\12258.png,train\12258.png,12258.png,0,normal,gt_mask_empty,train
C:\Users\al774\.cache\kagglehub\datasets\vadimzavadskyi\kolektorsdd2-ksdd2\versions\1\train\12259.png,train\12259.png,12259.png,0,normal,gt_mask_empty,test
C:\Users\al774\.cache\kagglehub\datasets\vadimzavadskyi\kolektorsdd2-ksdd2\versions\1\train\12260.png,train\12260.png,12260.png,0,normal,gt_mask_empty,train
C:\Users\al774\.cache\kagglehub\datasets\vadimzavadskyi\kolektorsdd2-ksdd2\versions\1\train\12261.png,train\12261.png,12261.png,0,normal,gt_mask_empty,test
C:\Users\al774\.cache\kagglehub\datasets\vadimzavadskyi\kolektorsdd2-ksdd2\versions\1\train\12262.png,train\12262.png,12262.png,0,normal,gt_mask_empty,test
C:\Users\al774\.cache\kagglehub\datasets\vadimzavadskyi\kolektorsdd2-ksdd2\versions\1\train\12263.png,train\12263.png,12263.png,0,normal,gt_mask_empty,val
C:\Users\al774\.cache\kagglehub\datasets\vadimzavadskyi\kolektorsdd2-ksdd2\versions\1\train\12264.png,train\12264.png,12264.png,0,normal,gt_mask_empty,train
C:\Users\al774\.cache\kagglehub\datasets\vadimzavadskyi\kolektorsdd2-ksdd2\versions\1\train\12265.png,train\12265.png,12265.png,0,normal,gt_mask_empty,test
C:\Users\al774\.cache\kagglehub\datasets\vadimzavadskyi\kolektorsdd2-ksdd2\versions\1\train\12266.png,train\12266.png,12266.png,0,normal,gt_mask_empty,train
C:\Users\al774\.cache\kagglehub\datasets\vadimzavadskyi\kolektorsdd2-ksdd2\versions\1\train\12267.png,train\12267.png,12267.png,0,normal,gt_mask_empty,val
C:\Users\al774\.cache\kagglehub\datasets\vadimzavadskyi\kolektorsdd2-ksdd2\versions\1\train\12268.png,train\12268.png,12268.png,0,normal,gt_mask_empty,train
C:\Users\al774\.cache\kagglehub\datasets\vadimzavadskyi\kolektorsdd2-ksdd2\versions\1\train\12269.png,train\12269.png,12269.png,0,normal,gt_mask_empty,train
C:\Users\al774\.cache\kagglehub\datasets\vadimzavadskyi\kolektorsdd2-ksdd2\versions\1\train\12270.png,train\12270.png,12270.png,0,normal,gt_mask_empty,train
C:\Users\al774\.cache\kagglehub\datasets\vadimzavadskyi\kolektorsdd2-ksdd2\versions\1\train\12271.png,train\12271.png,12271.png,0,normal,gt_mask_empty,train
C:\Users\al774\.cache\kagglehub\datasets\vadimzavadskyi\kolektorsdd2-ksdd2\versions\1\train\12272.png,train\12272.png,12272.png,0,normal,gt_mask_empty,train
C:\Users\al774\.cache\kagglehub\datasets\vadimzavadskyi\kolektorsdd2-ksdd2\versions\1\train\12273.png,train\12273.png,12273.png,0,normal,gt_mask_empty,val
C:\Users\al774\.cache\kagglehub\datasets\vadimzavadskyi\kolektorsdd2-ksdd2\versions\1\train\12274.png,train\12274.png,12274.png,1,defective,gt_mask_defect(max_val=255),train
C:\Users\al774\.cache\kagglehub\datasets\vadimzavadskyi\kolektorsdd2-ksdd2\versions\1\train\12275.png,train\12275.png,12275.png,0,normal,gt_mask_empty,train
C:\Users\al774\.cache\kagglehub\datasets\vadimzavadskyi\kolektorsdd2-ksdd2\versions\1\train\12276.png,train\12276.png,12276.png,0,normal,gt_mask_empty,train
C:\Users\al774\.cache\kagglehub\datasets\vadimzavadskyi\kolektorsdd2-ksdd2\versions\1\train\12277.png,train\12277.png,12277.png,0,normal,gt_mask_empty,train
C:\Users\al774\.cache\kagglehub\datasets\vadimzavadskyi\kolektorsdd2-ksdd2\versions\1\train\12278.png,train\12278.png,12278.png,0,normal,gt_mask_empty,test
C:\Users\al774\.cache\kagglehub\datasets\vadimzavadskyi\kolektorsdd2-ksdd2\versions\1\train\12279.png,train\12279.png,12279.png,0,normal,gt_mask_empty,train
C:\Users\al774\.cache\kagglehub\datasets\vadimzavadskyi\kolektorsdd2-ksdd2\versions\1\train\12280.png,train\12280.png,12280.png,0,normal,gt_mask_empty,train
C:\Users\al774\.cache\kagglehub\datasets\vadimzavadskyi\kolektorsdd2-ksdd2\versions\1\train\12281.png,train\12281.png,12281.png,0,normal,gt_mask_empty,train
C:\Users\al774\.cache\kagglehub\datasets\vadimzavadskyi\kolektorsdd2-ksdd2\versions\1\train\12282.png,train\12282.png,12282.png,0,normal,gt_mask_empty,train
C:\Users\al774\.cache\kagglehub\datasets\vadimzavadskyi\kolektorsdd2-ksdd2\versions\1\train\12283.png,train\12283.png,12283.png,0,normal,gt_mask_empty,val
C:\Users\al774\.cache\kagglehub\datasets\vadimzavadskyi\kolektorsdd2-ksdd2\versions\1\train\12284.png,train\12284.png,12284.png,0,normal,gt_mask_empty,train
C:\Users\al774\.cache\kagglehub\datasets\vadimzavadskyi\kolektorsdd2-ksdd2\versions\1\train\12285.png,train\12285.png,12285.png,0,normal,gt_mask_empty,train
C:\Users\al774\.cache\kagglehub\datasets\vadimzavadskyi\kolektorsdd2-ksdd2\versions\1\train\12286.png,train\12286.png,12286.png,0,normal,gt_mask_empty,val
C:\Users\al774\.cache\kagglehub\datasets\vadimzavadskyi\kolektorsdd2-ksdd2\versions\1\train\12287.png,train\12287.png,12287.png,1,defective,gt_mask_defect(max_val=255),train
C:\Users\al774\.cache\kagglehub\datasets\vadimzavadskyi\kolektorsdd2-ksdd2\versions\1\train\12288.png,train\12288.png,12288.png,1,defective,gt_mask_defect(max_val=255),train
C:\Users\al774\.cache\kagglehub\datasets\vadimzavadskyi\kolektorsdd2-ksdd2\versions\1\train\12289.png,train\12289.png,12289.png,0,normal,gt_mask_empty,train
C:\Users\al774\.cache\kagglehub\datasets\vadimzavadskyi\kolektorsdd2-ksdd2\versions\1\train\12290.png,train\12290.png,12290.png,0,normal,gt_mask_empty,test
C:\Users\al774\.cache\kagglehub\datasets\vadimzavadskyi\kolektorsdd2-ksdd2\versions\1\train\12291.png,train\12291.png,12291.png,0,normal,gt_mask_empty,train
C:\Users\al774\.cache\kagglehub\datasets\vadimzavadskyi\kolektorsdd2-ksdd2\versions\1\train\12292.png,train\12292.png,12292.png,0,normal,gt_mask_empty,train
C:\Users\al774\.cache\kagglehub\datasets\vadimzavadskyi\kolektorsdd2-ksdd2\versions\1\train\12293.png,train\12293.png,12293.png,0,normal,gt_mask_empty,train
C:\Users\al774\.cache\kagglehub\datasets\vadimzavadskyi\kolektorsdd2-ksdd2\versions\1\train\12294.png,train\12294.png,12294.png,0,normal,gt_mask_empty,train
C:\Users\al774\.cache\kagglehub\datasets\vadimzavadskyi\kolektorsdd2-ksdd2\versions\1\train\12295.png,train\12295.png,12295.png,0,normal,gt_mask_empty,train
C:\Users\al774\.cache\kagglehub\datasets\vadimzavadskyi\kolektorsdd2-ksdd2\versions\1\train\12296.png,train\12296.png,12296.png,0,normal,gt_mask_empty,train
C:\Users\al774\.cache\kagglehub\datasets\vadimzavadskyi\kolektorsdd2-ksdd2\versions\1\train\12297.png,train\12297.png,12297.png,0,normal,gt_mask_empty,train
C:\Users\al774\.cache\kagglehub\datasets\vadimzavadskyi\kolektorsdd2-ksdd2\versions\1\train\12298.png,train\12298.png,12298.png,0,normal,gt_mask_empty,train
C:\Users\al774\.cache\kagglehub\datasets\vadimzavadskyi\kolektorsdd2-ksdd2\versions\1\train\12299.png,train\12299.png,12299.png,0,normal,gt_mask_empty,train
C:\Users\al774\.cache\kagglehub\datasets\vadimzavadskyi\kolektorsdd2-ksdd2\versions\1\train\12300.png,train\12300.png,12300.png,0,normal,gt_mask_empty,val
C:\Users\al774\.cache\kagglehub\datasets\vadimzavadskyi\kolektorsdd2-ksdd2\versions\1\train\12301.png,train\12301.png,12301.png,1,defective,gt_mask_defect(max_val=255),train
C:\Users\al774\.cache\kagglehub\datasets\vadimzavadskyi\kolektorsdd2-ksdd2\versions\1\train\12302.png,train\12302.png,12302.png,0,normal,gt_mask_empty,train
C:\Users\al774\.cache\kagglehub\datasets\vadimzavadskyi\kolektorsdd2-ksdd2\versions\1\train\12303.png,train\12303.png,12303.png,1,defective,gt_mask_defect(max_val=255),train
C:\Users\al774\.cache\kagglehub\datasets\vadimzavadskyi\kolektorsdd2-ksdd2\versions\1\train\12304.png,train\12304.png,12304.png,0,normal,gt_mask_empty,val
C:\Users\al774\.cache\kagglehub\datasets\vadimzavadskyi\kolektorsdd2-ksdd2\versions\1\train\12305.png,train\12305.png,12305.png,0,normal,gt_mask_empty,test
C:\Users\al774\.cache\kagglehub\datasets\vadimzavadskyi\kolektorsdd2-ksdd2\versions\1\train\12306.png,train\12306.png,12306.png,0,normal,gt_mask_empty,train
C:\Users\al774\.cache\kagglehub\datasets\vadimzavadskyi\kolektorsdd2-ksdd2\versions\1\train\12307.png,train\12307.png,12307.png,0,normal,gt_mask_empty,train
C:\Users\al774\.cache\kagglehub\datasets\vadimzavadskyi\kolektorsdd2-ksdd2\versions\1\train\12308.png,train\12308.png,12308.png,0,normal,gt_mask_empty,val
C:\Users\al774\.cache\kagglehub\datasets\vadimzavadskyi\kolektorsdd2-ksdd2\versions\1\train\12309.png,train\12309.png,12309.png,0,normal,gt_mask_empty,train
C:\Users\al774\.cache\kagglehub\datasets\vadimzavadskyi\kolektorsdd2-ksdd2\versions\1\train\12310.png,train\12310.png,12310.png,0,normal,gt_mask_empty,train
C:\Users\al774\.cache\kagglehub\datasets\vadimzavadskyi\kolektorsdd2-ksdd2\versions\1\train\12311.png,train\12311.png,12311.png,0,normal,gt_mask_empty,train
C:\Users\al774\.cache\kagglehub\datasets\vadimzavadskyi\kolektorsdd2-ksdd2\versions\1\train\12312.png,train\12312.png,12312.png,0,normal,gt_mask_empty,train
C:\Users\al774\.cache\kagglehub\datasets\vadimzavadskyi\kolektorsdd2-ksdd2\versions\1\train\12313.png,train\12313.png,12313.png,0,normal,gt_mask_empty,train
C:\Users\al774\.cache\kagglehub\datasets\vadimzavadskyi\kolektorsdd2-ksdd2\versions\1\train\12314.png,train\12314.png,12314.png,1,defective,gt_mask_defect(max_val=255),train
C:\Users\al774\.cache\kagglehub\datasets\vadimzavadskyi\kolektorsdd2-ksdd2\versions\1\train\12315.png,train\12315.png,12315.png,1,defective,gt_mask_defect(max_val=255),test
C:\Users\al774\.cache\kagglehub\datasets\vadimzavadskyi\kolektorsdd2-ksdd2\versions\1\train\12316.png,train\12316.png,12316.png,0,normal,gt_mask_empty,train
C:\Users\al774\.cache\kagglehub\datasets\vadimzavadskyi\kolektorsdd2-ksdd2\versions\1\train\12317.png,train\12317.png,12317.png,1,defective,gt_mask_defect(max_val=255),train
C:\Users\al774\.cache\kagglehub\datasets\vadimzavadskyi\kolektorsdd2-ksdd2\versions\1\train\12318.png,train\12318.png,12318.png,0,normal,gt_mask_empty,train
C:\Users\al774\.cache\kagglehub\datasets\vadimzavadskyi\kolektorsdd2-ksdd2\versions\1\train\12319.png,train\12319.png,12319.png,0,normal,gt_mask_empty,train
C:\Users\al774\.cache\kagglehub\datasets\vadimzavadskyi\kolektorsdd2-ksdd2\versions\1\train\12320.png,train\12320.png,12320.png,0,normal,gt_mask_empty,train
C:\Users\al774\.cache\kagglehub\datasets\vadimzavadskyi\kolektorsdd2-ksdd2\versions\1\train\12321.png,train\12321.png,12321.png,0,normal,gt_mask_empty,train
C:\Users\al774\.cache\kagglehub\datasets\vadimzavadskyi\kolektorsdd2-ksdd2\versions\1\train\12322.png,train\12322.png,12322.png,0,normal,gt_mask_empty,train
C:\Users\al774\.cache\kagglehub\datasets\vadimzavadskyi\kolektorsdd2-ksdd2\versions\1\train\12323.png,train\12323.png,12323.png,0,normal,gt_mask_empty,val
C:\Users\al774\.cache\kagglehub\datasets\vadimzavadskyi\kolektorsdd2-ksdd2\versions\1\train\12324.png,train\12324.png,12324.png,0,normal,gt_mask_empty,train
C:\Users\al774\.cache\kagglehub\datasets\vadimzavadskyi\kolektorsdd2-ksdd2\versions\1\train\12325.png,train\12325.png,12325.png,0,normal,gt_mask_empty,train
C:\Users\al774\.cache\kagglehub\datasets\vadimzavadskyi\kolektorsdd2-ksdd2\versions\1\train\12326.png,train\12326.png,12326.png,0,normal,gt_mask_empty,train
C:\Users\al774\.cache\kagglehub\datasets\vadimzavadskyi\kolektorsdd2-ksdd2\versions\1\train\12327.png,train\12327.png,12327.png,0,normal,gt_mask_empty,train
C:\Users\al774\.cache\kagglehub\datasets\vadimzavadskyi\kolektorsdd2-ksdd2\versions\1\train\12328.png,train\12328.png,12328.png,0,normal,gt_mask_empty,train
C:\Users\al774\.cache\kagglehub\datasets\vadimzavadskyi\kolektorsdd2-ksdd2\versions\1\train\12329.png,train\12329.png,12329.png,0,normal,gt_mask_empty,train
C:\Users\al774\.cache\kagglehub\datasets\vadimzavadskyi\kolektorsdd2-ksdd2\versions\1\train\12330.png,train\12330.png,12330.png,0,normal,gt_mask_empty,train
